Feature_ID	Term_ID	Term_name
C00022	mmu00010	Glycolysis / Gluconeogenesis
C00024	mmu00010	Glycolysis / Gluconeogenesis
C00031	mmu00010	Glycolysis / Gluconeogenesis
C00033	mmu00010	Glycolysis / Gluconeogenesis
C00036	mmu00010	Glycolysis / Gluconeogenesis
C00068	mmu00010	Glycolysis / Gluconeogenesis
C00074	mmu00010	Glycolysis / Gluconeogenesis
C00084	mmu00010	Glycolysis / Gluconeogenesis
C00085	mmu00010	Glycolysis / Gluconeogenesis
C00103	mmu00010	Glycolysis / Gluconeogenesis
C00111	mmu00010	Glycolysis / Gluconeogenesis
C00118	mmu00010	Glycolysis / Gluconeogenesis
C00186	mmu00010	Glycolysis / Gluconeogenesis
C00197	mmu00010	Glycolysis / Gluconeogenesis
C00221	mmu00010	Glycolysis / Gluconeogenesis
C00236	mmu00010	Glycolysis / Gluconeogenesis
C00267	mmu00010	Glycolysis / Gluconeogenesis
C00354	mmu00010	Glycolysis / Gluconeogenesis
C00469	mmu00010	Glycolysis / Gluconeogenesis
C00631	mmu00010	Glycolysis / Gluconeogenesis
C00668	mmu00010	Glycolysis / Gluconeogenesis
C01159	mmu00010	Glycolysis / Gluconeogenesis
C01172	mmu00010	Glycolysis / Gluconeogenesis
C01451	mmu00010	Glycolysis / Gluconeogenesis
C05125	mmu00010	Glycolysis / Gluconeogenesis
C06186	mmu00010	Glycolysis / Gluconeogenesis
C06187	mmu00010	Glycolysis / Gluconeogenesis
C06188	mmu00010	Glycolysis / Gluconeogenesis
C15972	mmu00010	Glycolysis / Gluconeogenesis
C15973	mmu00010	Glycolysis / Gluconeogenesis
C16255	mmu00010	Glycolysis / Gluconeogenesis
C00022	mmu00020	Citrate cycle (TCA cycle)
C00024	mmu00020	Citrate cycle (TCA cycle)
C00026	mmu00020	Citrate cycle (TCA cycle)
C00036	mmu00020	Citrate cycle (TCA cycle)
C00042	mmu00020	Citrate cycle (TCA cycle)
C00068	mmu00020	Citrate cycle (TCA cycle)
C00074	mmu00020	Citrate cycle (TCA cycle)
C00091	mmu00020	Citrate cycle (TCA cycle)
C00122	mmu00020	Citrate cycle (TCA cycle)
C00149	mmu00020	Citrate cycle (TCA cycle)
C00158	mmu00020	Citrate cycle (TCA cycle)
C00311	mmu00020	Citrate cycle (TCA cycle)
C00417	mmu00020	Citrate cycle (TCA cycle)
C05125	mmu00020	Citrate cycle (TCA cycle)
C05379	mmu00020	Citrate cycle (TCA cycle)
C05381	mmu00020	Citrate cycle (TCA cycle)
C15972	mmu00020	Citrate cycle (TCA cycle)
C15973	mmu00020	Citrate cycle (TCA cycle)
C16254	mmu00020	Citrate cycle (TCA cycle)
C16255	mmu00020	Citrate cycle (TCA cycle)
C00022	mmu00030	Pentose phosphate pathway
C00031	mmu00030	Pentose phosphate pathway
C00085	mmu00030	Pentose phosphate pathway
C00117	mmu00030	Pentose phosphate pathway
C00118	mmu00030	Pentose phosphate pathway
C00119	mmu00030	Pentose phosphate pathway
C00121	mmu00030	Pentose phosphate pathway
C00197	mmu00030	Pentose phosphate pathway
C00198	mmu00030	Pentose phosphate pathway
C00199	mmu00030	Pentose phosphate pathway
C00204	mmu00030	Pentose phosphate pathway
C00221	mmu00030	Pentose phosphate pathway
C00231	mmu00030	Pentose phosphate pathway
C00257	mmu00030	Pentose phosphate pathway
C00258	mmu00030	Pentose phosphate pathway
C00279	mmu00030	Pentose phosphate pathway
C00345	mmu00030	Pentose phosphate pathway
C00354	mmu00030	Pentose phosphate pathway
C00577	mmu00030	Pentose phosphate pathway
C00620	mmu00030	Pentose phosphate pathway
C00631	mmu00030	Pentose phosphate pathway
C00668	mmu00030	Pentose phosphate pathway
C00672	mmu00030	Pentose phosphate pathway
C00673	mmu00030	Pentose phosphate pathway
C01151	mmu00030	Pentose phosphate pathway
C01172	mmu00030	Pentose phosphate pathway
C01182	mmu00030	Pentose phosphate pathway
C01218	mmu00030	Pentose phosphate pathway
C01236	mmu00030	Pentose phosphate pathway
C01801	mmu00030	Pentose phosphate pathway
C02076	mmu00030	Pentose phosphate pathway
C03752	mmu00030	Pentose phosphate pathway
C04442	mmu00030	Pentose phosphate pathway
C05382	mmu00030	Pentose phosphate pathway
C06019	mmu00030	Pentose phosphate pathway
C06473	mmu00030	Pentose phosphate pathway
C20589	mmu00030	Pentose phosphate pathway
C00022	mmu00040	Pentose and glucuronate interconversions
C00026	mmu00040	Pentose and glucuronate interconversions
C00029	mmu00040	Pentose and glucuronate interconversions
C00103	mmu00040	Pentose and glucuronate interconversions
C00111	mmu00040	Pentose and glucuronate interconversions
C00116	mmu00040	Pentose and glucuronate interconversions
C00167	mmu00040	Pentose and glucuronate interconversions
C00181	mmu00040	Pentose and glucuronate interconversions
C00191	mmu00040	Pentose and glucuronate interconversions
C00199	mmu00040	Pentose and glucuronate interconversions
C00204	mmu00040	Pentose and glucuronate interconversions
C00216	mmu00040	Pentose and glucuronate interconversions
C00231	mmu00040	Pentose and glucuronate interconversions
C00259	mmu00040	Pentose and glucuronate interconversions
C00266	mmu00040	Pentose and glucuronate interconversions
C00309	mmu00040	Pentose and glucuronate interconversions
C00310	mmu00040	Pentose and glucuronate interconversions
C00312	mmu00040	Pentose and glucuronate interconversions
C00333	mmu00040	Pentose and glucuronate interconversions
C00379	mmu00040	Pentose and glucuronate interconversions
C00433	mmu00040	Pentose and glucuronate interconversions
C00470	mmu00040	Pentose and glucuronate interconversions
C00474	mmu00040	Pentose and glucuronate interconversions
C00476	mmu00040	Pentose and glucuronate interconversions
C00502	mmu00040	Pentose and glucuronate interconversions
C00508	mmu00040	Pentose and glucuronate interconversions
C00514	mmu00040	Pentose and glucuronate interconversions
C00532	mmu00040	Pentose and glucuronate interconversions
C00558	mmu00040	Pentose and glucuronate interconversions
C00618	mmu00040	Pentose and glucuronate interconversions
C00714	mmu00040	Pentose and glucuronate interconversions
C00789	mmu00040	Pentose and glucuronate interconversions
C00800	mmu00040	Pentose and glucuronate interconversions
C00817	mmu00040	Pentose and glucuronate interconversions
C00905	mmu00040	Pentose and glucuronate interconversions
C01068	mmu00040	Pentose and glucuronate interconversions
C01101	mmu00040	Pentose and glucuronate interconversions
C01508	mmu00040	Pentose and glucuronate interconversions
C01904	mmu00040	Pentose and glucuronate interconversions
C02266	mmu00040	Pentose and glucuronate interconversions
C02273	mmu00040	Pentose and glucuronate interconversions
C02426	mmu00040	Pentose and glucuronate interconversions
C02753	mmu00040	Pentose and glucuronate interconversions
C03033	mmu00040	Pentose and glucuronate interconversions
C03291	mmu00040	Pentose and glucuronate interconversions
C03826	mmu00040	Pentose and glucuronate interconversions
C04053	mmu00040	Pentose and glucuronate interconversions
C04349	mmu00040	Pentose and glucuronate interconversions
C04575	mmu00040	Pentose and glucuronate interconversions
C05385	mmu00040	Pentose and glucuronate interconversions
C05411	mmu00040	Pentose and glucuronate interconversions
C05412	mmu00040	Pentose and glucuronate interconversions
C06118	mmu00040	Pentose and glucuronate interconversions
C06441	mmu00040	Pentose and glucuronate interconversions
C14899	mmu00040	Pentose and glucuronate interconversions
C15930	mmu00040	Pentose and glucuronate interconversions
C20680	mmu00040	Pentose and glucuronate interconversions
C20902	mmu00040	Pentose and glucuronate interconversions
C20903	mmu00040	Pentose and glucuronate interconversions
C22337	mmu00040	Pentose and glucuronate interconversions
C22712	mmu00040	Pentose and glucuronate interconversions
C00085	mmu00051	Fructose and mannose metabolism
C00095	mmu00051	Fructose and mannose metabolism
C00096	mmu00051	Fructose and mannose metabolism
C00111	mmu00051	Fructose and mannose metabolism
C00118	mmu00051	Fructose and mannose metabolism
C00159	mmu00051	Fructose and mannose metabolism
C00186	mmu00051	Fructose and mannose metabolism
C00247	mmu00051	Fructose and mannose metabolism
C00267	mmu00051	Fructose and mannose metabolism
C00275	mmu00051	Fructose and mannose metabolism
C00325	mmu00051	Fructose and mannose metabolism
C00354	mmu00051	Fructose and mannose metabolism
C00392	mmu00051	Fructose and mannose metabolism
C00424	mmu00051	Fructose and mannose metabolism
C00464	mmu00051	Fructose and mannose metabolism
C00507	mmu00051	Fructose and mannose metabolism
C00577	mmu00051	Fructose and mannose metabolism
C00636	mmu00051	Fructose and mannose metabolism
C00644	mmu00051	Fructose and mannose metabolism
C00665	mmu00051	Fructose and mannose metabolism
C00794	mmu00051	Fructose and mannose metabolism
C00861	mmu00051	Fructose and mannose metabolism
C00976	mmu00051	Fructose and mannose metabolism
C01019	mmu00051	Fructose and mannose metabolism
C01094	mmu00051	Fructose and mannose metabolism
C01096	mmu00051	Fructose and mannose metabolism
C01099	mmu00051	Fructose and mannose metabolism
C01131	mmu00051	Fructose and mannose metabolism
C01222	mmu00051	Fructose and mannose metabolism
C01355	mmu00051	Fructose and mannose metabolism
C01487	mmu00051	Fructose and mannose metabolism
C01720	mmu00051	Fructose and mannose metabolism
C01721	mmu00051	Fructose and mannose metabolism
C01768	mmu00051	Fructose and mannose metabolism
C01934	mmu00051	Fructose and mannose metabolism
C02431	mmu00051	Fructose and mannose metabolism
C02492	mmu00051	Fructose and mannose metabolism
C02888	mmu00051	Fructose and mannose metabolism
C02962	mmu00051	Fructose and mannose metabolism
C02977	mmu00051	Fructose and mannose metabolism
C02985	mmu00051	Fructose and mannose metabolism
C02991	mmu00051	Fructose and mannose metabolism
C03117	mmu00051	Fructose and mannose metabolism
C03267	mmu00051	Fructose and mannose metabolism
C03827	mmu00051	Fructose and mannose metabolism
C03979	mmu00051	Fructose and mannose metabolism
C05144	mmu00051	Fructose and mannose metabolism
C05392	mmu00051	Fructose and mannose metabolism
C06192	mmu00051	Fructose and mannose metabolism
C11516	mmu00051	Fructose and mannose metabolism
C11544	mmu00051	Fructose and mannose metabolism
C18028	mmu00051	Fructose and mannose metabolism
C18096	mmu00051	Fructose and mannose metabolism
C20781	mmu00051	Fructose and mannose metabolism
C20835	mmu00051	Fructose and mannose metabolism
C20836	mmu00051	Fructose and mannose metabolism
C00029	mmu00052	Galactose metabolism
C00031	mmu00052	Galactose metabolism
C00052	mmu00052	Galactose metabolism
C00085	mmu00052	Galactose metabolism
C00089	mmu00052	Galactose metabolism
C00095	mmu00052	Galactose metabolism
C00103	mmu00052	Galactose metabolism
C00111	mmu00052	Galactose metabolism
C00116	mmu00052	Galactose metabolism
C00118	mmu00052	Galactose metabolism
C00124	mmu00052	Galactose metabolism
C00137	mmu00052	Galactose metabolism
C00159	mmu00052	Galactose metabolism
C00243	mmu00052	Galactose metabolism
C00267	mmu00052	Galactose metabolism
C00446	mmu00052	Galactose metabolism
C00492	mmu00052	Galactose metabolism
C00577	mmu00052	Galactose metabolism
C00668	mmu00052	Galactose metabolism
C00794	mmu00052	Galactose metabolism
C00795	mmu00052	Galactose metabolism
C00880	mmu00052	Galactose metabolism
C00984	mmu00052	Galactose metabolism
C01097	mmu00052	Galactose metabolism
C01113	mmu00052	Galactose metabolism
C01132	mmu00052	Galactose metabolism
C01216	mmu00052	Galactose metabolism
C01235	mmu00052	Galactose metabolism
C01286	mmu00052	Galactose metabolism
C01613	mmu00052	Galactose metabolism
C01697	mmu00052	Galactose metabolism
C02262	mmu00052	Galactose metabolism
C02669	mmu00052	Galactose metabolism
C03383	mmu00052	Galactose metabolism
C03733	mmu00052	Galactose metabolism
C03785	mmu00052	Galactose metabolism
C05396	mmu00052	Galactose metabolism
C05399	mmu00052	Galactose metabolism
C05400	mmu00052	Galactose metabolism
C05401	mmu00052	Galactose metabolism
C05402	mmu00052	Galactose metabolism
C05404	mmu00052	Galactose metabolism
C05796	mmu00052	Galactose metabolism
C06311	mmu00052	Galactose metabolism
C06376	mmu00052	Galactose metabolism
C06377	mmu00052	Galactose metabolism
C00022	mmu00053	Ascorbate and aldarate metabolism
C00026	mmu00053	Ascorbate and aldarate metabolism
C00029	mmu00053	Ascorbate and aldarate metabolism
C00072	mmu00053	Ascorbate and aldarate metabolism
C00096	mmu00053	Ascorbate and aldarate metabolism
C00137	mmu00053	Ascorbate and aldarate metabolism
C00167	mmu00053	Ascorbate and aldarate metabolism
C00191	mmu00053	Ascorbate and aldarate metabolism
C00216	mmu00053	Ascorbate and aldarate metabolism
C00231	mmu00053	Ascorbate and aldarate metabolism
C00259	mmu00053	Ascorbate and aldarate metabolism
C00333	mmu00053	Ascorbate and aldarate metabolism
C00433	mmu00053	Ascorbate and aldarate metabolism
C00545	mmu00053	Ascorbate and aldarate metabolism
C00558	mmu00053	Ascorbate and aldarate metabolism
C00617	mmu00053	Ascorbate and aldarate metabolism
C00618	mmu00053	Ascorbate and aldarate metabolism
C00652	mmu00053	Ascorbate and aldarate metabolism
C00679	mmu00053	Ascorbate and aldarate metabolism
C00684	mmu00053	Ascorbate and aldarate metabolism
C00800	mmu00053	Ascorbate and aldarate metabolism
C00818	mmu00053	Ascorbate and aldarate metabolism
C00878	mmu00053	Ascorbate and aldarate metabolism
C00879	mmu00053	Ascorbate and aldarate metabolism
C01040	mmu00053	Ascorbate and aldarate metabolism
C01041	mmu00053	Ascorbate and aldarate metabolism
C01101	mmu00053	Ascorbate and aldarate metabolism
C01114	mmu00053	Ascorbate and aldarate metabolism
C01115	mmu00053	Ascorbate and aldarate metabolism
C01146	mmu00053	Ascorbate and aldarate metabolism
C01620	mmu00053	Ascorbate and aldarate metabolism
C01825	mmu00053	Ascorbate and aldarate metabolism
C02280	mmu00053	Ascorbate and aldarate metabolism
C02670	mmu00053	Ascorbate and aldarate metabolism
C03033	mmu00053	Ascorbate and aldarate metabolism
C03064	mmu00053	Ascorbate and aldarate metabolism
C03289	mmu00053	Ascorbate and aldarate metabolism
C03291	mmu00053	Ascorbate and aldarate metabolism
C03826	mmu00053	Ascorbate and aldarate metabolism
C03921	mmu00053	Ascorbate and aldarate metabolism
C04037	mmu00053	Ascorbate and aldarate metabolism
C04575	mmu00053	Ascorbate and aldarate metabolism
C05385	mmu00053	Ascorbate and aldarate metabolism
C05411	mmu00053	Ascorbate and aldarate metabolism
C05412	mmu00053	Ascorbate and aldarate metabolism
C05422	mmu00053	Ascorbate and aldarate metabolism
C06316	mmu00053	Ascorbate and aldarate metabolism
C14899	mmu00053	Ascorbate and aldarate metabolism
C15923	mmu00053	Ascorbate and aldarate metabolism
C15924	mmu00053	Ascorbate and aldarate metabolism
C15925	mmu00053	Ascorbate and aldarate metabolism
C15926	mmu00053	Ascorbate and aldarate metabolism
C15930	mmu00053	Ascorbate and aldarate metabolism
C16186	mmu00053	Ascorbate and aldarate metabolism
C20889	mmu00053	Ascorbate and aldarate metabolism
C20896	mmu00053	Ascorbate and aldarate metabolism
C21955	mmu00053	Ascorbate and aldarate metabolism
C00024	mmu00061	Fatty acid biosynthesis
C00083	mmu00061	Fatty acid biosynthesis
C00154	mmu00061	Fatty acid biosynthesis
C00173	mmu00061	Fatty acid biosynthesis
C00229	mmu00061	Fatty acid biosynthesis
C00249	mmu00061	Fatty acid biosynthesis
C00383	mmu00061	Fatty acid biosynthesis
C00638	mmu00061	Fatty acid biosynthesis
C00685	mmu00061	Fatty acid biosynthesis
C00693	mmu00061	Fatty acid biosynthesis
C00712	mmu00061	Fatty acid biosynthesis
C01203	mmu00061	Fatty acid biosynthesis
C01209	mmu00061	Fatty acid biosynthesis
C01271	mmu00061	Fatty acid biosynthesis
C01530	mmu00061	Fatty acid biosynthesis
C01571	mmu00061	Fatty acid biosynthesis
C02679	mmu00061	Fatty acid biosynthesis
C02843	mmu00061	Fatty acid biosynthesis
C03939	mmu00061	Fatty acid biosynthesis
C04088	mmu00061	Fatty acid biosynthesis
C04180	mmu00061	Fatty acid biosynthesis
C04246	mmu00061	Fatty acid biosynthesis
C04618	mmu00061	Fatty acid biosynthesis
C04619	mmu00061	Fatty acid biosynthesis
C04620	mmu00061	Fatty acid biosynthesis
C04633	mmu00061	Fatty acid biosynthesis
C04688	mmu00061	Fatty acid biosynthesis
C05223	mmu00061	Fatty acid biosynthesis
C05744	mmu00061	Fatty acid biosynthesis
C05745	mmu00061	Fatty acid biosynthesis
C05746	mmu00061	Fatty acid biosynthesis
C05747	mmu00061	Fatty acid biosynthesis
C05748	mmu00061	Fatty acid biosynthesis
C05749	mmu00061	Fatty acid biosynthesis
C05750	mmu00061	Fatty acid biosynthesis
C05751	mmu00061	Fatty acid biosynthesis
C05752	mmu00061	Fatty acid biosynthesis
C05753	mmu00061	Fatty acid biosynthesis
C05754	mmu00061	Fatty acid biosynthesis
C05755	mmu00061	Fatty acid biosynthesis
C05756	mmu00061	Fatty acid biosynthesis
C05757	mmu00061	Fatty acid biosynthesis
C05758	mmu00061	Fatty acid biosynthesis
C05759	mmu00061	Fatty acid biosynthesis
C05760	mmu00061	Fatty acid biosynthesis
C05761	mmu00061	Fatty acid biosynthesis
C05762	mmu00061	Fatty acid biosynthesis
C05763	mmu00061	Fatty acid biosynthesis
C05764	mmu00061	Fatty acid biosynthesis
C06423	mmu00061	Fatty acid biosynthesis
C06424	mmu00061	Fatty acid biosynthesis
C08362	mmu00061	Fatty acid biosynthesis
C16219	mmu00061	Fatty acid biosynthesis
C16220	mmu00061	Fatty acid biosynthesis
C16221	mmu00061	Fatty acid biosynthesis
C16520	mmu00061	Fatty acid biosynthesis
C20683	mmu00061	Fatty acid biosynthesis
C20794	mmu00061	Fatty acid biosynthesis
C00024	mmu00062	Fatty acid elongation
C00040	mmu00062	Fatty acid elongation
C00083	mmu00062	Fatty acid elongation
C00136	mmu00062	Fatty acid elongation
C00154	mmu00062	Fatty acid elongation
C00162	mmu00062	Fatty acid elongation
C00249	mmu00062	Fatty acid elongation
C00264	mmu00062	Fatty acid elongation
C00605	mmu00062	Fatty acid elongation
C00638	mmu00062	Fatty acid elongation
C00640	mmu00062	Fatty acid elongation
C00658	mmu00062	Fatty acid elongation
C01832	mmu00062	Fatty acid elongation
C01944	mmu00062	Fatty acid elongation
C02593	mmu00062	Fatty acid elongation
C02843	mmu00062	Fatty acid elongation
C03221	mmu00062	Fatty acid elongation
C05258	mmu00062	Fatty acid elongation
C05259	mmu00062	Fatty acid elongation
C05260	mmu00062	Fatty acid elongation
C05261	mmu00062	Fatty acid elongation
C05262	mmu00062	Fatty acid elongation
C05263	mmu00062	Fatty acid elongation
C05264	mmu00062	Fatty acid elongation
C05265	mmu00062	Fatty acid elongation
C05266	mmu00062	Fatty acid elongation
C05267	mmu00062	Fatty acid elongation
C05268	mmu00062	Fatty acid elongation
C05269	mmu00062	Fatty acid elongation
C05270	mmu00062	Fatty acid elongation
C05271	mmu00062	Fatty acid elongation
C05272	mmu00062	Fatty acid elongation
C05273	mmu00062	Fatty acid elongation
C05274	mmu00062	Fatty acid elongation
C05275	mmu00062	Fatty acid elongation
C05276	mmu00062	Fatty acid elongation
C20876	mmu00062	Fatty acid elongation
C20877	mmu00062	Fatty acid elongation
C20878	mmu00062	Fatty acid elongation
C20879	mmu00062	Fatty acid elongation
C00010	mmu00071	Fatty acid degradation
C00024	mmu00071	Fatty acid degradation
C00071	mmu00071	Fatty acid degradation
C00136	mmu00071	Fatty acid degradation
C00154	mmu00071	Fatty acid degradation
C00162	mmu00071	Fatty acid degradation
C00226	mmu00071	Fatty acid degradation
C00229	mmu00071	Fatty acid degradation
C00249	mmu00071	Fatty acid degradation
C00332	mmu00071	Fatty acid degradation
C00340	mmu00071	Fatty acid degradation
C00435	mmu00071	Fatty acid degradation
C00489	mmu00071	Fatty acid degradation
C00517	mmu00071	Fatty acid degradation
C00527	mmu00071	Fatty acid degradation
C00638	mmu00071	Fatty acid degradation
C00823	mmu00071	Fatty acid degradation
C00877	mmu00071	Fatty acid degradation
C01144	mmu00071	Fatty acid degradation
C01371	mmu00071	Fatty acid degradation
C01832	mmu00071	Fatty acid degradation
C01944	mmu00071	Fatty acid degradation
C02593	mmu00071	Fatty acid degradation
C02990	mmu00071	Fatty acid degradation
C03221	mmu00071	Fatty acid degradation
C03547	mmu00071	Fatty acid degradation
C03561	mmu00071	Fatty acid degradation
C05102	mmu00071	Fatty acid degradation
C05258	mmu00071	Fatty acid degradation
C05259	mmu00071	Fatty acid degradation
C05260	mmu00071	Fatty acid degradation
C05261	mmu00071	Fatty acid degradation
C05262	mmu00071	Fatty acid degradation
C05263	mmu00071	Fatty acid degradation
C05264	mmu00071	Fatty acid degradation
C05265	mmu00071	Fatty acid degradation
C05266	mmu00071	Fatty acid degradation
C05267	mmu00071	Fatty acid degradation
C05268	mmu00071	Fatty acid degradation
C05269	mmu00071	Fatty acid degradation
C05270	mmu00071	Fatty acid degradation
C05271	mmu00071	Fatty acid degradation
C05272	mmu00071	Fatty acid degradation
C05273	mmu00071	Fatty acid degradation
C05274	mmu00071	Fatty acid degradation
C05275	mmu00071	Fatty acid degradation
C05276	mmu00071	Fatty acid degradation
C05279	mmu00071	Fatty acid degradation
C05280	mmu00071	Fatty acid degradation
C20683	mmu00071	Fatty acid degradation
C00187	mmu00100	Steroid biosynthesis
C00448	mmu00100	Steroid biosynthesis
C00751	mmu00100	Steroid biosynthesis
C01054	mmu00100	Steroid biosynthesis
C01164	mmu00100	Steroid biosynthesis
C01189	mmu00100	Steroid biosynthesis
C01561	mmu00100	Steroid biosynthesis
C01673	mmu00100	Steroid biosynthesis
C01694	mmu00100	Steroid biosynthesis
C01724	mmu00100	Steroid biosynthesis
C01753	mmu00100	Steroid biosynthesis
C01789	mmu00100	Steroid biosynthesis
C01802	mmu00100	Steroid biosynthesis
C01902	mmu00100	Steroid biosynthesis
C01943	mmu00100	Steroid biosynthesis
C02141	mmu00100	Steroid biosynthesis
C02530	mmu00100	Steroid biosynthesis
C03428	mmu00100	Steroid biosynthesis
C03845	mmu00100	Steroid biosynthesis
C04525	mmu00100	Steroid biosynthesis
C05103	mmu00100	Steroid biosynthesis
C05107	mmu00100	Steroid biosynthesis
C05108	mmu00100	Steroid biosynthesis
C05109	mmu00100	Steroid biosynthesis
C05437	mmu00100	Steroid biosynthesis
C05439	mmu00100	Steroid biosynthesis
C05440	mmu00100	Steroid biosynthesis
C05441	mmu00100	Steroid biosynthesis
C05442	mmu00100	Steroid biosynthesis
C05443	mmu00100	Steroid biosynthesis
C07712	mmu00100	Steroid biosynthesis
C08813	mmu00100	Steroid biosynthesis
C08821	mmu00100	Steroid biosynthesis
C08830	mmu00100	Steroid biosynthesis
C11455	mmu00100	Steroid biosynthesis
C11508	mmu00100	Steroid biosynthesis
C11522	mmu00100	Steroid biosynthesis
C11523	mmu00100	Steroid biosynthesis
C15776	mmu00100	Steroid biosynthesis
C15777	mmu00100	Steroid biosynthesis
C15780	mmu00100	Steroid biosynthesis
C15781	mmu00100	Steroid biosynthesis
C15782	mmu00100	Steroid biosynthesis
C15783	mmu00100	Steroid biosynthesis
C15808	mmu00100	Steroid biosynthesis
C15816	mmu00100	Steroid biosynthesis
C15915	mmu00100	Steroid biosynthesis
C18231	mmu00100	Steroid biosynthesis
C21106	mmu00100	Steroid biosynthesis
C22112	mmu00100	Steroid biosynthesis
C22116	mmu00100	Steroid biosynthesis
C22119	mmu00100	Steroid biosynthesis
C22120	mmu00100	Steroid biosynthesis
C22121	mmu00100	Steroid biosynthesis
C22122	mmu00100	Steroid biosynthesis
C22123	mmu00100	Steroid biosynthesis
C22136	mmu00100	Steroid biosynthesis
C00037	mmu00120	Primary bile acid biosynthesis
C00187	mmu00120	Primary bile acid biosynthesis
C00245	mmu00120	Primary bile acid biosynthesis
C00695	mmu00120	Primary bile acid biosynthesis
C01301	mmu00120	Primary bile acid biosynthesis
C01794	mmu00120	Primary bile acid biosynthesis
C01921	mmu00120	Primary bile acid biosynthesis
C02528	mmu00120	Primary bile acid biosynthesis
C03594	mmu00120	Primary bile acid biosynthesis
C04554	mmu00120	Primary bile acid biosynthesis
C04722	mmu00120	Primary bile acid biosynthesis
C05122	mmu00120	Primary bile acid biosynthesis
C05337	mmu00120	Primary bile acid biosynthesis
C05444	mmu00120	Primary bile acid biosynthesis
C05445	mmu00120	Primary bile acid biosynthesis
C05446	mmu00120	Primary bile acid biosynthesis
C05447	mmu00120	Primary bile acid biosynthesis
C05448	mmu00120	Primary bile acid biosynthesis
C05449	mmu00120	Primary bile acid biosynthesis
C05451	mmu00120	Primary bile acid biosynthesis
C05452	mmu00120	Primary bile acid biosynthesis
C05453	mmu00120	Primary bile acid biosynthesis
C05454	mmu00120	Primary bile acid biosynthesis
C05455	mmu00120	Primary bile acid biosynthesis
C05460	mmu00120	Primary bile acid biosynthesis
C05465	mmu00120	Primary bile acid biosynthesis
C05466	mmu00120	Primary bile acid biosynthesis
C05467	mmu00120	Primary bile acid biosynthesis
C05468	mmu00120	Primary bile acid biosynthesis
C06341	mmu00120	Primary bile acid biosynthesis
C13550	mmu00120	Primary bile acid biosynthesis
C15518	mmu00120	Primary bile acid biosynthesis
C15519	mmu00120	Primary bile acid biosynthesis
C15520	mmu00120	Primary bile acid biosynthesis
C15610	mmu00120	Primary bile acid biosynthesis
C15613	mmu00120	Primary bile acid biosynthesis
C15614	mmu00120	Primary bile acid biosynthesis
C17331	mmu00120	Primary bile acid biosynthesis
C17332	mmu00120	Primary bile acid biosynthesis
C17333	mmu00120	Primary bile acid biosynthesis
C17335	mmu00120	Primary bile acid biosynthesis
C17336	mmu00120	Primary bile acid biosynthesis
C17337	mmu00120	Primary bile acid biosynthesis
C17339	mmu00120	Primary bile acid biosynthesis
C17343	mmu00120	Primary bile acid biosynthesis
C17345	mmu00120	Primary bile acid biosynthesis
C17346	mmu00120	Primary bile acid biosynthesis
C00082	mmu00130	Ubiquinone and other terpenoid-quinone biosynthesis
C00156	mmu00130	Ubiquinone and other terpenoid-quinone biosynthesis
C00223	mmu00130	Ubiquinone and other terpenoid-quinone biosynthesis
C00251	mmu00130	Ubiquinone and other terpenoid-quinone biosynthesis
C00341	mmu00130	Ubiquinone and other terpenoid-quinone biosynthesis
C00353	mmu00130	Ubiquinone and other terpenoid-quinone biosynthesis
C00390	mmu00130	Ubiquinone and other terpenoid-quinone biosynthesis
C00399	mmu00130	Ubiquinone and other terpenoid-quinone biosynthesis
C00423	mmu00130	Ubiquinone and other terpenoid-quinone biosynthesis
C00544	mmu00130	Ubiquinone and other terpenoid-quinone biosynthesis
C00811	mmu00130	Ubiquinone and other terpenoid-quinone biosynthesis
C00828	mmu00130	Ubiquinone and other terpenoid-quinone biosynthesis
C00885	mmu00130	Ubiquinone and other terpenoid-quinone biosynthesis
C01179	mmu00130	Ubiquinone and other terpenoid-quinone biosynthesis
C02059	mmu00130	Ubiquinone and other terpenoid-quinone biosynthesis
C02477	mmu00130	Ubiquinone and other terpenoid-quinone biosynthesis
C02483	mmu00130	Ubiquinone and other terpenoid-quinone biosynthesis
C02730	mmu00130	Ubiquinone and other terpenoid-quinone biosynthesis
C02949	mmu00130	Ubiquinone and other terpenoid-quinone biosynthesis
C03160	mmu00130	Ubiquinone and other terpenoid-quinone biosynthesis
C03313	mmu00130	Ubiquinone and other terpenoid-quinone biosynthesis
C03657	mmu00130	Ubiquinone and other terpenoid-quinone biosynthesis
C03964	mmu00130	Ubiquinone and other terpenoid-quinone biosynthesis
C03993	mmu00130	Ubiquinone and other terpenoid-quinone biosynthesis
C04145	mmu00130	Ubiquinone and other terpenoid-quinone biosynthesis
C05427	mmu00130	Ubiquinone and other terpenoid-quinone biosynthesis
C05807	mmu00130	Ubiquinone and other terpenoid-quinone biosynthesis
C05817	mmu00130	Ubiquinone and other terpenoid-quinone biosynthesis
C05819	mmu00130	Ubiquinone and other terpenoid-quinone biosynthesis
C05847	mmu00130	Ubiquinone and other terpenoid-quinone biosynthesis
C05848	mmu00130	Ubiquinone and other terpenoid-quinone biosynthesis
C05849	mmu00130	Ubiquinone and other terpenoid-quinone biosynthesis
C06986	mmu00130	Ubiquinone and other terpenoid-quinone biosynthesis
C10793	mmu00130	Ubiquinone and other terpenoid-quinone biosynthesis
C13309	mmu00130	Ubiquinone and other terpenoid-quinone biosynthesis
C14151	mmu00130	Ubiquinone and other terpenoid-quinone biosynthesis
C14152	mmu00130	Ubiquinone and other terpenoid-quinone biosynthesis
C14153	mmu00130	Ubiquinone and other terpenoid-quinone biosynthesis
C14154	mmu00130	Ubiquinone and other terpenoid-quinone biosynthesis
C14155	mmu00130	Ubiquinone and other terpenoid-quinone biosynthesis
C14156	mmu00130	Ubiquinone and other terpenoid-quinone biosynthesis
C15547	mmu00130	Ubiquinone and other terpenoid-quinone biosynthesis
C15882	mmu00130	Ubiquinone and other terpenoid-quinone biosynthesis
C15883	mmu00130	Ubiquinone and other terpenoid-quinone biosynthesis
C16519	mmu00130	Ubiquinone and other terpenoid-quinone biosynthesis
C16695	mmu00130	Ubiquinone and other terpenoid-quinone biosynthesis
C16999	mmu00130	Ubiquinone and other terpenoid-quinone biosynthesis
C17010	mmu00130	Ubiquinone and other terpenoid-quinone biosynthesis
C17017	mmu00130	Ubiquinone and other terpenoid-quinone biosynthesis
C17018	mmu00130	Ubiquinone and other terpenoid-quinone biosynthesis
C17412	mmu00130	Ubiquinone and other terpenoid-quinone biosynthesis
C17551	mmu00130	Ubiquinone and other terpenoid-quinone biosynthesis
C17552	mmu00130	Ubiquinone and other terpenoid-quinone biosynthesis
C17554	mmu00130	Ubiquinone and other terpenoid-quinone biosynthesis
C17559	mmu00130	Ubiquinone and other terpenoid-quinone biosynthesis
C17561	mmu00130	Ubiquinone and other terpenoid-quinone biosynthesis
C17562	mmu00130	Ubiquinone and other terpenoid-quinone biosynthesis
C17570	mmu00130	Ubiquinone and other terpenoid-quinone biosynthesis
C18131	mmu00130	Ubiquinone and other terpenoid-quinone biosynthesis
C18132	mmu00130	Ubiquinone and other terpenoid-quinone biosynthesis
C18133	mmu00130	Ubiquinone and other terpenoid-quinone biosynthesis
C18134	mmu00130	Ubiquinone and other terpenoid-quinone biosynthesis
C18135	mmu00130	Ubiquinone and other terpenoid-quinone biosynthesis
C19847	mmu00130	Ubiquinone and other terpenoid-quinone biosynthesis
C19858	mmu00130	Ubiquinone and other terpenoid-quinone biosynthesis
C19859	mmu00130	Ubiquinone and other terpenoid-quinone biosynthesis
C20265	mmu00130	Ubiquinone and other terpenoid-quinone biosynthesis
C20737	mmu00130	Ubiquinone and other terpenoid-quinone biosynthesis
C20738	mmu00130	Ubiquinone and other terpenoid-quinone biosynthesis
C20772	mmu00130	Ubiquinone and other terpenoid-quinone biosynthesis
C20773	mmu00130	Ubiquinone and other terpenoid-quinone biosynthesis
C21084	mmu00130	Ubiquinone and other terpenoid-quinone biosynthesis
C21860	mmu00130	Ubiquinone and other terpenoid-quinone biosynthesis
C22039	mmu00130	Ubiquinone and other terpenoid-quinone biosynthesis
C00187	mmu00140	Steroid hormone biosynthesis
C00280	mmu00140	Steroid hormone biosynthesis
C00410	mmu00140	Steroid hormone biosynthesis
C00468	mmu00140	Steroid hormone biosynthesis
C00523	mmu00140	Steroid hormone biosynthesis
C00535	mmu00140	Steroid hormone biosynthesis
C00674	mmu00140	Steroid hormone biosynthesis
C00735	mmu00140	Steroid hormone biosynthesis
C00762	mmu00140	Steroid hormone biosynthesis
C00951	mmu00140	Steroid hormone biosynthesis
C01124	mmu00140	Steroid hormone biosynthesis
C01176	mmu00140	Steroid hormone biosynthesis
C01227	mmu00140	Steroid hormone biosynthesis
C01780	mmu00140	Steroid hormone biosynthesis
C01953	mmu00140	Steroid hormone biosynthesis
C02140	mmu00140	Steroid hormone biosynthesis
C02373	mmu00140	Steroid hormone biosynthesis
C02537	mmu00140	Steroid hormone biosynthesis
C02538	mmu00140	Steroid hormone biosynthesis
C03205	mmu00140	Steroid hormone biosynthesis
C03681	mmu00140	Steroid hormone biosynthesis
C03772	mmu00140	Steroid hormone biosynthesis
C03852	mmu00140	Steroid hormone biosynthesis
C03917	mmu00140	Steroid hormone biosynthesis
C03935	mmu00140	Steroid hormone biosynthesis
C04042	mmu00140	Steroid hormone biosynthesis
C04295	mmu00140	Steroid hormone biosynthesis
C04373	mmu00140	Steroid hormone biosynthesis
C04518	mmu00140	Steroid hormone biosynthesis
C04555	mmu00140	Steroid hormone biosynthesis
C04676	mmu00140	Steroid hormone biosynthesis
C05138	mmu00140	Steroid hormone biosynthesis
C05139	mmu00140	Steroid hormone biosynthesis
C05140	mmu00140	Steroid hormone biosynthesis
C05141	mmu00140	Steroid hormone biosynthesis
C05284	mmu00140	Steroid hormone biosynthesis
C05285	mmu00140	Steroid hormone biosynthesis
C05290	mmu00140	Steroid hormone biosynthesis
C05291	mmu00140	Steroid hormone biosynthesis
C05293	mmu00140	Steroid hormone biosynthesis
C05294	mmu00140	Steroid hormone biosynthesis
C05295	mmu00140	Steroid hormone biosynthesis
C05296	mmu00140	Steroid hormone biosynthesis
C05297	mmu00140	Steroid hormone biosynthesis
C05298	mmu00140	Steroid hormone biosynthesis
C05299	mmu00140	Steroid hormone biosynthesis
C05300	mmu00140	Steroid hormone biosynthesis
C05301	mmu00140	Steroid hormone biosynthesis
C05302	mmu00140	Steroid hormone biosynthesis
C05469	mmu00140	Steroid hormone biosynthesis
C05470	mmu00140	Steroid hormone biosynthesis
C05471	mmu00140	Steroid hormone biosynthesis
C05472	mmu00140	Steroid hormone biosynthesis
C05473	mmu00140	Steroid hormone biosynthesis
C05474	mmu00140	Steroid hormone biosynthesis
C05475	mmu00140	Steroid hormone biosynthesis
C05476	mmu00140	Steroid hormone biosynthesis
C05477	mmu00140	Steroid hormone biosynthesis
C05478	mmu00140	Steroid hormone biosynthesis
C05479	mmu00140	Steroid hormone biosynthesis
C05480	mmu00140	Steroid hormone biosynthesis
C05481	mmu00140	Steroid hormone biosynthesis
C05482	mmu00140	Steroid hormone biosynthesis
C05483	mmu00140	Steroid hormone biosynthesis
C05484	mmu00140	Steroid hormone biosynthesis
C05485	mmu00140	Steroid hormone biosynthesis
C05487	mmu00140	Steroid hormone biosynthesis
C05488	mmu00140	Steroid hormone biosynthesis
C05489	mmu00140	Steroid hormone biosynthesis
C05490	mmu00140	Steroid hormone biosynthesis
C05497	mmu00140	Steroid hormone biosynthesis
C05498	mmu00140	Steroid hormone biosynthesis
C05499	mmu00140	Steroid hormone biosynthesis
C05500	mmu00140	Steroid hormone biosynthesis
C05501	mmu00140	Steroid hormone biosynthesis
C05502	mmu00140	Steroid hormone biosynthesis
C05503	mmu00140	Steroid hormone biosynthesis
C05504	mmu00140	Steroid hormone biosynthesis
C08357	mmu00140	Steroid hormone biosynthesis
C08358	mmu00140	Steroid hormone biosynthesis
C08359	mmu00140	Steroid hormone biosynthesis
C11131	mmu00140	Steroid hormone biosynthesis
C11132	mmu00140	Steroid hormone biosynthesis
C11133	mmu00140	Steroid hormone biosynthesis
C11134	mmu00140	Steroid hormone biosynthesis
C11135	mmu00140	Steroid hormone biosynthesis
C11136	mmu00140	Steroid hormone biosynthesis
C13712	mmu00140	Steroid hormone biosynthesis
C13713	mmu00140	Steroid hormone biosynthesis
C18038	mmu00140	Steroid hormone biosynthesis
C18039	mmu00140	Steroid hormone biosynthesis
C18040	mmu00140	Steroid hormone biosynthesis
C18041	mmu00140	Steroid hormone biosynthesis
C18042	mmu00140	Steroid hormone biosynthesis
C18043	mmu00140	Steroid hormone biosynthesis
C18044	mmu00140	Steroid hormone biosynthesis
C18045	mmu00140	Steroid hormone biosynthesis
C18075	mmu00140	Steroid hormone biosynthesis
C22831	mmu00140	Steroid hormone biosynthesis
C22832	mmu00140	Steroid hormone biosynthesis
C00001	mmu00190	Oxidative phosphorylation
C00002	mmu00190	Oxidative phosphorylation
C00003	mmu00190	Oxidative phosphorylation
C00004	mmu00190	Oxidative phosphorylation
C00007	mmu00190	Oxidative phosphorylation
C00008	mmu00190	Oxidative phosphorylation
C00009	mmu00190	Oxidative phosphorylation
C00013	mmu00190	Oxidative phosphorylation
C00042	mmu00190	Oxidative phosphorylation
C00080	mmu00190	Oxidative phosphorylation
C00122	mmu00190	Oxidative phosphorylation
C00536	mmu00190	Oxidative phosphorylation
C00011	mmu00220	Arginine biosynthesis
C00014	mmu00220	Arginine biosynthesis
C00025	mmu00220	Arginine biosynthesis
C00026	mmu00220	Arginine biosynthesis
C00049	mmu00220	Arginine biosynthesis
C00062	mmu00220	Arginine biosynthesis
C00064	mmu00220	Arginine biosynthesis
C00077	mmu00220	Arginine biosynthesis
C00086	mmu00220	Arginine biosynthesis
C00122	mmu00220	Arginine biosynthesis
C00169	mmu00220	Arginine biosynthesis
C00288	mmu00220	Arginine biosynthesis
C00327	mmu00220	Arginine biosynthesis
C00437	mmu00220	Arginine biosynthesis
C00624	mmu00220	Arginine biosynthesis
C01010	mmu00220	Arginine biosynthesis
C01250	mmu00220	Arginine biosynthesis
C03406	mmu00220	Arginine biosynthesis
C04133	mmu00220	Arginine biosynthesis
C15532	mmu00220	Arginine biosynthesis
C20948	mmu00220	Arginine biosynthesis
C20949	mmu00220	Arginine biosynthesis
C20950	mmu00220	Arginine biosynthesis
C20951	mmu00220	Arginine biosynthesis
C00002	mmu00230	Purine metabolism
C00008	mmu00230	Purine metabolism
C00011	mmu00230	Purine metabolism
C00014	mmu00230	Purine metabolism
C00020	mmu00230	Purine metabolism
C00035	mmu00230	Purine metabolism
C00037	mmu00230	Purine metabolism
C00039	mmu00230	Purine metabolism
C00044	mmu00230	Purine metabolism
C00046	mmu00230	Purine metabolism
C00048	mmu00230	Purine metabolism
C00053	mmu00230	Purine metabolism
C00054	mmu00230	Purine metabolism
C00059	mmu00230	Purine metabolism
C00064	mmu00230	Purine metabolism
C00081	mmu00230	Purine metabolism
C00086	mmu00230	Purine metabolism
C00104	mmu00230	Purine metabolism
C00117	mmu00230	Purine metabolism
C00119	mmu00230	Purine metabolism
C00130	mmu00230	Purine metabolism
C00131	mmu00230	Purine metabolism
C00144	mmu00230	Purine metabolism
C00147	mmu00230	Purine metabolism
C00169	mmu00230	Purine metabolism
C00206	mmu00230	Purine metabolism
C00209	mmu00230	Purine metabolism
C00212	mmu00230	Purine metabolism
C00224	mmu00230	Purine metabolism
C00242	mmu00230	Purine metabolism
C00262	mmu00230	Purine metabolism
C00286	mmu00230	Purine metabolism
C00288	mmu00230	Purine metabolism
C00294	mmu00230	Purine metabolism
C00301	mmu00230	Purine metabolism
C00330	mmu00230	Purine metabolism
C00360	mmu00230	Purine metabolism
C00361	mmu00230	Purine metabolism
C00362	mmu00230	Purine metabolism
C00366	mmu00230	Purine metabolism
C00385	mmu00230	Purine metabolism
C00387	mmu00230	Purine metabolism
C00499	mmu00230	Purine metabolism
C00559	mmu00230	Purine metabolism
C00575	mmu00230	Purine metabolism
C00603	mmu00230	Purine metabolism
C00620	mmu00230	Purine metabolism
C00655	mmu00230	Purine metabolism
C00700	mmu00230	Purine metabolism
C00802	mmu00230	Purine metabolism
C00942	mmu00230	Purine metabolism
C01228	mmu00230	Purine metabolism
C01260	mmu00230	Purine metabolism
C01261	mmu00230	Purine metabolism
C01344	mmu00230	Purine metabolism
C01345	mmu00230	Purine metabolism
C01367	mmu00230	Purine metabolism
C01444	mmu00230	Purine metabolism
C01762	mmu00230	Purine metabolism
C02091	mmu00230	Purine metabolism
C02348	mmu00230	Purine metabolism
C02350	mmu00230	Purine metabolism
C02353	mmu00230	Purine metabolism
C02718	mmu00230	Purine metabolism
C03090	mmu00230	Purine metabolism
C03373	mmu00230	Purine metabolism
C03483	mmu00230	Purine metabolism
C03614	mmu00230	Purine metabolism
C03794	mmu00230	Purine metabolism
C03838	mmu00230	Purine metabolism
C04051	mmu00230	Purine metabolism
C04376	mmu00230	Purine metabolism
C04392	mmu00230	Purine metabolism
C04494	mmu00230	Purine metabolism
C04640	mmu00230	Purine metabolism
C04677	mmu00230	Purine metabolism
C04734	mmu00230	Purine metabolism
C04751	mmu00230	Purine metabolism
C04823	mmu00230	Purine metabolism
C05239	mmu00230	Purine metabolism
C05512	mmu00230	Purine metabolism
C05513	mmu00230	Purine metabolism
C05515	mmu00230	Purine metabolism
C05516	mmu00230	Purine metabolism
C05993	mmu00230	Purine metabolism
C06193	mmu00230	Purine metabolism
C06194	mmu00230	Purine metabolism
C06195	mmu00230	Purine metabolism
C06196	mmu00230	Purine metabolism
C06197	mmu00230	Purine metabolism
C06433	mmu00230	Purine metabolism
C06435	mmu00230	Purine metabolism
C11821	mmu00230	Purine metabolism
C12248	mmu00230	Purine metabolism
C15667	mmu00230	Purine metabolism
C22395	mmu00230	Purine metabolism
C22441	mmu00230	Purine metabolism
C22442	mmu00230	Purine metabolism
C22443	mmu00230	Purine metabolism
C22499	mmu00230	Purine metabolism
C22500	mmu00230	Purine metabolism
C00048	mmu00232	Caffeine metabolism
C00385	mmu00232	Caffeine metabolism
C01762	mmu00232	Caffeine metabolism
C07130	mmu00232	Caffeine metabolism
C07480	mmu00232	Caffeine metabolism
C07481	mmu00232	Caffeine metabolism
C13747	mmu00232	Caffeine metabolism
C16352	mmu00232	Caffeine metabolism
C16353	mmu00232	Caffeine metabolism
C16355	mmu00232	Caffeine metabolism
C16356	mmu00232	Caffeine metabolism
C16357	mmu00232	Caffeine metabolism
C16358	mmu00232	Caffeine metabolism
C16359	mmu00232	Caffeine metabolism
C16360	mmu00232	Caffeine metabolism
C16361	mmu00232	Caffeine metabolism
C16362	mmu00232	Caffeine metabolism
C16363	mmu00232	Caffeine metabolism
C16364	mmu00232	Caffeine metabolism
C16365	mmu00232	Caffeine metabolism
C16366	mmu00232	Caffeine metabolism
C21144	mmu00232	Caffeine metabolism
C00015	mmu00240	Pyrimidine metabolism
C00039	mmu00240	Pyrimidine metabolism
C00046	mmu00240	Pyrimidine metabolism
C00055	mmu00240	Pyrimidine metabolism
C00063	mmu00240	Pyrimidine metabolism
C00064	mmu00240	Pyrimidine metabolism
C00075	mmu00240	Pyrimidine metabolism
C00086	mmu00240	Pyrimidine metabolism
C00099	mmu00240	Pyrimidine metabolism
C00105	mmu00240	Pyrimidine metabolism
C00106	mmu00240	Pyrimidine metabolism
C00112	mmu00240	Pyrimidine metabolism
C00119	mmu00240	Pyrimidine metabolism
C00169	mmu00240	Pyrimidine metabolism
C00178	mmu00240	Pyrimidine metabolism
C00214	mmu00240	Pyrimidine metabolism
C00222	mmu00240	Pyrimidine metabolism
C00239	mmu00240	Pyrimidine metabolism
C00295	mmu00240	Pyrimidine metabolism
C00299	mmu00240	Pyrimidine metabolism
C00337	mmu00240	Pyrimidine metabolism
C00363	mmu00240	Pyrimidine metabolism
C00364	mmu00240	Pyrimidine metabolism
C00365	mmu00240	Pyrimidine metabolism
C00380	mmu00240	Pyrimidine metabolism
C00383	mmu00240	Pyrimidine metabolism
C00429	mmu00240	Pyrimidine metabolism
C00438	mmu00240	Pyrimidine metabolism
C00458	mmu00240	Pyrimidine metabolism
C00459	mmu00240	Pyrimidine metabolism
C00460	mmu00240	Pyrimidine metabolism
C00475	mmu00240	Pyrimidine metabolism
C00526	mmu00240	Pyrimidine metabolism
C00672	mmu00240	Pyrimidine metabolism
C00705	mmu00240	Pyrimidine metabolism
C00813	mmu00240	Pyrimidine metabolism
C00881	mmu00240	Pyrimidine metabolism
C00941	mmu00240	Pyrimidine metabolism
C01013	mmu00240	Pyrimidine metabolism
C01103	mmu00240	Pyrimidine metabolism
C01168	mmu00240	Pyrimidine metabolism
C01205	mmu00240	Pyrimidine metabolism
C01346	mmu00240	Pyrimidine metabolism
C01368	mmu00240	Pyrimidine metabolism
C01563	mmu00240	Pyrimidine metabolism
C02067	mmu00240	Pyrimidine metabolism
C02170	mmu00240	Pyrimidine metabolism
C02354	mmu00240	Pyrimidine metabolism
C02355	mmu00240	Pyrimidine metabolism
C02376	mmu00240	Pyrimidine metabolism
C02642	mmu00240	Pyrimidine metabolism
C03997	mmu00240	Pyrimidine metabolism
C05281	mmu00240	Pyrimidine metabolism
C05822	mmu00240	Pyrimidine metabolism
C06198	mmu00240	Pyrimidine metabolism
C11038	mmu00240	Pyrimidine metabolism
C11039	mmu00240	Pyrimidine metabolism
C15607	mmu00240	Pyrimidine metabolism
C20231	mmu00240	Pyrimidine metabolism
C20249	mmu00240	Pyrimidine metabolism
C20253	mmu00240	Pyrimidine metabolism
C20254	mmu00240	Pyrimidine metabolism
C20846	mmu00240	Pyrimidine metabolism
C21028	mmu00240	Pyrimidine metabolism
C21029	mmu00240	Pyrimidine metabolism
C22509	mmu00240	Pyrimidine metabolism
C00014	mmu00250	Alanine, aspartate and glutamate metabolism
C00022	mmu00250	Alanine, aspartate and glutamate metabolism
C00025	mmu00250	Alanine, aspartate and glutamate metabolism
C00026	mmu00250	Alanine, aspartate and glutamate metabolism
C00036	mmu00250	Alanine, aspartate and glutamate metabolism
C00041	mmu00250	Alanine, aspartate and glutamate metabolism
C00042	mmu00250	Alanine, aspartate and glutamate metabolism
C00049	mmu00250	Alanine, aspartate and glutamate metabolism
C00064	mmu00250	Alanine, aspartate and glutamate metabolism
C00122	mmu00250	Alanine, aspartate and glutamate metabolism
C00152	mmu00250	Alanine, aspartate and glutamate metabolism
C00158	mmu00250	Alanine, aspartate and glutamate metabolism
C00169	mmu00250	Alanine, aspartate and glutamate metabolism
C00232	mmu00250	Alanine, aspartate and glutamate metabolism
C00334	mmu00250	Alanine, aspartate and glutamate metabolism
C00352	mmu00250	Alanine, aspartate and glutamate metabolism
C00402	mmu00250	Alanine, aspartate and glutamate metabolism
C00438	mmu00250	Alanine, aspartate and glutamate metabolism
C00940	mmu00250	Alanine, aspartate and glutamate metabolism
C01042	mmu00250	Alanine, aspartate and glutamate metabolism
C02362	mmu00250	Alanine, aspartate and glutamate metabolism
C03090	mmu00250	Alanine, aspartate and glutamate metabolism
C03406	mmu00250	Alanine, aspartate and glutamate metabolism
C03794	mmu00250	Alanine, aspartate and glutamate metabolism
C03912	mmu00250	Alanine, aspartate and glutamate metabolism
C12270	mmu00250	Alanine, aspartate and glutamate metabolism
C20775	mmu00250	Alanine, aspartate and glutamate metabolism
C20776	mmu00250	Alanine, aspartate and glutamate metabolism
C00011	mmu00260	Glycine, serine and threonine metabolism
C00014	mmu00260	Glycine, serine and threonine metabolism
C00022	mmu00260	Glycine, serine and threonine metabolism
C00037	mmu00260	Glycine, serine and threonine metabolism
C00048	mmu00260	Glycine, serine and threonine metabolism
C00049	mmu00260	Glycine, serine and threonine metabolism
C00065	mmu00260	Glycine, serine and threonine metabolism
C00078	mmu00260	Glycine, serine and threonine metabolism
C00097	mmu00260	Glycine, serine and threonine metabolism
C00101	mmu00260	Glycine, serine and threonine metabolism
C00109	mmu00260	Glycine, serine and threonine metabolism
C00114	mmu00260	Glycine, serine and threonine metabolism
C00143	mmu00260	Glycine, serine and threonine metabolism
C00168	mmu00260	Glycine, serine and threonine metabolism
C00188	mmu00260	Glycine, serine and threonine metabolism
C00197	mmu00260	Glycine, serine and threonine metabolism
C00213	mmu00260	Glycine, serine and threonine metabolism
C00258	mmu00260	Glycine, serine and threonine metabolism
C00263	mmu00260	Glycine, serine and threonine metabolism
C00300	mmu00260	Glycine, serine and threonine metabolism
C00430	mmu00260	Glycine, serine and threonine metabolism
C00441	mmu00260	Glycine, serine and threonine metabolism
C00546	mmu00260	Glycine, serine and threonine metabolism
C00576	mmu00260	Glycine, serine and threonine metabolism
C00581	mmu00260	Glycine, serine and threonine metabolism
C00631	mmu00260	Glycine, serine and threonine metabolism
C00719	mmu00260	Glycine, serine and threonine metabolism
C00740	mmu00260	Glycine, serine and threonine metabolism
C00986	mmu00260	Glycine, serine and threonine metabolism
C01005	mmu00260	Glycine, serine and threonine metabolism
C01026	mmu00260	Glycine, serine and threonine metabolism
C01102	mmu00260	Glycine, serine and threonine metabolism
C01242	mmu00260	Glycine, serine and threonine metabolism
C01888	mmu00260	Glycine, serine and threonine metabolism
C02051	mmu00260	Glycine, serine and threonine metabolism
C02291	mmu00260	Glycine, serine and threonine metabolism
C02737	mmu00260	Glycine, serine and threonine metabolism
C02972	mmu00260	Glycine, serine and threonine metabolism
C03082	mmu00260	Glycine, serine and threonine metabolism
C03194	mmu00260	Glycine, serine and threonine metabolism
C03232	mmu00260	Glycine, serine and threonine metabolism
C03283	mmu00260	Glycine, serine and threonine metabolism
C03508	mmu00260	Glycine, serine and threonine metabolism
C05519	mmu00260	Glycine, serine and threonine metabolism
C06231	mmu00260	Glycine, serine and threonine metabolism
C06442	mmu00260	Glycine, serine and threonine metabolism
C16432	mmu00260	Glycine, serine and threonine metabolism
C19929	mmu00260	Glycine, serine and threonine metabolism
C23135	mmu00260	Glycine, serine and threonine metabolism
C23136	mmu00260	Glycine, serine and threonine metabolism
C00019	mmu00270	Cysteine and methionine metabolism
C00021	mmu00270	Cysteine and methionine metabolism
C00022	mmu00270	Cysteine and methionine metabolism
C00041	mmu00270	Cysteine and methionine metabolism
C00049	mmu00270	Cysteine and methionine metabolism
C00051	mmu00270	Cysteine and methionine metabolism
C00059	mmu00270	Cysteine and methionine metabolism
C00065	mmu00270	Cysteine and methionine metabolism
C00073	mmu00270	Cysteine and methionine metabolism
C00094	mmu00270	Cysteine and methionine metabolism
C00097	mmu00270	Cysteine and methionine metabolism
C00109	mmu00270	Cysteine and methionine metabolism
C00155	mmu00270	Cysteine and methionine metabolism
C00170	mmu00270	Cysteine and methionine metabolism
C00197	mmu00270	Cysteine and methionine metabolism
C00263	mmu00270	Cysteine and methionine metabolism
C00283	mmu00270	Cysteine and methionine metabolism
C00409	mmu00270	Cysteine and methionine metabolism
C00441	mmu00270	Cysteine and methionine metabolism
C00491	mmu00270	Cysteine and methionine metabolism
C00506	mmu00270	Cysteine and methionine metabolism
C00606	mmu00270	Cysteine and methionine metabolism
C00793	mmu00270	Cysteine and methionine metabolism
C00957	mmu00270	Cysteine and methionine metabolism
C00979	mmu00270	Cysteine and methionine metabolism
C01005	mmu00270	Cysteine and methionine metabolism
C01077	mmu00270	Cysteine and methionine metabolism
C01102	mmu00270	Cysteine and methionine metabolism
C01118	mmu00270	Cysteine and methionine metabolism
C01137	mmu00270	Cysteine and methionine metabolism
C01180	mmu00270	Cysteine and methionine metabolism
C01234	mmu00270	Cysteine and methionine metabolism
C01817	mmu00270	Cysteine and methionine metabolism
C01962	mmu00270	Cysteine and methionine metabolism
C02218	mmu00270	Cysteine and methionine metabolism
C02291	mmu00270	Cysteine and methionine metabolism
C02356	mmu00270	Cysteine and methionine metabolism
C02989	mmu00270	Cysteine and methionine metabolism
C03082	mmu00270	Cysteine and methionine metabolism
C03089	mmu00270	Cysteine and methionine metabolism
C03145	mmu00270	Cysteine and methionine metabolism
C03232	mmu00270	Cysteine and methionine metabolism
C03431	mmu00270	Cysteine and methionine metabolism
C03539	mmu00270	Cysteine and methionine metabolism
C04188	mmu00270	Cysteine and methionine metabolism
C04582	mmu00270	Cysteine and methionine metabolism
C05324	mmu00270	Cysteine and methionine metabolism
C05524	mmu00270	Cysteine and methionine metabolism
C05526	mmu00270	Cysteine and methionine metabolism
C05527	mmu00270	Cysteine and methionine metabolism
C05528	mmu00270	Cysteine and methionine metabolism
C05823	mmu00270	Cysteine and methionine metabolism
C05824	mmu00270	Cysteine and methionine metabolism
C06547	mmu00270	Cysteine and methionine metabolism
C08276	mmu00270	Cysteine and methionine metabolism
C09306	mmu00270	Cysteine and methionine metabolism
C11437	mmu00270	Cysteine and methionine metabolism
C11481	mmu00270	Cysteine and methionine metabolism
C11499	mmu00270	Cysteine and methionine metabolism
C11537	mmu00270	Cysteine and methionine metabolism
C15606	mmu00270	Cysteine and methionine metabolism
C15650	mmu00270	Cysteine and methionine metabolism
C15651	mmu00270	Cysteine and methionine metabolism
C18049	mmu00270	Cysteine and methionine metabolism
C19787	mmu00270	Cysteine and methionine metabolism
C21015	mmu00270	Cysteine and methionine metabolism
C21016	mmu00270	Cysteine and methionine metabolism
C22359	mmu00270	Cysteine and methionine metabolism
C00024	mmu00280	Valine, leucine and isoleucine degradation
C00068	mmu00280	Valine, leucine and isoleucine degradation
C00091	mmu00280	Valine, leucine and isoleucine degradation
C00100	mmu00280	Valine, leucine and isoleucine degradation
C00123	mmu00280	Valine, leucine and isoleucine degradation
C00141	mmu00280	Valine, leucine and isoleucine degradation
C00164	mmu00280	Valine, leucine and isoleucine degradation
C00183	mmu00280	Valine, leucine and isoleucine degradation
C00233	mmu00280	Valine, leucine and isoleucine degradation
C00332	mmu00280	Valine, leucine and isoleucine degradation
C00349	mmu00280	Valine, leucine and isoleucine degradation
C00356	mmu00280	Valine, leucine and isoleucine degradation
C00407	mmu00280	Valine, leucine and isoleucine degradation
C00630	mmu00280	Valine, leucine and isoleucine degradation
C00671	mmu00280	Valine, leucine and isoleucine degradation
C00683	mmu00280	Valine, leucine and isoleucine degradation
C01205	mmu00280	Valine, leucine and isoleucine degradation
C01213	mmu00280	Valine, leucine and isoleucine degradation
C02170	mmu00280	Valine, leucine and isoleucine degradation
C02939	mmu00280	Valine, leucine and isoleucine degradation
C03069	mmu00280	Valine, leucine and isoleucine degradation
C03231	mmu00280	Valine, leucine and isoleucine degradation
C03284	mmu00280	Valine, leucine and isoleucine degradation
C03344	mmu00280	Valine, leucine and isoleucine degradation
C03345	mmu00280	Valine, leucine and isoleucine degradation
C03460	mmu00280	Valine, leucine and isoleucine degradation
C04405	mmu00280	Valine, leucine and isoleucine degradation
C05996	mmu00280	Valine, leucine and isoleucine degradation
C05998	mmu00280	Valine, leucine and isoleucine degradation
C06000	mmu00280	Valine, leucine and isoleucine degradation
C06001	mmu00280	Valine, leucine and isoleucine degradation
C06002	mmu00280	Valine, leucine and isoleucine degradation
C15972	mmu00280	Valine, leucine and isoleucine degradation
C15973	mmu00280	Valine, leucine and isoleucine degradation
C15974	mmu00280	Valine, leucine and isoleucine degradation
C15975	mmu00280	Valine, leucine and isoleucine degradation
C15976	mmu00280	Valine, leucine and isoleucine degradation
C15977	mmu00280	Valine, leucine and isoleucine degradation
C15978	mmu00280	Valine, leucine and isoleucine degradation
C15979	mmu00280	Valine, leucine and isoleucine degradation
C15980	mmu00280	Valine, leucine and isoleucine degradation
C20827	mmu00280	Valine, leucine and isoleucine degradation
C00022	mmu00290	Valine, leucine and isoleucine biosynthesis
C00024	mmu00290	Valine, leucine and isoleucine biosynthesis
C00109	mmu00290	Valine, leucine and isoleucine biosynthesis
C00123	mmu00290	Valine, leucine and isoleucine biosynthesis
C00141	mmu00290	Valine, leucine and isoleucine biosynthesis
C00183	mmu00290	Valine, leucine and isoleucine biosynthesis
C00188	mmu00290	Valine, leucine and isoleucine biosynthesis
C00233	mmu00290	Valine, leucine and isoleucine biosynthesis
C00407	mmu00290	Valine, leucine and isoleucine biosynthesis
C00671	mmu00290	Valine, leucine and isoleucine biosynthesis
C02226	mmu00290	Valine, leucine and isoleucine biosynthesis
C02504	mmu00290	Valine, leucine and isoleucine biosynthesis
C02612	mmu00290	Valine, leucine and isoleucine biosynthesis
C02631	mmu00290	Valine, leucine and isoleucine biosynthesis
C04181	mmu00290	Valine, leucine and isoleucine biosynthesis
C04236	mmu00290	Valine, leucine and isoleucine biosynthesis
C04272	mmu00290	Valine, leucine and isoleucine biosynthesis
C04411	mmu00290	Valine, leucine and isoleucine biosynthesis
C06006	mmu00290	Valine, leucine and isoleucine biosynthesis
C06007	mmu00290	Valine, leucine and isoleucine biosynthesis
C06010	mmu00290	Valine, leucine and isoleucine biosynthesis
C06032	mmu00290	Valine, leucine and isoleucine biosynthesis
C14463	mmu00290	Valine, leucine and isoleucine biosynthesis
C00024	mmu00310	Lysine degradation
C00026	mmu00310	Lysine degradation
C00037	mmu00310	Lysine degradation
C00042	mmu00310	Lysine degradation
C00047	mmu00310	Lysine degradation
C00068	mmu00310	Lysine degradation
C00136	mmu00310	Lysine degradation
C00164	mmu00310	Lysine degradation
C00322	mmu00310	Lysine degradation
C00332	mmu00310	Lysine degradation
C00408	mmu00310	Lysine degradation
C00431	mmu00310	Lysine degradation
C00449	mmu00310	Lysine degradation
C00450	mmu00310	Lysine degradation
C00487	mmu00310	Lysine degradation
C00489	mmu00310	Lysine degradation
C00527	mmu00310	Lysine degradation
C00739	mmu00310	Lysine degradation
C00877	mmu00310	Lysine degradation
C00956	mmu00310	Lysine degradation
C00990	mmu00310	Lysine degradation
C01087	mmu00310	Lysine degradation
C01142	mmu00310	Lysine degradation
C01144	mmu00310	Lysine degradation
C01149	mmu00310	Lysine degradation
C01181	mmu00310	Lysine degradation
C01186	mmu00310	Lysine degradation
C01211	mmu00310	Lysine degradation
C01259	mmu00310	Lysine degradation
C01672	mmu00310	Lysine degradation
C02188	mmu00310	Lysine degradation
C02727	mmu00310	Lysine degradation
C03087	mmu00310	Lysine degradation
C03196	mmu00310	Lysine degradation
C03239	mmu00310	Lysine degradation
C03273	mmu00310	Lysine degradation
C03366	mmu00310	Lysine degradation
C03656	mmu00310	Lysine degradation
C03793	mmu00310	Lysine degradation
C04020	mmu00310	Lysine degradation
C04076	mmu00310	Lysine degradation
C04092	mmu00310	Lysine degradation
C04487	mmu00310	Lysine degradation
C05161	mmu00310	Lysine degradation
C05231	mmu00310	Lysine degradation
C05544	mmu00310	Lysine degradation
C05545	mmu00310	Lysine degradation
C05546	mmu00310	Lysine degradation
C05548	mmu00310	Lysine degradation
C05825	mmu00310	Lysine degradation
C06157	mmu00310	Lysine degradation
C12455	mmu00310	Lysine degradation
C15972	mmu00310	Lysine degradation
C15973	mmu00310	Lysine degradation
C16741	mmu00310	Lysine degradation
C22667	mmu00310	Lysine degradation
C00012	mmu00330	Arginine and proline metabolism
C00019	mmu00330	Arginine and proline metabolism
C00022	mmu00330	Arginine and proline metabolism
C00025	mmu00330	Arginine and proline metabolism
C00048	mmu00330	Arginine and proline metabolism
C00062	mmu00330	Arginine and proline metabolism
C00077	mmu00330	Arginine and proline metabolism
C00086	mmu00330	Arginine and proline metabolism
C00134	mmu00330	Arginine and proline metabolism
C00148	mmu00330	Arginine and proline metabolism
C00179	mmu00330	Arginine and proline metabolism
C00213	mmu00330	Arginine and proline metabolism
C00223	mmu00330	Arginine and proline metabolism
C00300	mmu00330	Arginine and proline metabolism
C00315	mmu00330	Arginine and proline metabolism
C00334	mmu00330	Arginine and proline metabolism
C00406	mmu00330	Arginine and proline metabolism
C00431	mmu00330	Arginine and proline metabolism
C00436	mmu00330	Arginine and proline metabolism
C00441	mmu00330	Arginine and proline metabolism
C00533	mmu00330	Arginine and proline metabolism
C00555	mmu00330	Arginine and proline metabolism
C00581	mmu00330	Arginine and proline metabolism
C00750	mmu00330	Arginine and proline metabolism
C00763	mmu00330	Arginine and proline metabolism
C00791	mmu00330	Arginine and proline metabolism
C00884	mmu00330	Arginine and proline metabolism
C00986	mmu00330	Arginine and proline metabolism
C01035	mmu00330	Arginine and proline metabolism
C01043	mmu00330	Arginine and proline metabolism
C01110	mmu00330	Arginine and proline metabolism
C01137	mmu00330	Arginine and proline metabolism
C01157	mmu00330	Arginine and proline metabolism
C01165	mmu00330	Arginine and proline metabolism
C01250	mmu00330	Arginine and proline metabolism
C01682	mmu00330	Arginine and proline metabolism
C02305	mmu00330	Arginine and proline metabolism
C02565	mmu00330	Arginine and proline metabolism
C02647	mmu00330	Arginine and proline metabolism
C02714	mmu00330	Arginine and proline metabolism
C02946	mmu00330	Arginine and proline metabolism
C03078	mmu00330	Arginine and proline metabolism
C03166	mmu00330	Arginine and proline metabolism
C03287	mmu00330	Arginine and proline metabolism
C03296	mmu00330	Arginine and proline metabolism
C03375	mmu00330	Arginine and proline metabolism
C03415	mmu00330	Arginine and proline metabolism
C03564	mmu00330	Arginine and proline metabolism
C03771	mmu00330	Arginine and proline metabolism
C03912	mmu00330	Arginine and proline metabolism
C04137	mmu00330	Arginine and proline metabolism
C04281	mmu00330	Arginine and proline metabolism
C05147	mmu00330	Arginine and proline metabolism
C05931	mmu00330	Arginine and proline metabolism
C05932	mmu00330	Arginine and proline metabolism
C05933	mmu00330	Arginine and proline metabolism
C05936	mmu00330	Arginine and proline metabolism
C05938	mmu00330	Arginine and proline metabolism
C05945	mmu00330	Arginine and proline metabolism
C05946	mmu00330	Arginine and proline metabolism
C05947	mmu00330	Arginine and proline metabolism
C10497	mmu00330	Arginine and proline metabolism
C15699	mmu00330	Arginine and proline metabolism
C15700	mmu00330	Arginine and proline metabolism
C15767	mmu00330	Arginine and proline metabolism
C18172	mmu00330	Arginine and proline metabolism
C18174	mmu00330	Arginine and proline metabolism
C18326	mmu00330	Arginine and proline metabolism
C19706	mmu00330	Arginine and proline metabolism
C20560	mmu00330	Arginine and proline metabolism
C22886	mmu00330	Arginine and proline metabolism
C00025	mmu00340	Histidine metabolism
C00026	mmu00340	Histidine metabolism
C00049	mmu00340	Histidine metabolism
C00097	mmu00340	Histidine metabolism
C00119	mmu00340	Histidine metabolism
C00135	mmu00340	Histidine metabolism
C00386	mmu00340	Histidine metabolism
C00388	mmu00340	Histidine metabolism
C00439	mmu00340	Histidine metabolism
C00669	mmu00340	Histidine metabolism
C00785	mmu00340	Histidine metabolism
C00860	mmu00340	Histidine metabolism
C01044	mmu00340	Histidine metabolism
C01045	mmu00340	Histidine metabolism
C01100	mmu00340	Histidine metabolism
C01152	mmu00340	Histidine metabolism
C01262	mmu00340	Histidine metabolism
C01267	mmu00340	Histidine metabolism
C01929	mmu00340	Histidine metabolism
C02739	mmu00340	Histidine metabolism
C02741	mmu00340	Histidine metabolism
C02835	mmu00340	Histidine metabolism
C03277	mmu00340	Histidine metabolism
C03409	mmu00340	Histidine metabolism
C03680	mmu00340	Histidine metabolism
C04437	mmu00340	Histidine metabolism
C04666	mmu00340	Histidine metabolism
C04677	mmu00340	Histidine metabolism
C04896	mmu00340	Histidine metabolism
C04916	mmu00340	Histidine metabolism
C05127	mmu00340	Histidine metabolism
C05130	mmu00340	Histidine metabolism
C05131	mmu00340	Histidine metabolism
C05133	mmu00340	Histidine metabolism
C05135	mmu00340	Histidine metabolism
C05565	mmu00340	Histidine metabolism
C05568	mmu00340	Histidine metabolism
C05570	mmu00340	Histidine metabolism
C05571	mmu00340	Histidine metabolism
C05572	mmu00340	Histidine metabolism
C05575	mmu00340	Histidine metabolism
C05827	mmu00340	Histidine metabolism
C05828	mmu00340	Histidine metabolism
C05829	mmu00340	Histidine metabolism
C16673	mmu00340	Histidine metabolism
C16674	mmu00340	Histidine metabolism
C20522	mmu00340	Histidine metabolism
C20994	mmu00340	Histidine metabolism
C20995	mmu00340	Histidine metabolism
C00022	mmu00350	Tyrosine metabolism
C00042	mmu00350	Tyrosine metabolism
C00082	mmu00350	Tyrosine metabolism
C00122	mmu00350	Tyrosine metabolism
C00146	mmu00350	Tyrosine metabolism
C00164	mmu00350	Tyrosine metabolism
C00232	mmu00350	Tyrosine metabolism
C00355	mmu00350	Tyrosine metabolism
C00483	mmu00350	Tyrosine metabolism
C00530	mmu00350	Tyrosine metabolism
C00544	mmu00350	Tyrosine metabolism
C00547	mmu00350	Tyrosine metabolism
C00628	mmu00350	Tyrosine metabolism
C00642	mmu00350	Tyrosine metabolism
C00788	mmu00350	Tyrosine metabolism
C00811	mmu00350	Tyrosine metabolism
C00822	mmu00350	Tyrosine metabolism
C01036	mmu00350	Tyrosine metabolism
C01060	mmu00350	Tyrosine metabolism
C01061	mmu00350	Tyrosine metabolism
C01161	mmu00350	Tyrosine metabolism
C01179	mmu00350	Tyrosine metabolism
C01384	mmu00350	Tyrosine metabolism
C01693	mmu00350	Tyrosine metabolism
C01829	mmu00350	Tyrosine metabolism
C01850	mmu00350	Tyrosine metabolism
C02167	mmu00350	Tyrosine metabolism
C02442	mmu00350	Tyrosine metabolism
C02465	mmu00350	Tyrosine metabolism
C02514	mmu00350	Tyrosine metabolism
C02515	mmu00350	Tyrosine metabolism
C03063	mmu00350	Tyrosine metabolism
C03077	mmu00350	Tyrosine metabolism
C03758	mmu00350	Tyrosine metabolism
C03765	mmu00350	Tyrosine metabolism
C03964	mmu00350	Tyrosine metabolism
C04043	mmu00350	Tyrosine metabolism
C04045	mmu00350	Tyrosine metabolism
C04052	mmu00350	Tyrosine metabolism
C04185	mmu00350	Tyrosine metabolism
C04186	mmu00350	Tyrosine metabolism
C04368	mmu00350	Tyrosine metabolism
C04642	mmu00350	Tyrosine metabolism
C04796	mmu00350	Tyrosine metabolism
C04797	mmu00350	Tyrosine metabolism
C05338	mmu00350	Tyrosine metabolism
C05350	mmu00350	Tyrosine metabolism
C05576	mmu00350	Tyrosine metabolism
C05577	mmu00350	Tyrosine metabolism
C05578	mmu00350	Tyrosine metabolism
C05579	mmu00350	Tyrosine metabolism
C05580	mmu00350	Tyrosine metabolism
C05581	mmu00350	Tyrosine metabolism
C05582	mmu00350	Tyrosine metabolism
C05583	mmu00350	Tyrosine metabolism
C05584	mmu00350	Tyrosine metabolism
C05585	mmu00350	Tyrosine metabolism
C05587	mmu00350	Tyrosine metabolism
C05588	mmu00350	Tyrosine metabolism
C05589	mmu00350	Tyrosine metabolism
C05593	mmu00350	Tyrosine metabolism
C05594	mmu00350	Tyrosine metabolism
C05595	mmu00350	Tyrosine metabolism
C05596	mmu00350	Tyrosine metabolism
C05600	mmu00350	Tyrosine metabolism
C05604	mmu00350	Tyrosine metabolism
C06044	mmu00350	Tyrosine metabolism
C06046	mmu00350	Tyrosine metabolism
C06047	mmu00350	Tyrosine metabolism
C06048	mmu00350	Tyrosine metabolism
C06199	mmu00350	Tyrosine metabolism
C06201	mmu00350	Tyrosine metabolism
C10447	mmu00350	Tyrosine metabolism
C17935	mmu00350	Tyrosine metabolism
C17936	mmu00350	Tyrosine metabolism
C17937	mmu00350	Tyrosine metabolism
C17938	mmu00350	Tyrosine metabolism
C22038	mmu00350	Tyrosine metabolism
C23042	mmu00350	Tyrosine metabolism
C00022	mmu00360	Phenylalanine metabolism
C00024	mmu00360	Phenylalanine metabolism
C00042	mmu00360	Phenylalanine metabolism
C00079	mmu00360	Phenylalanine metabolism
C00082	mmu00360	Phenylalanine metabolism
C00084	mmu00360	Phenylalanine metabolism
C00091	mmu00360	Phenylalanine metabolism
C00122	mmu00360	Phenylalanine metabolism
C00166	mmu00360	Phenylalanine metabolism
C00423	mmu00360	Phenylalanine metabolism
C00512	mmu00360	Phenylalanine metabolism
C00582	mmu00360	Phenylalanine metabolism
C00596	mmu00360	Phenylalanine metabolism
C00601	mmu00360	Phenylalanine metabolism
C00642	mmu00360	Phenylalanine metabolism
C01198	mmu00360	Phenylalanine metabolism
C01772	mmu00360	Phenylalanine metabolism
C02137	mmu00360	Phenylalanine metabolism
C02232	mmu00360	Phenylalanine metabolism
C02265	mmu00360	Phenylalanine metabolism
C02505	mmu00360	Phenylalanine metabolism
C02763	mmu00360	Phenylalanine metabolism
C03519	mmu00360	Phenylalanine metabolism
C03589	mmu00360	Phenylalanine metabolism
C04044	mmu00360	Phenylalanine metabolism
C04148	mmu00360	Phenylalanine metabolism
C04479	mmu00360	Phenylalanine metabolism
C05332	mmu00360	Phenylalanine metabolism
C05593	mmu00360	Phenylalanine metabolism
C05598	mmu00360	Phenylalanine metabolism
C05607	mmu00360	Phenylalanine metabolism
C05629	mmu00360	Phenylalanine metabolism
C05852	mmu00360	Phenylalanine metabolism
C05853	mmu00360	Phenylalanine metabolism
C06207	mmu00360	Phenylalanine metabolism
C07086	mmu00360	Phenylalanine metabolism
C11457	mmu00360	Phenylalanine metabolism
C11588	mmu00360	Phenylalanine metabolism
C12621	mmu00360	Phenylalanine metabolism
C12622	mmu00360	Phenylalanine metabolism
C12623	mmu00360	Phenylalanine metabolism
C12624	mmu00360	Phenylalanine metabolism
C14144	mmu00360	Phenylalanine metabolism
C14145	mmu00360	Phenylalanine metabolism
C15524	mmu00360	Phenylalanine metabolism
C19945	mmu00360	Phenylalanine metabolism
C19946	mmu00360	Phenylalanine metabolism
C19975	mmu00360	Phenylalanine metabolism
C20062	mmu00360	Phenylalanine metabolism
C23049	mmu00360	Phenylalanine metabolism
C23116	mmu00360	Phenylalanine metabolism
C00024	mmu00380	Tryptophan metabolism
C00078	mmu00380	Tryptophan metabolism
C00108	mmu00380	Tryptophan metabolism
C00322	mmu00380	Tryptophan metabolism
C00328	mmu00380	Tryptophan metabolism
C00331	mmu00380	Tryptophan metabolism
C00332	mmu00380	Tryptophan metabolism
C00398	mmu00380	Tryptophan metabolism
C00463	mmu00380	Tryptophan metabolism
C00527	mmu00380	Tryptophan metabolism
C00632	mmu00380	Tryptophan metabolism
C00637	mmu00380	Tryptophan metabolism
C00643	mmu00380	Tryptophan metabolism
C00780	mmu00380	Tryptophan metabolism
C00877	mmu00380	Tryptophan metabolism
C00954	mmu00380	Tryptophan metabolism
C00955	mmu00380	Tryptophan metabolism
C00978	mmu00380	Tryptophan metabolism
C01111	mmu00380	Tryptophan metabolism
C01144	mmu00380	Tryptophan metabolism
C01249	mmu00380	Tryptophan metabolism
C01252	mmu00380	Tryptophan metabolism
C01598	mmu00380	Tryptophan metabolism
C01717	mmu00380	Tryptophan metabolism
C01987	mmu00380	Tryptophan metabolism
C02161	mmu00380	Tryptophan metabolism
C02172	mmu00380	Tryptophan metabolism
C02220	mmu00380	Tryptophan metabolism
C02298	mmu00380	Tryptophan metabolism
C02470	mmu00380	Tryptophan metabolism
C02693	mmu00380	Tryptophan metabolism
C02700	mmu00380	Tryptophan metabolism
C02775	mmu00380	Tryptophan metabolism
C02937	mmu00380	Tryptophan metabolism
C02938	mmu00380	Tryptophan metabolism
C03227	mmu00380	Tryptophan metabolism
C03230	mmu00380	Tryptophan metabolism
C03453	mmu00380	Tryptophan metabolism
C03574	mmu00380	Tryptophan metabolism
C03722	mmu00380	Tryptophan metabolism
C03824	mmu00380	Tryptophan metabolism
C04409	mmu00380	Tryptophan metabolism
C05634	mmu00380	Tryptophan metabolism
C05635	mmu00380	Tryptophan metabolism
C05636	mmu00380	Tryptophan metabolism
C05637	mmu00380	Tryptophan metabolism
C05638	mmu00380	Tryptophan metabolism
C05639	mmu00380	Tryptophan metabolism
C05640	mmu00380	Tryptophan metabolism
C05641	mmu00380	Tryptophan metabolism
C05642	mmu00380	Tryptophan metabolism
C05643	mmu00380	Tryptophan metabolism
C05644	mmu00380	Tryptophan metabolism
C05645	mmu00380	Tryptophan metabolism
C05646	mmu00380	Tryptophan metabolism
C05647	mmu00380	Tryptophan metabolism
C05648	mmu00380	Tryptophan metabolism
C05651	mmu00380	Tryptophan metabolism
C05652	mmu00380	Tryptophan metabolism
C05653	mmu00380	Tryptophan metabolism
C05654	mmu00380	Tryptophan metabolism
C05655	mmu00380	Tryptophan metabolism
C05656	mmu00380	Tryptophan metabolism
C05658	mmu00380	Tryptophan metabolism
C05659	mmu00380	Tryptophan metabolism
C05660	mmu00380	Tryptophan metabolism
C05663	mmu00380	Tryptophan metabolism
C05830	mmu00380	Tryptophan metabolism
C05831	mmu00380	Tryptophan metabolism
C05832	mmu00380	Tryptophan metabolism
C05834	mmu00380	Tryptophan metabolism
C05835	mmu00380	Tryptophan metabolism
C05837	mmu00380	Tryptophan metabolism
C06212	mmu00380	Tryptophan metabolism
C06213	mmu00380	Tryptophan metabolism
C08313	mmu00380	Tryptophan metabolism
C10164	mmu00380	Tryptophan metabolism
C16516	mmu00380	Tryptophan metabolism
C16517	mmu00380	Tryptophan metabolism
C16518	mmu00380	Tryptophan metabolism
C17203	mmu00380	Tryptophan metabolism
C22006	mmu00380	Tryptophan metabolism
C22202	mmu00380	Tryptophan metabolism
C23064	mmu00380	Tryptophan metabolism
C00074	mmu00400	Phenylalanine, tyrosine and tryptophan biosynthesis
C00078	mmu00400	Phenylalanine, tyrosine and tryptophan biosynthesis
C00079	mmu00400	Phenylalanine, tyrosine and tryptophan biosynthesis
C00082	mmu00400	Phenylalanine, tyrosine and tryptophan biosynthesis
C00108	mmu00400	Phenylalanine, tyrosine and tryptophan biosynthesis
C00119	mmu00400	Phenylalanine, tyrosine and tryptophan biosynthesis
C00166	mmu00400	Phenylalanine, tyrosine and tryptophan biosynthesis
C00230	mmu00400	Phenylalanine, tyrosine and tryptophan biosynthesis
C00251	mmu00400	Phenylalanine, tyrosine and tryptophan biosynthesis
C00254	mmu00400	Phenylalanine, tyrosine and tryptophan biosynthesis
C00279	mmu00400	Phenylalanine, tyrosine and tryptophan biosynthesis
C00296	mmu00400	Phenylalanine, tyrosine and tryptophan biosynthesis
C00354	mmu00400	Phenylalanine, tyrosine and tryptophan biosynthesis
C00441	mmu00400	Phenylalanine, tyrosine and tryptophan biosynthesis
C00463	mmu00400	Phenylalanine, tyrosine and tryptophan biosynthesis
C00493	mmu00400	Phenylalanine, tyrosine and tryptophan biosynthesis
C00587	mmu00400	Phenylalanine, tyrosine and tryptophan biosynthesis
C00826	mmu00400	Phenylalanine, tyrosine and tryptophan biosynthesis
C00944	mmu00400	Phenylalanine, tyrosine and tryptophan biosynthesis
C01094	mmu00400	Phenylalanine, tyrosine and tryptophan biosynthesis
C01179	mmu00400	Phenylalanine, tyrosine and tryptophan biosynthesis
C01269	mmu00400	Phenylalanine, tyrosine and tryptophan biosynthesis
C01302	mmu00400	Phenylalanine, tyrosine and tryptophan biosynthesis
C02637	mmu00400	Phenylalanine, tyrosine and tryptophan biosynthesis
C03175	mmu00400	Phenylalanine, tyrosine and tryptophan biosynthesis
C03506	mmu00400	Phenylalanine, tyrosine and tryptophan biosynthesis
C04302	mmu00400	Phenylalanine, tyrosine and tryptophan biosynthesis
C04691	mmu00400	Phenylalanine, tyrosine and tryptophan biosynthesis
C16848	mmu00400	Phenylalanine, tyrosine and tryptophan biosynthesis
C16850	mmu00400	Phenylalanine, tyrosine and tryptophan biosynthesis
C17235	mmu00400	Phenylalanine, tyrosine and tryptophan biosynthesis
C20327	mmu00400	Phenylalanine, tyrosine and tryptophan biosynthesis
C20653	mmu00400	Phenylalanine, tyrosine and tryptophan biosynthesis
C20654	mmu00400	Phenylalanine, tyrosine and tryptophan biosynthesis
C20710	mmu00400	Phenylalanine, tyrosine and tryptophan biosynthesis
C00024	mmu00410	beta-Alanine metabolism
C00049	mmu00410	beta-Alanine metabolism
C00083	mmu00410	beta-Alanine metabolism
C00099	mmu00410	beta-Alanine metabolism
C00100	mmu00410	beta-Alanine metabolism
C00106	mmu00410	beta-Alanine metabolism
C00135	mmu00410	beta-Alanine metabolism
C00222	mmu00410	beta-Alanine metabolism
C00315	mmu00410	beta-Alanine metabolism
C00334	mmu00410	beta-Alanine metabolism
C00383	mmu00410	beta-Alanine metabolism
C00386	mmu00410	beta-Alanine metabolism
C00429	mmu00410	beta-Alanine metabolism
C00555	mmu00410	beta-Alanine metabolism
C00750	mmu00410	beta-Alanine metabolism
C00804	mmu00410	beta-Alanine metabolism
C00864	mmu00410	beta-Alanine metabolism
C00894	mmu00410	beta-Alanine metabolism
C00986	mmu00410	beta-Alanine metabolism
C01013	mmu00410	beta-Alanine metabolism
C01073	mmu00410	beta-Alanine metabolism
C01262	mmu00410	beta-Alanine metabolism
C02335	mmu00410	beta-Alanine metabolism
C02642	mmu00410	beta-Alanine metabolism
C03492	mmu00410	beta-Alanine metabolism
C03722	mmu00410	beta-Alanine metabolism
C05340	mmu00410	beta-Alanine metabolism
C05341	mmu00410	beta-Alanine metabolism
C05665	mmu00410	beta-Alanine metabolism
C05668	mmu00410	beta-Alanine metabolism
C05669	mmu00410	beta-Alanine metabolism
C05670	mmu00410	beta-Alanine metabolism
C00022	mmu00430	Taurine and hypotaurine metabolism
C00024	mmu00430	Taurine and hypotaurine metabolism
C00025	mmu00430	Taurine and hypotaurine metabolism
C00026	mmu00430	Taurine and hypotaurine metabolism
C00033	mmu00430	Taurine and hypotaurine metabolism
C00041	mmu00430	Taurine and hypotaurine metabolism
C00084	mmu00430	Taurine and hypotaurine metabolism
C00094	mmu00430	Taurine and hypotaurine metabolism
C00097	mmu00430	Taurine and hypotaurine metabolism
C00227	mmu00430	Taurine and hypotaurine metabolism
C00245	mmu00430	Taurine and hypotaurine metabolism
C00506	mmu00430	Taurine and hypotaurine metabolism
C00519	mmu00430	Taurine and hypotaurine metabolism
C00593	mmu00430	Taurine and hypotaurine metabolism
C00606	mmu00430	Taurine and hypotaurine metabolism
C01678	mmu00430	Taurine and hypotaurine metabolism
C01959	mmu00430	Taurine and hypotaurine metabolism
C03149	mmu00430	Taurine and hypotaurine metabolism
C05122	mmu00430	Taurine and hypotaurine metabolism
C05123	mmu00430	Taurine and hypotaurine metabolism
C05844	mmu00430	Taurine and hypotaurine metabolism
C06735	mmu00430	Taurine and hypotaurine metabolism
C14179	mmu00430	Taurine and hypotaurine metabolism
C19685	mmu00430	Taurine and hypotaurine metabolism
C00022	mmu00440	Phosphonate and phosphinate metabolism
C00033	mmu00440	Phosphonate and phosphinate metabolism
C00037	mmu00440	Phosphonate and phosphinate metabolism
C00058	mmu00440	Phosphonate and phosphinate metabolism
C00074	mmu00440	Phosphonate and phosphinate metabolism
C00084	mmu00440	Phosphonate and phosphinate metabolism
C00117	mmu00440	Phosphonate and phosphinate metabolism
C01151	mmu00440	Phosphonate and phosphinate metabolism
C01438	mmu00440	Phosphonate and phosphinate metabolism
C02798	mmu00440	Phosphonate and phosphinate metabolism
C03167	mmu00440	Phosphonate and phosphinate metabolism
C03557	mmu00440	Phosphonate and phosphinate metabolism
C04650	mmu00440	Phosphonate and phosphinate metabolism
C05672	mmu00440	Phosphonate and phosphinate metabolism
C05673	mmu00440	Phosphonate and phosphinate metabolism
C05674	mmu00440	Phosphonate and phosphinate metabolism
C05675	mmu00440	Phosphonate and phosphinate metabolism
C05676	mmu00440	Phosphonate and phosphinate metabolism
C05677	mmu00440	Phosphonate and phosphinate metabolism
C05678	mmu00440	Phosphonate and phosphinate metabolism
C05679	mmu00440	Phosphonate and phosphinate metabolism
C05680	mmu00440	Phosphonate and phosphinate metabolism
C05681	mmu00440	Phosphonate and phosphinate metabolism
C05682	mmu00440	Phosphonate and phosphinate metabolism
C05683	mmu00440	Phosphonate and phosphinate metabolism
C06367	mmu00440	Phosphonate and phosphinate metabolism
C06368	mmu00440	Phosphonate and phosphinate metabolism
C06451	mmu00440	Phosphonate and phosphinate metabolism
C06455	mmu00440	Phosphonate and phosphinate metabolism
C06456	mmu00440	Phosphonate and phosphinate metabolism
C06457	mmu00440	Phosphonate and phosphinate metabolism
C06459	mmu00440	Phosphonate and phosphinate metabolism
C17940	mmu00440	Phosphonate and phosphinate metabolism
C17941	mmu00440	Phosphonate and phosphinate metabolism
C17942	mmu00440	Phosphonate and phosphinate metabolism
C17943	mmu00440	Phosphonate and phosphinate metabolism
C17944	mmu00440	Phosphonate and phosphinate metabolism
C17945	mmu00440	Phosphonate and phosphinate metabolism
C17947	mmu00440	Phosphonate and phosphinate metabolism
C17948	mmu00440	Phosphonate and phosphinate metabolism
C17949	mmu00440	Phosphonate and phosphinate metabolism
C17950	mmu00440	Phosphonate and phosphinate metabolism
C17951	mmu00440	Phosphonate and phosphinate metabolism
C17952	mmu00440	Phosphonate and phosphinate metabolism
C17960	mmu00440	Phosphonate and phosphinate metabolism
C17961	mmu00440	Phosphonate and phosphinate metabolism
C17962	mmu00440	Phosphonate and phosphinate metabolism
C20396	mmu00440	Phosphonate and phosphinate metabolism
C20422	mmu00440	Phosphonate and phosphinate metabolism
C20423	mmu00440	Phosphonate and phosphinate metabolism
C20440	mmu00440	Phosphonate and phosphinate metabolism
C20986	mmu00440	Phosphonate and phosphinate metabolism
C21372	mmu00440	Phosphonate and phosphinate metabolism
C21403	mmu00440	Phosphonate and phosphinate metabolism
C21404	mmu00440	Phosphonate and phosphinate metabolism
C21613	mmu00440	Phosphonate and phosphinate metabolism
C22696	mmu00440	Phosphonate and phosphinate metabolism
C00017	mmu00450	Selenocompound metabolism
C00041	mmu00450	Selenocompound metabolism
C01528	mmu00450	Selenocompound metabolism
C02535	mmu00450	Selenocompound metabolism
C05172	mmu00450	Selenocompound metabolism
C05335	mmu00450	Selenocompound metabolism
C05336	mmu00450	Selenocompound metabolism
C05684	mmu00450	Selenocompound metabolism
C05686	mmu00450	Selenocompound metabolism
C05688	mmu00450	Selenocompound metabolism
C05689	mmu00450	Selenocompound metabolism
C05690	mmu00450	Selenocompound metabolism
C05695	mmu00450	Selenocompound metabolism
C05697	mmu00450	Selenocompound metabolism
C05698	mmu00450	Selenocompound metabolism
C05699	mmu00450	Selenocompound metabolism
C05703	mmu00450	Selenocompound metabolism
C06481	mmu00450	Selenocompound metabolism
C06482	mmu00450	Selenocompound metabolism
C16638	mmu00450	Selenocompound metabolism
C18870	mmu00450	Selenocompound metabolism
C18871	mmu00450	Selenocompound metabolism
C18872	mmu00450	Selenocompound metabolism
C18893	mmu00450	Selenocompound metabolism
C18902	mmu00450	Selenocompound metabolism
C18904	mmu00450	Selenocompound metabolism
C18905	mmu00450	Selenocompound metabolism
C00022	mmu00470	D-Amino acid metabolism
C00025	mmu00470	D-Amino acid metabolism
C00026	mmu00470	D-Amino acid metabolism
C00036	mmu00470	D-Amino acid metabolism
C00037	mmu00470	D-Amino acid metabolism
C00041	mmu00470	D-Amino acid metabolism
C00047	mmu00470	D-Amino acid metabolism
C00049	mmu00470	D-Amino acid metabolism
C00062	mmu00470	D-Amino acid metabolism
C00064	mmu00470	D-Amino acid metabolism
C00065	mmu00470	D-Amino acid metabolism
C00073	mmu00470	D-Amino acid metabolism
C00077	mmu00470	D-Amino acid metabolism
C00079	mmu00470	D-Amino acid metabolism
C00084	mmu00470	D-Amino acid metabolism
C00097	mmu00470	D-Amino acid metabolism
C00133	mmu00470	D-Amino acid metabolism
C00134	mmu00470	D-Amino acid metabolism
C00135	mmu00470	D-Amino acid metabolism
C00148	mmu00470	D-Amino acid metabolism
C00166	mmu00470	D-Amino acid metabolism
C00188	mmu00470	D-Amino acid metabolism
C00217	mmu00470	D-Amino acid metabolism
C00402	mmu00470	D-Amino acid metabolism
C00431	mmu00470	D-Amino acid metabolism
C00433	mmu00470	D-Amino acid metabolism
C00515	mmu00470	D-Amino acid metabolism
C00624	mmu00470	D-Amino acid metabolism
C00666	mmu00470	D-Amino acid metabolism
C00680	mmu00470	D-Amino acid metabolism
C00692	mmu00470	D-Amino acid metabolism
C00739	mmu00470	D-Amino acid metabolism
C00740	mmu00470	D-Amino acid metabolism
C00763	mmu00470	D-Amino acid metabolism
C00792	mmu00470	D-Amino acid metabolism
C00793	mmu00470	D-Amino acid metabolism
C00819	mmu00470	D-Amino acid metabolism
C00820	mmu00470	D-Amino acid metabolism
C00855	mmu00470	D-Amino acid metabolism
C00993	mmu00470	D-Amino acid metabolism
C01110	mmu00470	D-Amino acid metabolism
C01157	mmu00470	D-Amino acid metabolism
C01180	mmu00470	D-Amino acid metabolism
C01667	mmu00470	D-Amino acid metabolism
C01672	mmu00470	D-Amino acid metabolism
C01726	mmu00470	D-Amino acid metabolism
C02237	mmu00470	D-Amino acid metabolism
C02265	mmu00470	D-Amino acid metabolism
C02855	mmu00470	D-Amino acid metabolism
C03239	mmu00470	D-Amino acid metabolism
C03341	mmu00470	D-Amino acid metabolism
C03440	mmu00470	D-Amino acid metabolism
C03564	mmu00470	D-Amino acid metabolism
C03771	mmu00470	D-Amino acid metabolism
C03933	mmu00470	D-Amino acid metabolism
C03943	mmu00470	D-Amino acid metabolism
C04260	mmu00470	D-Amino acid metabolism
C04282	mmu00470	D-Amino acid metabolism
C04457	mmu00470	D-Amino acid metabolism
C05161	mmu00470	D-Amino acid metabolism
C05620	mmu00470	D-Amino acid metabolism
C05825	mmu00470	D-Amino acid metabolism
C05939	mmu00470	D-Amino acid metabolism
C05941	mmu00470	D-Amino acid metabolism
C05942	mmu00470	D-Amino acid metabolism
C06419	mmu00470	D-Amino acid metabolism
C22024	mmu00470	D-Amino acid metabolism
C22025	mmu00470	D-Amino acid metabolism
C22611	mmu00470	D-Amino acid metabolism
C23156	mmu00470	D-Amino acid metabolism
C23175	mmu00470	D-Amino acid metabolism
C00005	mmu00480	Glutathione metabolism
C00006	mmu00480	Glutathione metabolism
C00024	mmu00480	Glutathione metabolism
C00025	mmu00480	Glutathione metabolism
C00037	mmu00480	Glutathione metabolism
C00051	mmu00480	Glutathione metabolism
C00072	mmu00480	Glutathione metabolism
C00077	mmu00480	Glutathione metabolism
C00097	mmu00480	Glutathione metabolism
C00127	mmu00480	Glutathione metabolism
C00134	mmu00480	Glutathione metabolism
C00151	mmu00480	Glutathione metabolism
C00315	mmu00480	Glutathione metabolism
C00669	mmu00480	Glutathione metabolism
C00750	mmu00480	Glutathione metabolism
C01322	mmu00480	Glutathione metabolism
C01419	mmu00480	Glutathione metabolism
C01672	mmu00480	Glutathione metabolism
C01879	mmu00480	Glutathione metabolism
C02090	mmu00480	Glutathione metabolism
C02320	mmu00480	Glutathione metabolism
C03170	mmu00480	Glutathione metabolism
C03646	mmu00480	Glutathione metabolism
C03740	mmu00480	Glutathione metabolism
C05422	mmu00480	Glutathione metabolism
C05726	mmu00480	Glutathione metabolism
C05727	mmu00480	Glutathione metabolism
C05729	mmu00480	Glutathione metabolism
C05730	mmu00480	Glutathione metabolism
C16562	mmu00480	Glutathione metabolism
C16563	mmu00480	Glutathione metabolism
C16564	mmu00480	Glutathione metabolism
C16565	mmu00480	Glutathione metabolism
C16566	mmu00480	Glutathione metabolism
C16567	mmu00480	Glutathione metabolism
C16568	mmu00480	Glutathione metabolism
C16663	mmu00480	Glutathione metabolism
C16664	mmu00480	Glutathione metabolism
C00029	mmu00500	Starch and sucrose metabolism
C00031	mmu00500	Starch and sucrose metabolism
C00085	mmu00500	Starch and sucrose metabolism
C00089	mmu00500	Starch and sucrose metabolism
C00092	mmu00500	Starch and sucrose metabolism
C00095	mmu00500	Starch and sucrose metabolism
C00103	mmu00500	Starch and sucrose metabolism
C00185	mmu00500	Starch and sucrose metabolism
C00208	mmu00500	Starch and sucrose metabolism
C00252	mmu00500	Starch and sucrose metabolism
C00369	mmu00500	Starch and sucrose metabolism
C00372	mmu00500	Starch and sucrose metabolism
C00394	mmu00500	Starch and sucrose metabolism
C00498	mmu00500	Starch and sucrose metabolism
C00501	mmu00500	Starch and sucrose metabolism
C00663	mmu00500	Starch and sucrose metabolism
C00689	mmu00500	Starch and sucrose metabolism
C00718	mmu00500	Starch and sucrose metabolism
C00721	mmu00500	Starch and sucrose metabolism
C00760	mmu00500	Starch and sucrose metabolism
C00963	mmu00500	Starch and sucrose metabolism
C00965	mmu00500	Starch and sucrose metabolism
C00973	mmu00500	Starch and sucrose metabolism
C01083	mmu00500	Starch and sucrose metabolism
C01231	mmu00500	Starch and sucrose metabolism
C01725	mmu00500	Starch and sucrose metabolism
C01898	mmu00500	Starch and sucrose metabolism
C01935	mmu00500	Starch and sucrose metabolism
C02591	mmu00500	Starch and sucrose metabolism
C02995	mmu00500	Starch and sucrose metabolism
C03323	mmu00500	Starch and sucrose metabolism
C04534	mmu00500	Starch and sucrose metabolism
C05731	mmu00500	Starch and sucrose metabolism
C06215	mmu00500	Starch and sucrose metabolism
C06400	mmu00500	Starch and sucrose metabolism
C16688	mmu00500	Starch and sucrose metabolism
C20237	mmu00500	Starch and sucrose metabolism
C00096	mmu00510	N-Glycan biosynthesis
C00110	mmu00510	N-Glycan biosynthesis
C00381	mmu00510	N-Glycan biosynthesis
C00621	mmu00510	N-Glycan biosynthesis
C01246	mmu00510	N-Glycan biosynthesis
C03021	mmu00510	N-Glycan biosynthesis
C03862	mmu00510	N-Glycan biosynthesis
C06081	mmu00510	N-Glycan biosynthesis
C22974	mmu00510	N-Glycan biosynthesis
C22975	mmu00510	N-Glycan biosynthesis
C02189	mmu00512	Mucin type O-glycan biosynthesis
C00063	mmu00515	Mannose type O-glycan biosynthesis
C00789	mmu00515	Mannose type O-glycan biosynthesis
C01068	mmu00515	Mannose type O-glycan biosynthesis
C02189	mmu00515	Mannose type O-glycan biosynthesis
C00029	mmu00520	Amino sugar and nucleotide sugar metabolism
C00031	mmu00520	Amino sugar and nucleotide sugar metabolism
C00043	mmu00520	Amino sugar and nucleotide sugar metabolism
C00052	mmu00520	Amino sugar and nucleotide sugar metabolism
C00085	mmu00520	Amino sugar and nucleotide sugar metabolism
C00095	mmu00520	Amino sugar and nucleotide sugar metabolism
C00096	mmu00520	Amino sugar and nucleotide sugar metabolism
C00103	mmu00520	Amino sugar and nucleotide sugar metabolism
C00140	mmu00520	Amino sugar and nucleotide sugar metabolism
C00159	mmu00520	Amino sugar and nucleotide sugar metabolism
C00167	mmu00520	Amino sugar and nucleotide sugar metabolism
C00181	mmu00520	Amino sugar and nucleotide sugar metabolism
C00190	mmu00520	Amino sugar and nucleotide sugar metabolism
C00191	mmu00520	Amino sugar and nucleotide sugar metabolism
C00203	mmu00520	Amino sugar and nucleotide sugar metabolism
C00216	mmu00520	Amino sugar and nucleotide sugar metabolism
C00259	mmu00520	Amino sugar and nucleotide sugar metabolism
C00267	mmu00520	Amino sugar and nucleotide sugar metabolism
C00275	mmu00520	Amino sugar and nucleotide sugar metabolism
C00325	mmu00520	Amino sugar and nucleotide sugar metabolism
C00329	mmu00520	Amino sugar and nucleotide sugar metabolism
C00333	mmu00520	Amino sugar and nucleotide sugar metabolism
C00352	mmu00520	Amino sugar and nucleotide sugar metabolism
C00357	mmu00520	Amino sugar and nucleotide sugar metabolism
C00394	mmu00520	Amino sugar and nucleotide sugar metabolism
C00446	mmu00520	Amino sugar and nucleotide sugar metabolism
C00461	mmu00520	Amino sugar and nucleotide sugar metabolism
C00498	mmu00520	Amino sugar and nucleotide sugar metabolism
C00501	mmu00520	Amino sugar and nucleotide sugar metabolism
C00617	mmu00520	Amino sugar and nucleotide sugar metabolism
C00636	mmu00520	Amino sugar and nucleotide sugar metabolism
C00645	mmu00520	Amino sugar and nucleotide sugar metabolism
C00668	mmu00520	Amino sugar and nucleotide sugar metabolism
C00714	mmu00520	Amino sugar and nucleotide sugar metabolism
C00734	mmu00520	Amino sugar and nucleotide sugar metabolism
C00842	mmu00520	Amino sugar and nucleotide sugar metabolism
C00935	mmu00520	Amino sugar and nucleotide sugar metabolism
C00976	mmu00520	Amino sugar and nucleotide sugar metabolism
C00984	mmu00520	Amino sugar and nucleotide sugar metabolism
C01019	mmu00520	Amino sugar and nucleotide sugar metabolism
C01050	mmu00520	Amino sugar and nucleotide sugar metabolism
C01132	mmu00520	Amino sugar and nucleotide sugar metabolism
C01170	mmu00520	Amino sugar and nucleotide sugar metabolism
C01623	mmu00520	Amino sugar and nucleotide sugar metabolism
C01674	mmu00520	Amino sugar and nucleotide sugar metabolism
C02262	mmu00520	Amino sugar and nucleotide sugar metabolism
C02280	mmu00520	Amino sugar and nucleotide sugar metabolism
C02352	mmu00520	Amino sugar and nucleotide sugar metabolism
C02474	mmu00520	Amino sugar and nucleotide sugar metabolism
C02713	mmu00520	Amino sugar and nucleotide sugar metabolism
C02985	mmu00520	Amino sugar and nucleotide sugar metabolism
C03733	mmu00520	Amino sugar and nucleotide sugar metabolism
C03737	mmu00520	Amino sugar and nucleotide sugar metabolism
C03906	mmu00520	Amino sugar and nucleotide sugar metabolism
C04037	mmu00520	Amino sugar and nucleotide sugar metabolism
C04257	mmu00520	Amino sugar and nucleotide sugar metabolism
C04501	mmu00520	Amino sugar and nucleotide sugar metabolism
C04631	mmu00520	Amino sugar and nucleotide sugar metabolism
C05385	mmu00520	Amino sugar and nucleotide sugar metabolism
C06023	mmu00520	Amino sugar and nucleotide sugar metabolism
C06156	mmu00520	Amino sugar and nucleotide sugar metabolism
C06376	mmu00520	Amino sugar and nucleotide sugar metabolism
C06377	mmu00520	Amino sugar and nucleotide sugar metabolism
C11521	mmu00520	Amino sugar and nucleotide sugar metabolism
C15925	mmu00520	Amino sugar and nucleotide sugar metabolism
C16183	mmu00520	Amino sugar and nucleotide sugar metabolism
C16698	mmu00520	Amino sugar and nucleotide sugar metabolism
C17269	mmu00520	Amino sugar and nucleotide sugar metabolism
C18060	mmu00520	Amino sugar and nucleotide sugar metabolism
C18094	mmu00520	Amino sugar and nucleotide sugar metabolism
C19769	mmu00520	Amino sugar and nucleotide sugar metabolism
C21027	mmu00520	Amino sugar and nucleotide sugar metabolism
C22029	mmu00520	Amino sugar and nucleotide sugar metabolism
C00025	mmu00524	Neomycin, kanamycin and gentamicin biosynthesis
C00029	mmu00524	Neomycin, kanamycin and gentamicin biosynthesis
C00031	mmu00524	Neomycin, kanamycin and gentamicin biosynthesis
C00043	mmu00524	Neomycin, kanamycin and gentamicin biosynthesis
C00092	mmu00524	Neomycin, kanamycin and gentamicin biosynthesis
C00229	mmu00524	Neomycin, kanamycin and gentamicin biosynthesis
C00397	mmu00524	Neomycin, kanamycin and gentamicin biosynthesis
C00825	mmu00524	Neomycin, kanamycin and gentamicin biosynthesis
C00832	mmu00524	Neomycin, kanamycin and gentamicin biosynthesis
C00908	mmu00524	Neomycin, kanamycin and gentamicin biosynthesis
C01441	mmu00524	Neomycin, kanamycin and gentamicin biosynthesis
C01555	mmu00524	Neomycin, kanamycin and gentamicin biosynthesis
C01737	mmu00524	Neomycin, kanamycin and gentamicin biosynthesis
C01743	mmu00524	Neomycin, kanamycin and gentamicin biosynthesis
C01759	mmu00524	Neomycin, kanamycin and gentamicin biosynthesis
C01822	mmu00524	Neomycin, kanamycin and gentamicin biosynthesis
C01823	mmu00524	Neomycin, kanamycin and gentamicin biosynthesis
C01917	mmu00524	Neomycin, kanamycin and gentamicin biosynthesis
C02033	mmu00524	Neomycin, kanamycin and gentamicin biosynthesis
C02627	mmu00524	Neomycin, kanamycin and gentamicin biosynthesis
C07656	mmu00524	Neomycin, kanamycin and gentamicin biosynthesis
C12210	mmu00524	Neomycin, kanamycin and gentamicin biosynthesis
C12211	mmu00524	Neomycin, kanamycin and gentamicin biosynthesis
C15652	mmu00524	Neomycin, kanamycin and gentamicin biosynthesis
C17209	mmu00524	Neomycin, kanamycin and gentamicin biosynthesis
C17580	mmu00524	Neomycin, kanamycin and gentamicin biosynthesis
C17581	mmu00524	Neomycin, kanamycin and gentamicin biosynthesis
C17582	mmu00524	Neomycin, kanamycin and gentamicin biosynthesis
C17583	mmu00524	Neomycin, kanamycin and gentamicin biosynthesis
C17584	mmu00524	Neomycin, kanamycin and gentamicin biosynthesis
C17585	mmu00524	Neomycin, kanamycin and gentamicin biosynthesis
C17586	mmu00524	Neomycin, kanamycin and gentamicin biosynthesis
C17587	mmu00524	Neomycin, kanamycin and gentamicin biosynthesis
C17588	mmu00524	Neomycin, kanamycin and gentamicin biosynthesis
C17589	mmu00524	Neomycin, kanamycin and gentamicin biosynthesis
C17701	mmu00524	Neomycin, kanamycin and gentamicin biosynthesis
C17702	mmu00524	Neomycin, kanamycin and gentamicin biosynthesis
C17703	mmu00524	Neomycin, kanamycin and gentamicin biosynthesis
C17704	mmu00524	Neomycin, kanamycin and gentamicin biosynthesis
C17705	mmu00524	Neomycin, kanamycin and gentamicin biosynthesis
C17706	mmu00524	Neomycin, kanamycin and gentamicin biosynthesis
C17707	mmu00524	Neomycin, kanamycin and gentamicin biosynthesis
C17712	mmu00524	Neomycin, kanamycin and gentamicin biosynthesis
C17997	mmu00524	Neomycin, kanamycin and gentamicin biosynthesis
C18000	mmu00524	Neomycin, kanamycin and gentamicin biosynthesis
C18001	mmu00524	Neomycin, kanamycin and gentamicin biosynthesis
C18002	mmu00524	Neomycin, kanamycin and gentamicin biosynthesis
C18003	mmu00524	Neomycin, kanamycin and gentamicin biosynthesis
C18004	mmu00524	Neomycin, kanamycin and gentamicin biosynthesis
C18005	mmu00524	Neomycin, kanamycin and gentamicin biosynthesis
C18006	mmu00524	Neomycin, kanamycin and gentamicin biosynthesis
C18007	mmu00524	Neomycin, kanamycin and gentamicin biosynthesis
C18008	mmu00524	Neomycin, kanamycin and gentamicin biosynthesis
C18009	mmu00524	Neomycin, kanamycin and gentamicin biosynthesis
C20350	mmu00524	Neomycin, kanamycin and gentamicin biosynthesis
C20351	mmu00524	Neomycin, kanamycin and gentamicin biosynthesis
C20353	mmu00524	Neomycin, kanamycin and gentamicin biosynthesis
C20509	mmu00524	Neomycin, kanamycin and gentamicin biosynthesis
C20614	mmu00524	Neomycin, kanamycin and gentamicin biosynthesis
C20699	mmu00524	Neomycin, kanamycin and gentamicin biosynthesis
C21176	mmu00524	Neomycin, kanamycin and gentamicin biosynthesis
C21251	mmu00524	Neomycin, kanamycin and gentamicin biosynthesis
C21252	mmu00524	Neomycin, kanamycin and gentamicin biosynthesis
C21253	mmu00524	Neomycin, kanamycin and gentamicin biosynthesis
C21254	mmu00524	Neomycin, kanamycin and gentamicin biosynthesis
C21255	mmu00524	Neomycin, kanamycin and gentamicin biosynthesis
C21256	mmu00524	Neomycin, kanamycin and gentamicin biosynthesis
C21257	mmu00524	Neomycin, kanamycin and gentamicin biosynthesis
C21258	mmu00524	Neomycin, kanamycin and gentamicin biosynthesis
C21259	mmu00524	Neomycin, kanamycin and gentamicin biosynthesis
C21260	mmu00524	Neomycin, kanamycin and gentamicin biosynthesis
C21261	mmu00524	Neomycin, kanamycin and gentamicin biosynthesis
C21262	mmu00524	Neomycin, kanamycin and gentamicin biosynthesis
C21263	mmu00524	Neomycin, kanamycin and gentamicin biosynthesis
C21264	mmu00524	Neomycin, kanamycin and gentamicin biosynthesis
C21265	mmu00524	Neomycin, kanamycin and gentamicin biosynthesis
C21266	mmu00524	Neomycin, kanamycin and gentamicin biosynthesis
C21267	mmu00524	Neomycin, kanamycin and gentamicin biosynthesis
C21268	mmu00524	Neomycin, kanamycin and gentamicin biosynthesis
C21269	mmu00524	Neomycin, kanamycin and gentamicin biosynthesis
C21270	mmu00524	Neomycin, kanamycin and gentamicin biosynthesis
C00426	mmu00531	Glycosaminoglycan degradation
C00573	mmu00531	Glycosaminoglycan degradation
C00634	mmu00531	Glycosaminoglycan degradation
C00925	mmu00531	Glycosaminoglycan degradation
C00053	mmu00532	Glycosaminoglycan biosynthesis - chondroitin sulfate / dermatan sulfate
C00054	mmu00532	Glycosaminoglycan biosynthesis - chondroitin sulfate / dermatan sulfate
C00401	mmu00532	Glycosaminoglycan biosynthesis - chondroitin sulfate / dermatan sulfate
C01490	mmu00532	Glycosaminoglycan biosynthesis - chondroitin sulfate / dermatan sulfate
C02189	mmu00532	Glycosaminoglycan biosynthesis - chondroitin sulfate / dermatan sulfate
C00033	mmu00534	Glycosaminoglycan biosynthesis - heparan sulfate / heparin
C00053	mmu00534	Glycosaminoglycan biosynthesis - heparan sulfate / heparin
C00054	mmu00534	Glycosaminoglycan biosynthesis - heparan sulfate / heparin
C02189	mmu00534	Glycosaminoglycan biosynthesis - heparan sulfate / heparin
C00029	mmu00541	Biosynthesis of various nucleotide sugars
C00043	mmu00541	Biosynthesis of various nucleotide sugars
C00096	mmu00541	Biosynthesis of various nucleotide sugars
C00103	mmu00541	Biosynthesis of various nucleotide sugars
C00128	mmu00541	Biosynthesis of various nucleotide sugars
C00167	mmu00541	Biosynthesis of various nucleotide sugars
C00199	mmu00541	Biosynthesis of various nucleotide sugars
C00203	mmu00541	Biosynthesis of various nucleotide sugars
C00270	mmu00541	Biosynthesis of various nucleotide sugars
C00275	mmu00541	Biosynthesis of various nucleotide sugars
C00325	mmu00541	Biosynthesis of various nucleotide sugars
C00501	mmu00541	Biosynthesis of various nucleotide sugars
C00636	mmu00541	Biosynthesis of various nucleotide sugars
C00645	mmu00541	Biosynthesis of various nucleotide sugars
C00688	mmu00541	Biosynthesis of various nucleotide sugars
C00842	mmu00541	Biosynthesis of various nucleotide sugars
C00996	mmu00541	Biosynthesis of various nucleotide sugars
C00999	mmu00541	Biosynthesis of various nucleotide sugars
C01112	mmu00541	Biosynthesis of various nucleotide sugars
C01170	mmu00541	Biosynthesis of various nucleotide sugars
C01187	mmu00541	Biosynthesis of various nucleotide sugars
C01219	mmu00541	Biosynthesis of various nucleotide sugars
C01222	mmu00541	Biosynthesis of various nucleotide sugars
C01788	mmu00541	Biosynthesis of various nucleotide sugars
C02199	mmu00541	Biosynthesis of various nucleotide sugars
C02330	mmu00541	Biosynthesis of various nucleotide sugars
C02977	mmu00541	Biosynthesis of various nucleotide sugars
C03117	mmu00541	Biosynthesis of various nucleotide sugars
C03187	mmu00541	Biosynthesis of various nucleotide sugars
C03319	mmu00541	Biosynthesis of various nucleotide sugars
C03410	mmu00541	Biosynthesis of various nucleotide sugars
C03598	mmu00541	Biosynthesis of various nucleotide sugars
C03599	mmu00541	Biosynthesis of various nucleotide sugars
C03691	mmu00541	Biosynthesis of various nucleotide sugars
C04089	mmu00541	Biosynthesis of various nucleotide sugars
C04121	mmu00541	Biosynthesis of various nucleotide sugars
C04257	mmu00541	Biosynthesis of various nucleotide sugars
C04268	mmu00541	Biosynthesis of various nucleotide sugars
C04297	mmu00541	Biosynthesis of various nucleotide sugars
C04346	mmu00541	Biosynthesis of various nucleotide sugars
C04478	mmu00541	Biosynthesis of various nucleotide sugars
C04501	mmu00541	Biosynthesis of various nucleotide sugars
C04573	mmu00541	Biosynthesis of various nucleotide sugars
C04613	mmu00541	Biosynthesis of various nucleotide sugars
C04630	mmu00541	Biosynthesis of various nucleotide sugars
C05382	mmu00541	Biosynthesis of various nucleotide sugars
C06018	mmu00541	Biosynthesis of various nucleotide sugars
C06240	mmu00541	Biosynthesis of various nucleotide sugars
C06241	mmu00541	Biosynthesis of various nucleotide sugars
C06397	mmu00541	Biosynthesis of various nucleotide sugars
C06398	mmu00541	Biosynthesis of various nucleotide sugars
C07277	mmu00541	Biosynthesis of various nucleotide sugars
C07836	mmu00541	Biosynthesis of various nucleotide sugars
C07838	mmu00541	Biosynthesis of various nucleotide sugars
C11472	mmu00541	Biosynthesis of various nucleotide sugars
C11907	mmu00541	Biosynthesis of various nucleotide sugars
C11908	mmu00541	Biosynthesis of various nucleotide sugars
C11925	mmu00541	Biosynthesis of various nucleotide sugars
C13952	mmu00541	Biosynthesis of various nucleotide sugars
C16153	mmu00541	Biosynthesis of various nucleotide sugars
C16154	mmu00541	Biosynthesis of various nucleotide sugars
C16155	mmu00541	Biosynthesis of various nucleotide sugars
C16156	mmu00541	Biosynthesis of various nucleotide sugars
C16157	mmu00541	Biosynthesis of various nucleotide sugars
C17326	mmu00541	Biosynthesis of various nucleotide sugars
C17327	mmu00541	Biosynthesis of various nucleotide sugars
C17328	mmu00541	Biosynthesis of various nucleotide sugars
C19725	mmu00541	Biosynthesis of various nucleotide sugars
C19745	mmu00541	Biosynthesis of various nucleotide sugars
C19823	mmu00541	Biosynthesis of various nucleotide sugars
C19878	mmu00541	Biosynthesis of various nucleotide sugars
C19879	mmu00541	Biosynthesis of various nucleotide sugars
C19880	mmu00541	Biosynthesis of various nucleotide sugars
C19881	mmu00541	Biosynthesis of various nucleotide sugars
C19947	mmu00541	Biosynthesis of various nucleotide sugars
C19960	mmu00541	Biosynthesis of various nucleotide sugars
C19961	mmu00541	Biosynthesis of various nucleotide sugars
C19971	mmu00541	Biosynthesis of various nucleotide sugars
C19972	mmu00541	Biosynthesis of various nucleotide sugars
C20082	mmu00541	Biosynthesis of various nucleotide sugars
C20083	mmu00541	Biosynthesis of various nucleotide sugars
C20156	mmu00541	Biosynthesis of various nucleotide sugars
C20357	mmu00541	Biosynthesis of various nucleotide sugars
C20359	mmu00541	Biosynthesis of various nucleotide sugars
C20395	mmu00541	Biosynthesis of various nucleotide sugars
C20415	mmu00541	Biosynthesis of various nucleotide sugars
C20418	mmu00541	Biosynthesis of various nucleotide sugars
C20419	mmu00541	Biosynthesis of various nucleotide sugars
C20424	mmu00541	Biosynthesis of various nucleotide sugars
C20612	mmu00541	Biosynthesis of various nucleotide sugars
C20613	mmu00541	Biosynthesis of various nucleotide sugars
C20638	mmu00541	Biosynthesis of various nucleotide sugars
C20672	mmu00541	Biosynthesis of various nucleotide sugars
C20682	mmu00541	Biosynthesis of various nucleotide sugars
C20768	mmu00541	Biosynthesis of various nucleotide sugars
C20769	mmu00541	Biosynthesis of various nucleotide sugars
C20774	mmu00541	Biosynthesis of various nucleotide sugars
C20934	mmu00541	Biosynthesis of various nucleotide sugars
C21383	mmu00541	Biosynthesis of various nucleotide sugars
C21384	mmu00541	Biosynthesis of various nucleotide sugars
C22245	mmu00541	Biosynthesis of various nucleotide sugars
C22246	mmu00541	Biosynthesis of various nucleotide sugars
C22247	mmu00541	Biosynthesis of various nucleotide sugars
C22248	mmu00541	Biosynthesis of various nucleotide sugars
C22249	mmu00541	Biosynthesis of various nucleotide sugars
C22250	mmu00541	Biosynthesis of various nucleotide sugars
C22251	mmu00541	Biosynthesis of various nucleotide sugars
C22252	mmu00541	Biosynthesis of various nucleotide sugars
C22253	mmu00541	Biosynthesis of various nucleotide sugars
C22254	mmu00541	Biosynthesis of various nucleotide sugars
C22255	mmu00541	Biosynthesis of various nucleotide sugars
C22256	mmu00541	Biosynthesis of various nucleotide sugars
C22257	mmu00541	Biosynthesis of various nucleotide sugars
C22261	mmu00541	Biosynthesis of various nucleotide sugars
C22262	mmu00541	Biosynthesis of various nucleotide sugars
C22270	mmu00541	Biosynthesis of various nucleotide sugars
C22276	mmu00541	Biosynthesis of various nucleotide sugars
C22397	mmu00541	Biosynthesis of various nucleotide sugars
C22575	mmu00541	Biosynthesis of various nucleotide sugars
C22576	mmu00541	Biosynthesis of various nucleotide sugars
C22938	mmu00541	Biosynthesis of various nucleotide sugars
C22973	mmu00541	Biosynthesis of various nucleotide sugars
C00029	mmu00561	Glycerolipid metabolism
C00040	mmu00561	Glycerolipid metabolism
C00093	mmu00561	Glycerolipid metabolism
C00103	mmu00561	Glycerolipid metabolism
C00111	mmu00561	Glycerolipid metabolism
C00116	mmu00561	Glycerolipid metabolism
C00162	mmu00561	Glycerolipid metabolism
C00173	mmu00561	Glycerolipid metabolism
C00184	mmu00561	Glycerolipid metabolism
C00197	mmu00561	Glycerolipid metabolism
C00258	mmu00561	Glycerolipid metabolism
C00416	mmu00561	Glycerolipid metabolism
C00422	mmu00561	Glycerolipid metabolism
C00577	mmu00561	Glycerolipid metabolism
C00631	mmu00561	Glycerolipid metabolism
C00641	mmu00561	Glycerolipid metabolism
C00681	mmu00561	Glycerolipid metabolism
C00969	mmu00561	Glycerolipid metabolism
C01885	mmu00561	Glycerolipid metabolism
C02133	mmu00561	Glycerolipid metabolism
C02457	mmu00561	Glycerolipid metabolism
C03692	mmu00561	Glycerolipid metabolism
C04046	mmu00561	Glycerolipid metabolism
C04315	mmu00561	Glycerolipid metabolism
C04872	mmu00561	Glycerolipid metabolism
C05401	mmu00561	Glycerolipid metabolism
C06037	mmu00561	Glycerolipid metabolism
C06038	mmu00561	Glycerolipid metabolism
C06040	mmu00561	Glycerolipid metabolism
C06041	mmu00561	Glycerolipid metabolism
C06042	mmu00561	Glycerolipid metabolism
C06364	mmu00561	Glycerolipid metabolism
C06365	mmu00561	Glycerolipid metabolism
C11521	mmu00561	Glycerolipid metabolism
C13508	mmu00561	Glycerolipid metabolism
C20897	mmu00561	Glycerolipid metabolism
C20898	mmu00561	Glycerolipid metabolism
C20991	mmu00561	Glycerolipid metabolism
C00024	mmu00562	Inositol phosphate metabolism
C00092	mmu00562	Inositol phosphate metabolism
C00111	mmu00562	Inositol phosphate metabolism
C00118	mmu00562	Inositol phosphate metabolism
C00137	mmu00562	Inositol phosphate metabolism
C00191	mmu00562	Inositol phosphate metabolism
C00222	mmu00562	Inositol phosphate metabolism
C00558	mmu00562	Inositol phosphate metabolism
C00641	mmu00562	Inositol phosphate metabolism
C00691	mmu00562	Inositol phosphate metabolism
C01177	mmu00562	Inositol phosphate metabolism
C01194	mmu00562	Inositol phosphate metabolism
C01204	mmu00562	Inositol phosphate metabolism
C01220	mmu00562	Inositol phosphate metabolism
C01243	mmu00562	Inositol phosphate metabolism
C01245	mmu00562	Inositol phosphate metabolism
C01272	mmu00562	Inositol phosphate metabolism
C01277	mmu00562	Inositol phosphate metabolism
C01284	mmu00562	Inositol phosphate metabolism
C03546	mmu00562	Inositol phosphate metabolism
C03659	mmu00562	Inositol phosphate metabolism
C03660	mmu00562	Inositol phosphate metabolism
C04006	mmu00562	Inositol phosphate metabolism
C04062	mmu00562	Inositol phosphate metabolism
C04063	mmu00562	Inositol phosphate metabolism
C04287	mmu00562	Inositol phosphate metabolism
C04477	mmu00562	Inositol phosphate metabolism
C04520	mmu00562	Inositol phosphate metabolism
C04549	mmu00562	Inositol phosphate metabolism
C04563	mmu00562	Inositol phosphate metabolism
C04579	mmu00562	Inositol phosphate metabolism
C04637	mmu00562	Inositol phosphate metabolism
C05981	mmu00562	Inositol phosphate metabolism
C06153	mmu00562	Inositol phosphate metabolism
C06892	mmu00562	Inositol phosphate metabolism
C06893	mmu00562	Inositol phosphate metabolism
C11174	mmu00562	Inositol phosphate metabolism
C11526	mmu00562	Inositol phosphate metabolism
C11554	mmu00562	Inositol phosphate metabolism
C11555	mmu00562	Inositol phosphate metabolism
C11556	mmu00562	Inositol phosphate metabolism
C11557	mmu00562	Inositol phosphate metabolism
C16737	mmu00562	Inositol phosphate metabolism
C19794	mmu00562	Inositol phosphate metabolism
C19799	mmu00562	Inositol phosphate metabolism
C19891	mmu00562	Inositol phosphate metabolism
C20251	mmu00562	Inositol phosphate metabolism
C20690	mmu00562	Inositol phosphate metabolism
C21643	mmu00562	Inositol phosphate metabolism
C21644	mmu00562	Inositol phosphate metabolism
C00154	mmu00563	Glycosylphosphatidylinositol (GPI)-anchor biosynthesis
C00249	mmu00563	Glycosylphosphatidylinositol (GPI)-anchor biosynthesis
C00346	mmu00563	Glycosylphosphatidylinositol (GPI)-anchor biosynthesis
C00350	mmu00563	Glycosylphosphatidylinositol (GPI)-anchor biosynthesis
C00412	mmu00563	Glycosylphosphatidylinositol (GPI)-anchor biosynthesis
C01194	mmu00563	Glycosylphosphatidylinositol (GPI)-anchor biosynthesis
C21932	mmu00563	Glycosylphosphatidylinositol (GPI)-anchor biosynthesis
C22963	mmu00563	Glycosylphosphatidylinositol (GPI)-anchor biosynthesis
C22964	mmu00563	Glycosylphosphatidylinositol (GPI)-anchor biosynthesis
C22965	mmu00563	Glycosylphosphatidylinositol (GPI)-anchor biosynthesis
C22966	mmu00563	Glycosylphosphatidylinositol (GPI)-anchor biosynthesis
C22967	mmu00563	Glycosylphosphatidylinositol (GPI)-anchor biosynthesis
C22968	mmu00563	Glycosylphosphatidylinositol (GPI)-anchor biosynthesis
C22970	mmu00563	Glycosylphosphatidylinositol (GPI)-anchor biosynthesis
C22971	mmu00563	Glycosylphosphatidylinositol (GPI)-anchor biosynthesis
C22972	mmu00563	Glycosylphosphatidylinositol (GPI)-anchor biosynthesis
C00040	mmu00564	Glycerophospholipid metabolism
C00065	mmu00564	Glycerophospholipid metabolism
C00084	mmu00564	Glycerophospholipid metabolism
C00093	mmu00564	Glycerophospholipid metabolism
C00111	mmu00564	Glycerophospholipid metabolism
C00114	mmu00564	Glycerophospholipid metabolism
C00157	mmu00564	Glycerophospholipid metabolism
C00189	mmu00564	Glycerophospholipid metabolism
C00269	mmu00564	Glycerophospholipid metabolism
C00307	mmu00564	Glycerophospholipid metabolism
C00344	mmu00564	Glycerophospholipid metabolism
C00346	mmu00564	Glycerophospholipid metabolism
C00350	mmu00564	Glycerophospholipid metabolism
C00416	mmu00564	Glycerophospholipid metabolism
C00513	mmu00564	Glycerophospholipid metabolism
C00570	mmu00564	Glycerophospholipid metabolism
C00588	mmu00564	Glycerophospholipid metabolism
C00623	mmu00564	Glycerophospholipid metabolism
C00641	mmu00564	Glycerophospholipid metabolism
C00670	mmu00564	Glycerophospholipid metabolism
C00681	mmu00564	Glycerophospholipid metabolism
C01194	mmu00564	Glycerophospholipid metabolism
C01210	mmu00564	Glycerophospholipid metabolism
C01233	mmu00564	Glycerophospholipid metabolism
C01241	mmu00564	Glycerophospholipid metabolism
C01996	mmu00564	Glycerophospholipid metabolism
C02737	mmu00564	Glycerophospholipid metabolism
C03372	mmu00564	Glycerophospholipid metabolism
C03819	mmu00564	Glycerophospholipid metabolism
C03872	mmu00564	Glycerophospholipid metabolism
C03892	mmu00564	Glycerophospholipid metabolism
C03974	mmu00564	Glycerophospholipid metabolism
C04230	mmu00564	Glycerophospholipid metabolism
C04233	mmu00564	Glycerophospholipid metabolism
C04308	mmu00564	Glycerophospholipid metabolism
C04438	mmu00564	Glycerophospholipid metabolism
C04590	mmu00564	Glycerophospholipid metabolism
C04638	mmu00564	Glycerophospholipid metabolism
C05973	mmu00564	Glycerophospholipid metabolism
C05974	mmu00564	Glycerophospholipid metabolism
C05976	mmu00564	Glycerophospholipid metabolism
C05980	mmu00564	Glycerophospholipid metabolism
C06771	mmu00564	Glycerophospholipid metabolism
C06772	mmu00564	Glycerophospholipid metabolism
C13482	mmu00564	Glycerophospholipid metabolism
C18059	mmu00564	Glycerophospholipid metabolism
C18125	mmu00564	Glycerophospholipid metabolism
C18126	mmu00564	Glycerophospholipid metabolism
C18129	mmu00564	Glycerophospholipid metabolism
C18168	mmu00564	Glycerophospholipid metabolism
C18169	mmu00564	Glycerophospholipid metabolism
C20466	mmu00564	Glycerophospholipid metabolism
C20518	mmu00564	Glycerophospholipid metabolism
C22340	mmu00564	Glycerophospholipid metabolism
C22341	mmu00564	Glycerophospholipid metabolism
C22342	mmu00564	Glycerophospholipid metabolism
C00670	mmu00565	Ether lipid metabolism
C00958	mmu00565	Ether lipid metabolism
C01233	mmu00565	Ether lipid metabolism
C01264	mmu00565	Ether lipid metabolism
C02773	mmu00565	Ether lipid metabolism
C03201	mmu00565	Ether lipid metabolism
C03372	mmu00565	Ether lipid metabolism
C03454	mmu00565	Ether lipid metabolism
C03715	mmu00565	Ether lipid metabolism
C03820	mmu00565	Ether lipid metabolism
C03968	mmu00565	Ether lipid metabolism
C04317	mmu00565	Ether lipid metabolism
C04361	mmu00565	Ether lipid metabolism
C04475	mmu00565	Ether lipid metabolism
C04517	mmu00565	Ether lipid metabolism
C04598	mmu00565	Ether lipid metabolism
C04635	mmu00565	Ether lipid metabolism
C04756	mmu00565	Ether lipid metabolism
C05212	mmu00565	Ether lipid metabolism
C05977	mmu00565	Ether lipid metabolism
C15645	mmu00565	Ether lipid metabolism
C15646	mmu00565	Ether lipid metabolism
C15647	mmu00565	Ether lipid metabolism
C20825	mmu00565	Ether lipid metabolism
C20859	mmu00565	Ether lipid metabolism
C00157	mmu00590	Arachidonic acid metabolism
C00219	mmu00590	Arachidonic acid metabolism
C00427	mmu00590	Arachidonic acid metabolism
C00584	mmu00590	Arachidonic acid metabolism
C00639	mmu00590	Arachidonic acid metabolism
C00696	mmu00590	Arachidonic acid metabolism
C00909	mmu00590	Arachidonic acid metabolism
C01312	mmu00590	Arachidonic acid metabolism
C02165	mmu00590	Arachidonic acid metabolism
C02166	mmu00590	Arachidonic acid metabolism
C02198	mmu00590	Arachidonic acid metabolism
C03577	mmu00590	Arachidonic acid metabolism
C04577	mmu00590	Arachidonic acid metabolism
C04671	mmu00590	Arachidonic acid metabolism
C04707	mmu00590	Arachidonic acid metabolism
C04742	mmu00590	Arachidonic acid metabolism
C04758	mmu00590	Arachidonic acid metabolism
C04805	mmu00590	Arachidonic acid metabolism
C04822	mmu00590	Arachidonic acid metabolism
C04835	mmu00590	Arachidonic acid metabolism
C04853	mmu00590	Arachidonic acid metabolism
C05356	mmu00590	Arachidonic acid metabolism
C05949	mmu00590	Arachidonic acid metabolism
C05950	mmu00590	Arachidonic acid metabolism
C05951	mmu00590	Arachidonic acid metabolism
C05952	mmu00590	Arachidonic acid metabolism
C05953	mmu00590	Arachidonic acid metabolism
C05954	mmu00590	Arachidonic acid metabolism
C05955	mmu00590	Arachidonic acid metabolism
C05956	mmu00590	Arachidonic acid metabolism
C05957	mmu00590	Arachidonic acid metabolism
C05958	mmu00590	Arachidonic acid metabolism
C05959	mmu00590	Arachidonic acid metabolism
C05960	mmu00590	Arachidonic acid metabolism
C05961	mmu00590	Arachidonic acid metabolism
C05962	mmu00590	Arachidonic acid metabolism
C05963	mmu00590	Arachidonic acid metabolism
C05964	mmu00590	Arachidonic acid metabolism
C05965	mmu00590	Arachidonic acid metabolism
C05966	mmu00590	Arachidonic acid metabolism
C06314	mmu00590	Arachidonic acid metabolism
C06315	mmu00590	Arachidonic acid metabolism
C06462	mmu00590	Arachidonic acid metabolism
C13809	mmu00590	Arachidonic acid metabolism
C14717	mmu00590	Arachidonic acid metabolism
C14732	mmu00590	Arachidonic acid metabolism
C14748	mmu00590	Arachidonic acid metabolism
C14749	mmu00590	Arachidonic acid metabolism
C14768	mmu00590	Arachidonic acid metabolism
C14769	mmu00590	Arachidonic acid metabolism
C14770	mmu00590	Arachidonic acid metabolism
C14771	mmu00590	Arachidonic acid metabolism
C14772	mmu00590	Arachidonic acid metabolism
C14773	mmu00590	Arachidonic acid metabolism
C14774	mmu00590	Arachidonic acid metabolism
C14775	mmu00590	Arachidonic acid metabolism
C14776	mmu00590	Arachidonic acid metabolism
C14777	mmu00590	Arachidonic acid metabolism
C14778	mmu00590	Arachidonic acid metabolism
C14779	mmu00590	Arachidonic acid metabolism
C14780	mmu00590	Arachidonic acid metabolism
C14781	mmu00590	Arachidonic acid metabolism
C14782	mmu00590	Arachidonic acid metabolism
C14794	mmu00590	Arachidonic acid metabolism
C14795	mmu00590	Arachidonic acid metabolism
C14807	mmu00590	Arachidonic acid metabolism
C14808	mmu00590	Arachidonic acid metabolism
C14809	mmu00590	Arachidonic acid metabolism
C14810	mmu00590	Arachidonic acid metabolism
C14811	mmu00590	Arachidonic acid metabolism
C14812	mmu00590	Arachidonic acid metabolism
C14813	mmu00590	Arachidonic acid metabolism
C14814	mmu00590	Arachidonic acid metabolism
C14815	mmu00590	Arachidonic acid metabolism
C14820	mmu00590	Arachidonic acid metabolism
C14821	mmu00590	Arachidonic acid metabolism
C14822	mmu00590	Arachidonic acid metabolism
C14823	mmu00590	Arachidonic acid metabolism
C14824	mmu00590	Arachidonic acid metabolism
C00157	mmu00591	Linoleic acid metabolism
C00219	mmu00591	Linoleic acid metabolism
C01595	mmu00591	Linoleic acid metabolism
C03242	mmu00591	Linoleic acid metabolism
C04056	mmu00591	Linoleic acid metabolism
C04717	mmu00591	Linoleic acid metabolism
C06426	mmu00591	Linoleic acid metabolism
C07289	mmu00591	Linoleic acid metabolism
C07338	mmu00591	Linoleic acid metabolism
C07354	mmu00591	Linoleic acid metabolism
C14762	mmu00591	Linoleic acid metabolism
C14765	mmu00591	Linoleic acid metabolism
C14766	mmu00591	Linoleic acid metabolism
C14767	mmu00591	Linoleic acid metabolism
C14825	mmu00591	Linoleic acid metabolism
C14826	mmu00591	Linoleic acid metabolism
C14827	mmu00591	Linoleic acid metabolism
C14828	mmu00591	Linoleic acid metabolism
C14829	mmu00591	Linoleic acid metabolism
C14831	mmu00591	Linoleic acid metabolism
C14832	mmu00591	Linoleic acid metabolism
C14833	mmu00591	Linoleic acid metabolism
C14834	mmu00591	Linoleic acid metabolism
C14835	mmu00591	Linoleic acid metabolism
C14836	mmu00591	Linoleic acid metabolism
C14837	mmu00591	Linoleic acid metabolism
C19937	mmu00591	Linoleic acid metabolism
C20186	mmu00591	Linoleic acid metabolism
C22918	mmu00591	Linoleic acid metabolism
C00157	mmu00592	alpha-Linolenic acid metabolism
C00235	mmu00592	alpha-Linolenic acid metabolism
C01226	mmu00592	alpha-Linolenic acid metabolism
C04672	mmu00592	alpha-Linolenic acid metabolism
C04780	mmu00592	alpha-Linolenic acid metabolism
C04785	mmu00592	alpha-Linolenic acid metabolism
C06427	mmu00592	alpha-Linolenic acid metabolism
C07594	mmu00592	alpha-Linolenic acid metabolism
C08490	mmu00592	alpha-Linolenic acid metabolism
C08491	mmu00592	alpha-Linolenic acid metabolism
C08492	mmu00592	alpha-Linolenic acid metabolism
C09842	mmu00592	alpha-Linolenic acid metabolism
C09845	mmu00592	alpha-Linolenic acid metabolism
C09846	mmu00592	alpha-Linolenic acid metabolism
C09894	mmu00592	alpha-Linolenic acid metabolism
C11512	mmu00592	alpha-Linolenic acid metabolism
C16300	mmu00592	alpha-Linolenic acid metabolism
C16308	mmu00592	alpha-Linolenic acid metabolism
C16309	mmu00592	alpha-Linolenic acid metabolism
C16310	mmu00592	alpha-Linolenic acid metabolism
C16311	mmu00592	alpha-Linolenic acid metabolism
C16316	mmu00592	alpha-Linolenic acid metabolism
C16317	mmu00592	alpha-Linolenic acid metabolism
C16318	mmu00592	alpha-Linolenic acid metabolism
C16319	mmu00592	alpha-Linolenic acid metabolism
C16320	mmu00592	alpha-Linolenic acid metabolism
C16321	mmu00592	alpha-Linolenic acid metabolism
C16322	mmu00592	alpha-Linolenic acid metabolism
C16323	mmu00592	alpha-Linolenic acid metabolism
C16324	mmu00592	alpha-Linolenic acid metabolism
C16325	mmu00592	alpha-Linolenic acid metabolism
C16326	mmu00592	alpha-Linolenic acid metabolism
C16327	mmu00592	alpha-Linolenic acid metabolism
C16328	mmu00592	alpha-Linolenic acid metabolism
C16330	mmu00592	alpha-Linolenic acid metabolism
C16331	mmu00592	alpha-Linolenic acid metabolism
C16332	mmu00592	alpha-Linolenic acid metabolism
C16334	mmu00592	alpha-Linolenic acid metabolism
C16335	mmu00592	alpha-Linolenic acid metabolism
C16336	mmu00592	alpha-Linolenic acid metabolism
C16338	mmu00592	alpha-Linolenic acid metabolism
C16339	mmu00592	alpha-Linolenic acid metabolism
C16341	mmu00592	alpha-Linolenic acid metabolism
C16342	mmu00592	alpha-Linolenic acid metabolism
C16343	mmu00592	alpha-Linolenic acid metabolism
C16344	mmu00592	alpha-Linolenic acid metabolism
C16345	mmu00592	alpha-Linolenic acid metabolism
C16346	mmu00592	alpha-Linolenic acid metabolism
C16780	mmu00592	alpha-Linolenic acid metabolism
C16781	mmu00592	alpha-Linolenic acid metabolism
C17611	mmu00592	alpha-Linolenic acid metabolism
C18051	mmu00592	alpha-Linolenic acid metabolism
C19757	mmu00592	alpha-Linolenic acid metabolism
C21923	mmu00592	alpha-Linolenic acid metabolism
C21924	mmu00592	alpha-Linolenic acid metabolism
C23138	mmu00592	alpha-Linolenic acid metabolism
C23139	mmu00592	alpha-Linolenic acid metabolism
C23140	mmu00592	alpha-Linolenic acid metabolism
C23141	mmu00592	alpha-Linolenic acid metabolism
C23142	mmu00592	alpha-Linolenic acid metabolism
C23143	mmu00592	alpha-Linolenic acid metabolism
C23144	mmu00592	alpha-Linolenic acid metabolism
C23145	mmu00592	alpha-Linolenic acid metabolism
C23146	mmu00592	alpha-Linolenic acid metabolism
C23147	mmu00592	alpha-Linolenic acid metabolism
C23148	mmu00592	alpha-Linolenic acid metabolism
C23149	mmu00592	alpha-Linolenic acid metabolism
C00065	mmu00600	Sphingolipid metabolism
C00154	mmu00600	Sphingolipid metabolism
C00195	mmu00600	Sphingolipid metabolism
C00319	mmu00600	Sphingolipid metabolism
C00346	mmu00600	Sphingolipid metabolism
C00550	mmu00600	Sphingolipid metabolism
C00836	mmu00600	Sphingolipid metabolism
C01120	mmu00600	Sphingolipid metabolism
C01190	mmu00600	Sphingolipid metabolism
C01290	mmu00600	Sphingolipid metabolism
C01747	mmu00600	Sphingolipid metabolism
C02686	mmu00600	Sphingolipid metabolism
C02934	mmu00600	Sphingolipid metabolism
C02960	mmu00600	Sphingolipid metabolism
C03108	mmu00600	Sphingolipid metabolism
C03272	mmu00600	Sphingolipid metabolism
C03405	mmu00600	Sphingolipid metabolism
C03640	mmu00600	Sphingolipid metabolism
C04730	mmu00600	Sphingolipid metabolism
C04737	mmu00600	Sphingolipid metabolism
C04884	mmu00600	Sphingolipid metabolism
C04911	mmu00600	Sphingolipid metabolism
C05681	mmu00600	Sphingolipid metabolism
C06062	mmu00600	Sphingolipid metabolism
C06124	mmu00600	Sphingolipid metabolism
C06125	mmu00600	Sphingolipid metabolism
C06126	mmu00600	Sphingolipid metabolism
C06127	mmu00600	Sphingolipid metabolism
C06128	mmu00600	Sphingolipid metabolism
C06135	mmu00600	Sphingolipid metabolism
C06136	mmu00600	Sphingolipid metabolism
C12126	mmu00600	Sphingolipid metabolism
C12144	mmu00600	Sphingolipid metabolism
C12145	mmu00600	Sphingolipid metabolism
C22467	mmu00600	Sphingolipid metabolism
C23072	mmu00600	Sphingolipid metabolism
C00022	mmu00620	Pyruvate metabolism
C00024	mmu00620	Pyruvate metabolism
C00033	mmu00620	Pyruvate metabolism
C00036	mmu00620	Pyruvate metabolism
C00042	mmu00620	Pyruvate metabolism
C00058	mmu00620	Pyruvate metabolism
C00068	mmu00620	Pyruvate metabolism
C00074	mmu00620	Pyruvate metabolism
C00083	mmu00620	Pyruvate metabolism
C00084	mmu00620	Pyruvate metabolism
C00122	mmu00620	Pyruvate metabolism
C00149	mmu00620	Pyruvate metabolism
C00186	mmu00620	Pyruvate metabolism
C00227	mmu00620	Pyruvate metabolism
C00256	mmu00620	Pyruvate metabolism
C00332	mmu00620	Pyruvate metabolism
C00424	mmu00620	Pyruvate metabolism
C00469	mmu00620	Pyruvate metabolism
C00546	mmu00620	Pyruvate metabolism
C00937	mmu00620	Pyruvate metabolism
C01251	mmu00620	Pyruvate metabolism
C02488	mmu00620	Pyruvate metabolism
C02504	mmu00620	Pyruvate metabolism
C03248	mmu00620	Pyruvate metabolism
C03451	mmu00620	Pyruvate metabolism
C03981	mmu00620	Pyruvate metabolism
C05125	mmu00620	Pyruvate metabolism
C05993	mmu00620	Pyruvate metabolism
C05994	mmu00620	Pyruvate metabolism
C15972	mmu00620	Pyruvate metabolism
C15973	mmu00620	Pyruvate metabolism
C16255	mmu00620	Pyruvate metabolism
C00007	mmu00630	Glyoxylate and dicarboxylate metabolism
C00011	mmu00630	Glyoxylate and dicarboxylate metabolism
C00014	mmu00630	Glyoxylate and dicarboxylate metabolism
C00022	mmu00630	Glyoxylate and dicarboxylate metabolism
C00024	mmu00630	Glyoxylate and dicarboxylate metabolism
C00025	mmu00630	Glyoxylate and dicarboxylate metabolism
C00026	mmu00630	Glyoxylate and dicarboxylate metabolism
C00027	mmu00630	Glyoxylate and dicarboxylate metabolism
C00033	mmu00630	Glyoxylate and dicarboxylate metabolism
C00036	mmu00630	Glyoxylate and dicarboxylate metabolism
C00037	mmu00630	Glyoxylate and dicarboxylate metabolism
C00042	mmu00630	Glyoxylate and dicarboxylate metabolism
C00048	mmu00630	Glyoxylate and dicarboxylate metabolism
C00049	mmu00630	Glyoxylate and dicarboxylate metabolism
C00058	mmu00630	Glyoxylate and dicarboxylate metabolism
C00064	mmu00630	Glyoxylate and dicarboxylate metabolism
C00065	mmu00630	Glyoxylate and dicarboxylate metabolism
C00091	mmu00630	Glyoxylate and dicarboxylate metabolism
C00100	mmu00630	Glyoxylate and dicarboxylate metabolism
C00111	mmu00630	Glyoxylate and dicarboxylate metabolism
C00136	mmu00630	Glyoxylate and dicarboxylate metabolism
C00149	mmu00630	Glyoxylate and dicarboxylate metabolism
C00158	mmu00630	Glyoxylate and dicarboxylate metabolism
C00160	mmu00630	Glyoxylate and dicarboxylate metabolism
C00168	mmu00630	Glyoxylate and dicarboxylate metabolism
C00197	mmu00630	Glyoxylate and dicarboxylate metabolism
C00209	mmu00630	Glyoxylate and dicarboxylate metabolism
C00258	mmu00630	Glyoxylate and dicarboxylate metabolism
C00266	mmu00630	Glyoxylate and dicarboxylate metabolism
C00311	mmu00630	Glyoxylate and dicarboxylate metabolism
C00313	mmu00630	Glyoxylate and dicarboxylate metabolism
C00332	mmu00630	Glyoxylate and dicarboxylate metabolism
C00417	mmu00630	Glyoxylate and dicarboxylate metabolism
C00552	mmu00630	Glyoxylate and dicarboxylate metabolism
C00631	mmu00630	Glyoxylate and dicarboxylate metabolism
C00683	mmu00630	Glyoxylate and dicarboxylate metabolism
C00798	mmu00630	Glyoxylate and dicarboxylate metabolism
C00877	mmu00630	Glyoxylate and dicarboxylate metabolism
C00888	mmu00630	Glyoxylate and dicarboxylate metabolism
C00898	mmu00630	Glyoxylate and dicarboxylate metabolism
C00975	mmu00630	Glyoxylate and dicarboxylate metabolism
C00988	mmu00630	Glyoxylate and dicarboxylate metabolism
C01127	mmu00630	Glyoxylate and dicarboxylate metabolism
C01146	mmu00630	Glyoxylate and dicarboxylate metabolism
C01182	mmu00630	Glyoxylate and dicarboxylate metabolism
C01213	mmu00630	Glyoxylate and dicarboxylate metabolism
C01380	mmu00630	Glyoxylate and dicarboxylate metabolism
C01732	mmu00630	Glyoxylate and dicarboxylate metabolism
C01989	mmu00630	Glyoxylate and dicarboxylate metabolism
C01990	mmu00630	Glyoxylate and dicarboxylate metabolism
C02123	mmu00630	Glyoxylate and dicarboxylate metabolism
C02405	mmu00630	Glyoxylate and dicarboxylate metabolism
C03217	mmu00630	Glyoxylate and dicarboxylate metabolism
C03459	mmu00630	Glyoxylate and dicarboxylate metabolism
C03548	mmu00630	Glyoxylate and dicarboxylate metabolism
C03561	mmu00630	Glyoxylate and dicarboxylate metabolism
C03618	mmu00630	Glyoxylate and dicarboxylate metabolism
C04348	mmu00630	Glyoxylate and dicarboxylate metabolism
C05840	mmu00630	Glyoxylate and dicarboxylate metabolism
C06027	mmu00630	Glyoxylate and dicarboxylate metabolism
C06028	mmu00630	Glyoxylate and dicarboxylate metabolism
C06049	mmu00630	Glyoxylate and dicarboxylate metabolism
C18026	mmu00630	Glyoxylate and dicarboxylate metabolism
C18324	mmu00630	Glyoxylate and dicarboxylate metabolism
C19838	mmu00630	Glyoxylate and dicarboxylate metabolism
C20238	mmu00630	Glyoxylate and dicarboxylate metabolism
C22337	mmu00630	Glyoxylate and dicarboxylate metabolism
C00024	mmu00640	Propanoate metabolism
C00036	mmu00640	Propanoate metabolism
C00042	mmu00640	Propanoate metabolism
C00068	mmu00640	Propanoate metabolism
C00083	mmu00640	Propanoate metabolism
C00091	mmu00640	Propanoate metabolism
C00099	mmu00640	Propanoate metabolism
C00100	mmu00640	Propanoate metabolism
C00109	mmu00640	Propanoate metabolism
C00111	mmu00640	Propanoate metabolism
C00163	mmu00640	Propanoate metabolism
C00186	mmu00640	Propanoate metabolism
C00222	mmu00640	Propanoate metabolism
C00424	mmu00640	Propanoate metabolism
C00479	mmu00640	Propanoate metabolism
C00511	mmu00640	Propanoate metabolism
C00546	mmu00640	Propanoate metabolism
C00583	mmu00640	Propanoate metabolism
C00683	mmu00640	Propanoate metabolism
C00804	mmu00640	Propanoate metabolism
C00827	mmu00640	Propanoate metabolism
C00894	mmu00640	Propanoate metabolism
C01013	mmu00640	Propanoate metabolism
C01213	mmu00640	Propanoate metabolism
C02170	mmu00640	Propanoate metabolism
C02225	mmu00640	Propanoate metabolism
C02335	mmu00640	Propanoate metabolism
C02876	mmu00640	Propanoate metabolism
C04225	mmu00640	Propanoate metabolism
C04593	mmu00640	Propanoate metabolism
C05235	mmu00640	Propanoate metabolism
C05668	mmu00640	Propanoate metabolism
C05979	mmu00640	Propanoate metabolism
C05983	mmu00640	Propanoate metabolism
C05984	mmu00640	Propanoate metabolism
C05989	mmu00640	Propanoate metabolism
C06002	mmu00640	Propanoate metabolism
C15972	mmu00640	Propanoate metabolism
C15973	mmu00640	Propanoate metabolism
C21017	mmu00640	Propanoate metabolism
C21018	mmu00640	Propanoate metabolism
C21250	mmu00640	Propanoate metabolism
C00022	mmu00650	Butanoate metabolism
C00024	mmu00650	Butanoate metabolism
C00025	mmu00650	Butanoate metabolism
C00026	mmu00650	Butanoate metabolism
C00042	mmu00650	Butanoate metabolism
C00091	mmu00650	Butanoate metabolism
C00122	mmu00650	Butanoate metabolism
C00132	mmu00650	Butanoate metabolism
C00136	mmu00650	Butanoate metabolism
C00164	mmu00650	Butanoate metabolism
C00207	mmu00650	Butanoate metabolism
C00232	mmu00650	Butanoate metabolism
C00246	mmu00650	Butanoate metabolism
C00332	mmu00650	Butanoate metabolism
C00334	mmu00650	Butanoate metabolism
C00356	mmu00650	Butanoate metabolism
C00497	mmu00650	Butanoate metabolism
C00741	mmu00650	Butanoate metabolism
C00810	mmu00650	Butanoate metabolism
C00877	mmu00650	Butanoate metabolism
C00989	mmu00650	Butanoate metabolism
C01089	mmu00650	Butanoate metabolism
C01144	mmu00650	Butanoate metabolism
C01384	mmu00650	Butanoate metabolism
C01412	mmu00650	Butanoate metabolism
C01769	mmu00650	Butanoate metabolism
C01845	mmu00650	Butanoate metabolism
C02331	mmu00650	Butanoate metabolism
C02411	mmu00650	Butanoate metabolism
C02527	mmu00650	Butanoate metabolism
C02630	mmu00650	Butanoate metabolism
C03044	mmu00650	Butanoate metabolism
C03046	mmu00650	Butanoate metabolism
C03058	mmu00650	Butanoate metabolism
C03561	mmu00650	Butanoate metabolism
C04546	mmu00650	Butanoate metabolism
C06010	mmu00650	Butanoate metabolism
C06142	mmu00650	Butanoate metabolism
C06143	mmu00650	Butanoate metabolism
C06144	mmu00650	Butanoate metabolism
C06145	mmu00650	Butanoate metabolism
C06146	mmu00650	Butanoate metabolism
C11062	mmu00650	Butanoate metabolism
C17530	mmu00650	Butanoate metabolism
C20657	mmu00650	Butanoate metabolism
C20783	mmu00650	Butanoate metabolism
C21390	mmu00650	Butanoate metabolism
C00022	mmu00660	C5-Branched dibasic acid metabolism
C00024	mmu00660	C5-Branched dibasic acid metabolism
C00025	mmu00660	C5-Branched dibasic acid metabolism
C00026	mmu00660	C5-Branched dibasic acid metabolism
C00033	mmu00660	C5-Branched dibasic acid metabolism
C00048	mmu00660	C5-Branched dibasic acid metabolism
C00100	mmu00660	C5-Branched dibasic acid metabolism
C00109	mmu00660	C5-Branched dibasic acid metabolism
C00417	mmu00660	C5-Branched dibasic acid metabolism
C00490	mmu00660	C5-Branched dibasic acid metabolism
C00531	mmu00660	C5-Branched dibasic acid metabolism
C00651	mmu00660	C5-Branched dibasic acid metabolism
C00810	mmu00660	C5-Branched dibasic acid metabolism
C01011	mmu00660	C5-Branched dibasic acid metabolism
C01109	mmu00660	C5-Branched dibasic acid metabolism
C01732	mmu00660	C5-Branched dibasic acid metabolism
C02226	mmu00660	C5-Branched dibasic acid metabolism
C02341	mmu00660	C5-Branched dibasic acid metabolism
C02612	mmu00660	C5-Branched dibasic acid metabolism
C02614	mmu00660	C5-Branched dibasic acid metabolism
C02630	mmu00660	C5-Branched dibasic acid metabolism
C02876	mmu00660	C5-Branched dibasic acid metabolism
C03618	mmu00660	C5-Branched dibasic acid metabolism
C06010	mmu00660	C5-Branched dibasic acid metabolism
C06027	mmu00660	C5-Branched dibasic acid metabolism
C06028	mmu00660	C5-Branched dibasic acid metabolism
C06029	mmu00660	C5-Branched dibasic acid metabolism
C06030	mmu00660	C5-Branched dibasic acid metabolism
C06031	mmu00660	C5-Branched dibasic acid metabolism
C06032	mmu00660	C5-Branched dibasic acid metabolism
C06033	mmu00660	C5-Branched dibasic acid metabolism
C06034	mmu00660	C5-Branched dibasic acid metabolism
C06035	mmu00660	C5-Branched dibasic acid metabolism
C06234	mmu00660	C5-Branched dibasic acid metabolism
C21632	mmu00660	C5-Branched dibasic acid metabolism
C00002	mmu00670	One carbon pool by folate
C00019	mmu00670	One carbon pool by folate
C00021	mmu00670	One carbon pool by folate
C00037	mmu00670	One carbon pool by folate
C00065	mmu00670	One carbon pool by folate
C00073	mmu00670	One carbon pool by folate
C00097	mmu00670	One carbon pool by folate
C00101	mmu00670	One carbon pool by folate
C00114	mmu00670	One carbon pool by folate
C00143	mmu00670	One carbon pool by folate
C00155	mmu00670	One carbon pool by folate
C00212	mmu00670	One carbon pool by folate
C00213	mmu00670	One carbon pool by folate
C00234	mmu00670	One carbon pool by folate
C00364	mmu00670	One carbon pool by folate
C00365	mmu00670	One carbon pool by folate
C00415	mmu00670	One carbon pool by folate
C00440	mmu00670	One carbon pool by folate
C00445	mmu00670	One carbon pool by folate
C00504	mmu00670	One carbon pool by folate
C00576	mmu00670	One carbon pool by folate
C00664	mmu00670	One carbon pool by folate
C00719	mmu00670	One carbon pool by folate
C01026	mmu00670	One carbon pool by folate
C02291	mmu00670	One carbon pool by folate
C03479	mmu00670	One carbon pool by folate
C00003	mmu00730	Thiamine metabolism
C00018	mmu00730	Thiamine metabolism
C00022	mmu00730	Thiamine metabolism
C00037	mmu00730	Thiamine metabolism
C00068	mmu00730	Thiamine metabolism
C00082	mmu00730	Thiamine metabolism
C00097	mmu00730	Thiamine metabolism
C00118	mmu00730	Thiamine metabolism
C00378	mmu00730	Thiamine metabolism
C01081	mmu00730	Thiamine metabolism
C01279	mmu00730	Thiamine metabolism
C02892	mmu00730	Thiamine metabolism
C03028	mmu00730	Thiamine metabolism
C03373	mmu00730	Thiamine metabolism
C04294	mmu00730	Thiamine metabolism
C04327	mmu00730	Thiamine metabolism
C04556	mmu00730	Thiamine metabolism
C04752	mmu00730	Thiamine metabolism
C05856	mmu00730	Thiamine metabolism
C11437	mmu00730	Thiamine metabolism
C15809	mmu00730	Thiamine metabolism
C15810	mmu00730	Thiamine metabolism
C15811	mmu00730	Thiamine metabolism
C15812	mmu00730	Thiamine metabolism
C15813	mmu00730	Thiamine metabolism
C15814	mmu00730	Thiamine metabolism
C19872	mmu00730	Thiamine metabolism
C20246	mmu00730	Thiamine metabolism
C20247	mmu00730	Thiamine metabolism
C20267	mmu00730	Thiamine metabolism
C20784	mmu00730	Thiamine metabolism
C00016	mmu00740	Riboflavin metabolism
C00044	mmu00740	Riboflavin metabolism
C00061	mmu00740	Riboflavin metabolism
C00199	mmu00740	Riboflavin metabolism
C00235	mmu00740	Riboflavin metabolism
C00255	mmu00740	Riboflavin metabolism
C00474	mmu00740	Riboflavin metabolism
C01007	mmu00740	Riboflavin metabolism
C01268	mmu00740	Riboflavin metabolism
C01304	mmu00740	Riboflavin metabolism
C01352	mmu00740	Riboflavin metabolism
C01390	mmu00740	Riboflavin metabolism
C01727	mmu00740	Riboflavin metabolism
C01847	mmu00740	Riboflavin metabolism
C03114	mmu00740	Riboflavin metabolism
C04332	mmu00740	Riboflavin metabolism
C04454	mmu00740	Riboflavin metabolism
C04732	mmu00740	Riboflavin metabolism
C05995	mmu00740	Riboflavin metabolism
C15556	mmu00740	Riboflavin metabolism
C15563	mmu00740	Riboflavin metabolism
C18910	mmu00740	Riboflavin metabolism
C21214	mmu00740	Riboflavin metabolism
C21215	mmu00740	Riboflavin metabolism
C00018	mmu00750	Vitamin B6 metabolism
C00064	mmu00750	Vitamin B6 metabolism
C00117	mmu00750	Vitamin B6 metabolism
C00118	mmu00750	Vitamin B6 metabolism
C00232	mmu00750	Vitamin B6 metabolism
C00250	mmu00750	Vitamin B6 metabolism
C00266	mmu00750	Vitamin B6 metabolism
C00279	mmu00750	Vitamin B6 metabolism
C00314	mmu00750	Vitamin B6 metabolism
C00534	mmu00750	Vitamin B6 metabolism
C00627	mmu00750	Vitamin B6 metabolism
C00647	mmu00750	Vitamin B6 metabolism
C00847	mmu00750	Vitamin B6 metabolism
C00971	mmu00750	Vitamin B6 metabolism
C01215	mmu00750	Vitamin B6 metabolism
C01270	mmu00750	Vitamin B6 metabolism
C03393	mmu00750	Vitamin B6 metabolism
C04106	mmu00750	Vitamin B6 metabolism
C04604	mmu00750	Vitamin B6 metabolism
C04690	mmu00750	Vitamin B6 metabolism
C04773	mmu00750	Vitamin B6 metabolism
C06050	mmu00750	Vitamin B6 metabolism
C06051	mmu00750	Vitamin B6 metabolism
C06052	mmu00750	Vitamin B6 metabolism
C06054	mmu00750	Vitamin B6 metabolism
C06055	mmu00750	Vitamin B6 metabolism
C06056	mmu00750	Vitamin B6 metabolism
C07335	mmu00750	Vitamin B6 metabolism
C11638	mmu00750	Vitamin B6 metabolism
C00003	mmu00760	Nicotinate and nicotinamide metabolism
C00006	mmu00760	Nicotinate and nicotinamide metabolism
C00022	mmu00760	Nicotinate and nicotinamide metabolism
C00042	mmu00760	Nicotinate and nicotinamide metabolism
C00049	mmu00760	Nicotinate and nicotinamide metabolism
C00111	mmu00760	Nicotinate and nicotinamide metabolism
C00122	mmu00760	Nicotinate and nicotinamide metabolism
C00153	mmu00760	Nicotinate and nicotinamide metabolism
C00163	mmu00760	Nicotinate and nicotinamide metabolism
C00232	mmu00760	Nicotinate and nicotinamide metabolism
C00253	mmu00760	Nicotinate and nicotinamide metabolism
C00334	mmu00760	Nicotinate and nicotinamide metabolism
C00455	mmu00760	Nicotinate and nicotinamide metabolism
C00745	mmu00760	Nicotinate and nicotinamide metabolism
C00857	mmu00760	Nicotinate and nicotinamide metabolism
C00922	mmu00760	Nicotinate and nicotinamide metabolism
C01020	mmu00760	Nicotinate and nicotinamide metabolism
C01056	mmu00760	Nicotinate and nicotinamide metabolism
C01059	mmu00760	Nicotinate and nicotinamide metabolism
C01185	mmu00760	Nicotinate and nicotinamide metabolism
C01297	mmu00760	Nicotinate and nicotinamide metabolism
C01384	mmu00760	Nicotinate and nicotinamide metabolism
C01596	mmu00760	Nicotinate and nicotinamide metabolism
C02295	mmu00760	Nicotinate and nicotinamide metabolism
C02918	mmu00760	Nicotinate and nicotinamide metabolism
C02930	mmu00760	Nicotinate and nicotinamide metabolism
C03043	mmu00760	Nicotinate and nicotinamide metabolism
C03056	mmu00760	Nicotinate and nicotinamide metabolism
C03150	mmu00760	Nicotinate and nicotinamide metabolism
C03458	mmu00760	Nicotinate and nicotinamide metabolism
C03652	mmu00760	Nicotinate and nicotinamide metabolism
C03722	mmu00760	Nicotinate and nicotinamide metabolism
C04226	mmu00760	Nicotinate and nicotinamide metabolism
C05380	mmu00760	Nicotinate and nicotinamide metabolism
C05840	mmu00760	Nicotinate and nicotinamide metabolism
C05841	mmu00760	Nicotinate and nicotinamide metabolism
C05842	mmu00760	Nicotinate and nicotinamide metabolism
C05843	mmu00760	Nicotinate and nicotinamide metabolism
C06178	mmu00760	Nicotinate and nicotinamide metabolism
C15523	mmu00760	Nicotinate and nicotinamide metabolism
C15986	mmu00760	Nicotinate and nicotinamide metabolism
C15987	mmu00760	Nicotinate and nicotinamide metabolism
C16151	mmu00760	Nicotinate and nicotinamide metabolism
C16152	mmu00760	Nicotinate and nicotinamide metabolism
C16159	mmu00760	Nicotinate and nicotinamide metabolism
C16386	mmu00760	Nicotinate and nicotinamide metabolism
C16390	mmu00760	Nicotinate and nicotinamide metabolism
C18232	mmu00760	Nicotinate and nicotinamide metabolism
C19567	mmu00760	Nicotinate and nicotinamide metabolism
C19569	mmu00760	Nicotinate and nicotinamide metabolism
C19631	mmu00760	Nicotinate and nicotinamide metabolism
C20361	mmu00760	Nicotinate and nicotinamide metabolism
C20381	mmu00760	Nicotinate and nicotinamide metabolism
C21154	mmu00760	Nicotinate and nicotinamide metabolism
C23137	mmu00760	Nicotinate and nicotinamide metabolism
C00010	mmu00770	Pantothenate and CoA biosynthesis
C00022	mmu00770	Pantothenate and CoA biosynthesis
C00049	mmu00770	Pantothenate and CoA biosynthesis
C00054	mmu00770	Pantothenate and CoA biosynthesis
C00097	mmu00770	Pantothenate and CoA biosynthesis
C00099	mmu00770	Pantothenate and CoA biosynthesis
C00106	mmu00770	Pantothenate and CoA biosynthesis
C00141	mmu00770	Pantothenate and CoA biosynthesis
C00183	mmu00770	Pantothenate and CoA biosynthesis
C00229	mmu00770	Pantothenate and CoA biosynthesis
C00429	mmu00770	Pantothenate and CoA biosynthesis
C00522	mmu00770	Pantothenate and CoA biosynthesis
C00750	mmu00770	Pantothenate and CoA biosynthesis
C00831	mmu00770	Pantothenate and CoA biosynthesis
C00864	mmu00770	Pantothenate and CoA biosynthesis
C00882	mmu00770	Pantothenate and CoA biosynthesis
C00966	mmu00770	Pantothenate and CoA biosynthesis
C01053	mmu00770	Pantothenate and CoA biosynthesis
C01088	mmu00770	Pantothenate and CoA biosynthesis
C01134	mmu00770	Pantothenate and CoA biosynthesis
C02642	mmu00770	Pantothenate and CoA biosynthesis
C03492	mmu00770	Pantothenate and CoA biosynthesis
C03688	mmu00770	Pantothenate and CoA biosynthesis
C04079	mmu00770	Pantothenate and CoA biosynthesis
C04272	mmu00770	Pantothenate and CoA biosynthesis
C04352	mmu00770	Pantothenate and CoA biosynthesis
C05665	mmu00770	Pantothenate and CoA biosynthesis
C05944	mmu00770	Pantothenate and CoA biosynthesis
C06010	mmu00770	Pantothenate and CoA biosynthesis
C18911	mmu00770	Pantothenate and CoA biosynthesis
C00047	mmu00780	Biotin metabolism
C00086	mmu00780	Biotin metabolism
C00120	mmu00780	Biotin metabolism
C01037	mmu00780	Biotin metabolism
C01063	mmu00780	Biotin metabolism
C01092	mmu00780	Biotin metabolism
C01209	mmu00780	Biotin metabolism
C01894	mmu00780	Biotin metabolism
C01909	mmu00780	Biotin metabolism
C02656	mmu00780	Biotin metabolism
C05552	mmu00780	Biotin metabolism
C05921	mmu00780	Biotin metabolism
C06250	mmu00780	Biotin metabolism
C19673	mmu00780	Biotin metabolism
C19845	mmu00780	Biotin metabolism
C19846	mmu00780	Biotin metabolism
C20372	mmu00780	Biotin metabolism
C20373	mmu00780	Biotin metabolism
C20374	mmu00780	Biotin metabolism
C20375	mmu00780	Biotin metabolism
C20376	mmu00780	Biotin metabolism
C20377	mmu00780	Biotin metabolism
C20378	mmu00780	Biotin metabolism
C20384	mmu00780	Biotin metabolism
C20385	mmu00780	Biotin metabolism
C20386	mmu00780	Biotin metabolism
C20387	mmu00780	Biotin metabolism
C20683	mmu00780	Biotin metabolism
C22458	mmu00780	Biotin metabolism
C00011	mmu00785	Lipoic acid metabolism
C00014	mmu00785	Lipoic acid metabolism
C00022	mmu00785	Lipoic acid metabolism
C00024	mmu00785	Lipoic acid metabolism
C00026	mmu00785	Lipoic acid metabolism
C00037	mmu00785	Lipoic acid metabolism
C00068	mmu00785	Lipoic acid metabolism
C00091	mmu00785	Lipoic acid metabolism
C00101	mmu00785	Lipoic acid metabolism
C00141	mmu00785	Lipoic acid metabolism
C00143	mmu00785	Lipoic acid metabolism
C00233	mmu00785	Lipoic acid metabolism
C00322	mmu00785	Lipoic acid metabolism
C00527	mmu00785	Lipoic acid metabolism
C00630	mmu00785	Lipoic acid metabolism
C00671	mmu00785	Lipoic acid metabolism
C01242	mmu00785	Lipoic acid metabolism
C01944	mmu00785	Lipoic acid metabolism
C02051	mmu00785	Lipoic acid metabolism
C02147	mmu00785	Lipoic acid metabolism
C02939	mmu00785	Lipoic acid metabolism
C02972	mmu00785	Lipoic acid metabolism
C05125	mmu00785	Lipoic acid metabolism
C05381	mmu00785	Lipoic acid metabolism
C05752	mmu00785	Lipoic acid metabolism
C06157	mmu00785	Lipoic acid metabolism
C06423	mmu00785	Lipoic acid metabolism
C15972	mmu00785	Lipoic acid metabolism
C15973	mmu00785	Lipoic acid metabolism
C15974	mmu00785	Lipoic acid metabolism
C15975	mmu00785	Lipoic acid metabolism
C15976	mmu00785	Lipoic acid metabolism
C15977	mmu00785	Lipoic acid metabolism
C15978	mmu00785	Lipoic acid metabolism
C15979	mmu00785	Lipoic acid metabolism
C15980	mmu00785	Lipoic acid metabolism
C16238	mmu00785	Lipoic acid metabolism
C16241	mmu00785	Lipoic acid metabolism
C16254	mmu00785	Lipoic acid metabolism
C16255	mmu00785	Lipoic acid metabolism
C22159	mmu00785	Lipoic acid metabolism
C22160	mmu00785	Lipoic acid metabolism
C22161	mmu00785	Lipoic acid metabolism
C22667	mmu00785	Lipoic acid metabolism
C00044	mmu00790	Folate biosynthesis
C00101	mmu00790	Folate biosynthesis
C00119	mmu00790	Folate biosynthesis
C00156	mmu00790	Folate biosynthesis
C00251	mmu00790	Folate biosynthesis
C00266	mmu00790	Folate biosynthesis
C00268	mmu00790	Folate biosynthesis
C00272	mmu00790	Folate biosynthesis
C00415	mmu00790	Folate biosynthesis
C00504	mmu00790	Folate biosynthesis
C00568	mmu00790	Folate biosynthesis
C00835	mmu00790	Folate biosynthesis
C00921	mmu00790	Folate biosynthesis
C01217	mmu00790	Folate biosynthesis
C01300	mmu00790	Folate biosynthesis
C01304	mmu00790	Folate biosynthesis
C02587	mmu00790	Folate biosynthesis
C02953	mmu00790	Folate biosynthesis
C03541	mmu00790	Folate biosynthesis
C03684	mmu00790	Folate biosynthesis
C04244	mmu00790	Folate biosynthesis
C04807	mmu00790	Folate biosynthesis
C04874	mmu00790	Folate biosynthesis
C04895	mmu00790	Folate biosynthesis
C05922	mmu00790	Folate biosynthesis
C05923	mmu00790	Folate biosynthesis
C05924	mmu00790	Folate biosynthesis
C05925	mmu00790	Folate biosynthesis
C05926	mmu00790	Folate biosynthesis
C05927	mmu00790	Folate biosynthesis
C06148	mmu00790	Folate biosynthesis
C06313	mmu00790	Folate biosynthesis
C09332	mmu00790	Folate biosynthesis
C11355	mmu00790	Folate biosynthesis
C15522	mmu00790	Folate biosynthesis
C15996	mmu00790	Folate biosynthesis
C16675	mmu00790	Folate biosynthesis
C18237	mmu00790	Folate biosynthesis
C18239	mmu00790	Folate biosynthesis
C18802	mmu00790	Folate biosynthesis
C19848	mmu00790	Folate biosynthesis
C19871	mmu00790	Folate biosynthesis
C20239	mmu00790	Folate biosynthesis
C20248	mmu00790	Folate biosynthesis
C20264	mmu00790	Folate biosynthesis
C20559	mmu00790	Folate biosynthesis
C20562	mmu00790	Folate biosynthesis
C20566	mmu00790	Folate biosynthesis
C20567	mmu00790	Folate biosynthesis
C21007	mmu00790	Folate biosynthesis
C21008	mmu00790	Folate biosynthesis
C21065	mmu00790	Folate biosynthesis
C21094	mmu00790	Folate biosynthesis
C21107	mmu00790	Folate biosynthesis
C21310	mmu00790	Folate biosynthesis
C21485	mmu00790	Folate biosynthesis
C21486	mmu00790	Folate biosynthesis
C21640	mmu00790	Folate biosynthesis
C00376	mmu00830	Retinol metabolism
C00473	mmu00830	Retinol metabolism
C00777	mmu00830	Retinol metabolism
C00778	mmu00830	Retinol metabolism
C00899	mmu00830	Retinol metabolism
C02075	mmu00830	Retinol metabolism
C02094	mmu00830	Retinol metabolism
C02110	mmu00830	Retinol metabolism
C02588	mmu00830	Retinol metabolism
C03455	mmu00830	Retinol metabolism
C05914	mmu00830	Retinol metabolism
C05915	mmu00830	Retinol metabolism
C05916	mmu00830	Retinol metabolism
C05917	mmu00830	Retinol metabolism
C11061	mmu00830	Retinol metabolism
C15492	mmu00830	Retinol metabolism
C15493	mmu00830	Retinol metabolism
C16677	mmu00830	Retinol metabolism
C16678	mmu00830	Retinol metabolism
C16679	mmu00830	Retinol metabolism
C16680	mmu00830	Retinol metabolism
C16681	mmu00830	Retinol metabolism
C16682	mmu00830	Retinol metabolism
C16683	mmu00830	Retinol metabolism
C21797	mmu00830	Retinol metabolism
C00025	mmu00860	Porphyrin metabolism
C00032	mmu00860	Porphyrin metabolism
C00037	mmu00860	Porphyrin metabolism
C00188	mmu00860	Porphyrin metabolism
C00194	mmu00860	Porphyrin metabolism
C00430	mmu00860	Porphyrin metabolism
C00486	mmu00860	Porphyrin metabolism
C00500	mmu00860	Porphyrin metabolism
C00524	mmu00860	Porphyrin metabolism
C00541	mmu00860	Porphyrin metabolism
C00748	mmu00860	Porphyrin metabolism
C00853	mmu00860	Porphyrin metabolism
C00931	mmu00860	Porphyrin metabolism
C00992	mmu00860	Porphyrin metabolism
C01024	mmu00860	Porphyrin metabolism
C01051	mmu00860	Porphyrin metabolism
C01079	mmu00860	Porphyrin metabolism
C01708	mmu00860	Porphyrin metabolism
C02139	mmu00860	Porphyrin metabolism
C02191	mmu00860	Porphyrin metabolism
C02463	mmu00860	Porphyrin metabolism
C02469	mmu00860	Porphyrin metabolism
C02800	mmu00860	Porphyrin metabolism
C02823	mmu00860	Porphyrin metabolism
C02880	mmu00860	Porphyrin metabolism
C02987	mmu00860	Porphyrin metabolism
C03029	mmu00860	Porphyrin metabolism
C03114	mmu00860	Porphyrin metabolism
C03179	mmu00860	Porphyrin metabolism
C03194	mmu00860	Porphyrin metabolism
C03263	mmu00860	Porphyrin metabolism
C03373	mmu00860	Porphyrin metabolism
C03516	mmu00860	Porphyrin metabolism
C03741	mmu00860	Porphyrin metabolism
C04122	mmu00860	Porphyrin metabolism
C04536	mmu00860	Porphyrin metabolism
C04778	mmu00860	Porphyrin metabolism
C05306	mmu00860	Porphyrin metabolism
C05307	mmu00860	Porphyrin metabolism
C05766	mmu00860	Porphyrin metabolism
C05767	mmu00860	Porphyrin metabolism
C05768	mmu00860	Porphyrin metabolism
C05769	mmu00860	Porphyrin metabolism
C05770	mmu00860	Porphyrin metabolism
C05772	mmu00860	Porphyrin metabolism
C05773	mmu00860	Porphyrin metabolism
C05774	mmu00860	Porphyrin metabolism
C05775	mmu00860	Porphyrin metabolism
C05777	mmu00860	Porphyrin metabolism
C05778	mmu00860	Porphyrin metabolism
C05779	mmu00860	Porphyrin metabolism
C05780	mmu00860	Porphyrin metabolism
C05781	mmu00860	Porphyrin metabolism
C05782	mmu00860	Porphyrin metabolism
C05783	mmu00860	Porphyrin metabolism
C05784	mmu00860	Porphyrin metabolism
C05785	mmu00860	Porphyrin metabolism
C05786	mmu00860	Porphyrin metabolism
C05787	mmu00860	Porphyrin metabolism
C05789	mmu00860	Porphyrin metabolism
C05790	mmu00860	Porphyrin metabolism
C05791	mmu00860	Porphyrin metabolism
C05793	mmu00860	Porphyrin metabolism
C05794	mmu00860	Porphyrin metabolism
C05795	mmu00860	Porphyrin metabolism
C05797	mmu00860	Porphyrin metabolism
C05798	mmu00860	Porphyrin metabolism
C05912	mmu00860	Porphyrin metabolism
C05913	mmu00860	Porphyrin metabolism
C06319	mmu00860	Porphyrin metabolism
C06320	mmu00860	Porphyrin metabolism
C06399	mmu00860	Porphyrin metabolism
C06406	mmu00860	Porphyrin metabolism
C06407	mmu00860	Porphyrin metabolism
C06408	mmu00860	Porphyrin metabolism
C06416	mmu00860	Porphyrin metabolism
C06503	mmu00860	Porphyrin metabolism
C06504	mmu00860	Porphyrin metabolism
C06505	mmu00860	Porphyrin metabolism
C06506	mmu00860	Porphyrin metabolism
C06507	mmu00860	Porphyrin metabolism
C06508	mmu00860	Porphyrin metabolism
C06509	mmu00860	Porphyrin metabolism
C06510	mmu00860	Porphyrin metabolism
C11242	mmu00860	Porphyrin metabolism
C11243	mmu00860	Porphyrin metabolism
C11538	mmu00860	Porphyrin metabolism
C11540	mmu00860	Porphyrin metabolism
C11542	mmu00860	Porphyrin metabolism
C11543	mmu00860	Porphyrin metabolism
C11545	mmu00860	Porphyrin metabolism
C11630	mmu00860	Porphyrin metabolism
C11829	mmu00860	Porphyrin metabolism
C11830	mmu00860	Porphyrin metabolism
C11831	mmu00860	Porphyrin metabolism
C11832	mmu00860	Porphyrin metabolism
C11850	mmu00860	Porphyrin metabolism
C11851	mmu00860	Porphyrin metabolism
C12147	mmu00860	Porphyrin metabolism
C14818	mmu00860	Porphyrin metabolism
C14819	mmu00860	Porphyrin metabolism
C15670	mmu00860	Porphyrin metabolism
C15672	mmu00860	Porphyrin metabolism
C16242	mmu00860	Porphyrin metabolism
C16243	mmu00860	Porphyrin metabolism
C16244	mmu00860	Porphyrin metabolism
C16540	mmu00860	Porphyrin metabolism
C16541	mmu00860	Porphyrin metabolism
C17401	mmu00860	Porphyrin metabolism
C18021	mmu00860	Porphyrin metabolism
C18022	mmu00860	Porphyrin metabolism
C18064	mmu00860	Porphyrin metabolism
C18098	mmu00860	Porphyrin metabolism
C18151	mmu00860	Porphyrin metabolism
C18152	mmu00860	Porphyrin metabolism
C18153	mmu00860	Porphyrin metabolism
C18154	mmu00860	Porphyrin metabolism
C18155	mmu00860	Porphyrin metabolism
C18156	mmu00860	Porphyrin metabolism
C18157	mmu00860	Porphyrin metabolism
C18160	mmu00860	Porphyrin metabolism
C18161	mmu00860	Porphyrin metabolism
C18162	mmu00860	Porphyrin metabolism
C18163	mmu00860	Porphyrin metabolism
C19608	mmu00860	Porphyrin metabolism
C20666	mmu00860	Porphyrin metabolism
C21217	mmu00860	Porphyrin metabolism
C21284	mmu00860	Porphyrin metabolism
C21427	mmu00860	Porphyrin metabolism
C21428	mmu00860	Porphyrin metabolism
C21429	mmu00860	Porphyrin metabolism
C21431	mmu00860	Porphyrin metabolism
C21432	mmu00860	Porphyrin metabolism
C21433	mmu00860	Porphyrin metabolism
C21434	mmu00860	Porphyrin metabolism
C21435	mmu00860	Porphyrin metabolism
C21510	mmu00860	Porphyrin metabolism
C21511	mmu00860	Porphyrin metabolism
C21512	mmu00860	Porphyrin metabolism
C21582	mmu00860	Porphyrin metabolism
C21723	mmu00860	Porphyrin metabolism
C21724	mmu00860	Porphyrin metabolism
C21764	mmu00860	Porphyrin metabolism
C21835	mmu00860	Porphyrin metabolism
C22338	mmu00860	Porphyrin metabolism
C22339	mmu00860	Porphyrin metabolism
C22450	mmu00860	Porphyrin metabolism
C22451	mmu00860	Porphyrin metabolism
C00022	mmu00900	Terpenoid backbone biosynthesis
C00024	mmu00900	Terpenoid backbone biosynthesis
C00118	mmu00900	Terpenoid backbone biosynthesis
C00129	mmu00900	Terpenoid backbone biosynthesis
C00235	mmu00900	Terpenoid backbone biosynthesis
C00332	mmu00900	Terpenoid backbone biosynthesis
C00341	mmu00900	Terpenoid backbone biosynthesis
C00353	mmu00900	Terpenoid backbone biosynthesis
C00356	mmu00900	Terpenoid backbone biosynthesis
C00418	mmu00900	Terpenoid backbone biosynthesis
C00448	mmu00900	Terpenoid backbone biosynthesis
C01107	mmu00900	Terpenoid backbone biosynthesis
C01126	mmu00900	Terpenoid backbone biosynthesis
C01143	mmu00900	Terpenoid backbone biosynthesis
C01230	mmu00900	Terpenoid backbone biosynthesis
C02321	mmu00900	Terpenoid backbone biosynthesis
C03461	mmu00900	Terpenoid backbone biosynthesis
C04145	mmu00900	Terpenoid backbone biosynthesis
C04146	mmu00900	Terpenoid backbone biosynthesis
C04216	mmu00900	Terpenoid backbone biosynthesis
C04217	mmu00900	Terpenoid backbone biosynthesis
C04506	mmu00900	Terpenoid backbone biosynthesis
C04574	mmu00900	Terpenoid backbone biosynthesis
C04748	mmu00900	Terpenoid backbone biosynthesis
C05427	mmu00900	Terpenoid backbone biosynthesis
C05859	mmu00900	Terpenoid backbone biosynthesis
C06081	mmu00900	Terpenoid backbone biosynthesis
C11434	mmu00900	Terpenoid backbone biosynthesis
C11435	mmu00900	Terpenoid backbone biosynthesis
C11436	mmu00900	Terpenoid backbone biosynthesis
C11437	mmu00900	Terpenoid backbone biosynthesis
C11453	mmu00900	Terpenoid backbone biosynthesis
C11811	mmu00900	Terpenoid backbone biosynthesis
C16521	mmu00900	Terpenoid backbone biosynthesis
C16826	mmu00900	Terpenoid backbone biosynthesis
C17432	mmu00900	Terpenoid backbone biosynthesis
C18321	mmu00900	Terpenoid backbone biosynthesis
C19691	mmu00900	Terpenoid backbone biosynthesis
C19760	mmu00900	Terpenoid backbone biosynthesis
C19852	mmu00900	Terpenoid backbone biosynthesis
C19853	mmu00900	Terpenoid backbone biosynthesis
C20120	mmu00900	Terpenoid backbone biosynthesis
C20121	mmu00900	Terpenoid backbone biosynthesis
C20345	mmu00900	Terpenoid backbone biosynthesis
C20847	mmu00900	Terpenoid backbone biosynthesis
C20848	mmu00900	Terpenoid backbone biosynthesis
C22453	mmu00900	Terpenoid backbone biosynthesis
C00007	mmu00910	Nitrogen metabolism
C00011	mmu00910	Nitrogen metabolism
C00014	mmu00910	Nitrogen metabolism
C00025	mmu00910	Nitrogen metabolism
C00058	mmu00910	Nitrogen metabolism
C00064	mmu00910	Nitrogen metabolism
C00088	mmu00910	Nitrogen metabolism
C00169	mmu00910	Nitrogen metabolism
C00192	mmu00910	Nitrogen metabolism
C00244	mmu00910	Nitrogen metabolism
C00288	mmu00910	Nitrogen metabolism
C00488	mmu00910	Nitrogen metabolism
C00533	mmu00910	Nitrogen metabolism
C00697	mmu00910	Nitrogen metabolism
C00726	mmu00910	Nitrogen metabolism
C00887	mmu00910	Nitrogen metabolism
C01417	mmu00910	Nitrogen metabolism
C01563	mmu00910	Nitrogen metabolism
C05361	mmu00910	Nitrogen metabolism
C06058	mmu00910	Nitrogen metabolism
C00033	mmu00920	Sulfur metabolism
C00042	mmu00920	Sulfur metabolism
C00053	mmu00920	Sulfur metabolism
C00054	mmu00920	Sulfur metabolism
C00059	mmu00920	Sulfur metabolism
C00065	mmu00920	Sulfur metabolism
C00073	mmu00920	Sulfur metabolism
C00084	mmu00920	Sulfur metabolism
C00087	mmu00920	Sulfur metabolism
C00094	mmu00920	Sulfur metabolism
C00097	mmu00920	Sulfur metabolism
C00155	mmu00920	Sulfur metabolism
C00163	mmu00920	Sulfur metabolism
C00224	mmu00920	Sulfur metabolism
C00245	mmu00920	Sulfur metabolism
C00263	mmu00920	Sulfur metabolism
C00283	mmu00920	Sulfur metabolism
C00320	mmu00920	Sulfur metabolism
C00409	mmu00920	Sulfur metabolism
C00511	mmu00920	Sulfur metabolism
C00580	mmu00920	Sulfur metabolism
C00894	mmu00920	Sulfur metabolism
C00979	mmu00920	Sulfur metabolism
C01013	mmu00920	Sulfur metabolism
C01118	mmu00920	Sulfur metabolism
C01180	mmu00920	Sulfur metabolism
C01861	mmu00920	Sulfur metabolism
C02084	mmu00920	Sulfur metabolism
C03172	mmu00920	Sulfur metabolism
C03920	mmu00920	Sulfur metabolism
C04022	mmu00920	Sulfur metabolism
C08276	mmu00920	Sulfur metabolism
C11142	mmu00920	Sulfur metabolism
C11143	mmu00920	Sulfur metabolism
C11145	mmu00920	Sulfur metabolism
C15521	mmu00920	Sulfur metabolism
C17267	mmu00920	Sulfur metabolism
C19692	mmu00920	Sulfur metabolism
C20870	mmu00920	Sulfur metabolism
C20955	mmu00920	Sulfur metabolism
C22315	mmu00920	Sulfur metabolism
C22316	mmu00920	Sulfur metabolism
C22834	mmu00920	Sulfur metabolism
C23001	mmu00920	Sulfur metabolism
C23002	mmu00920	Sulfur metabolism
C00025	mmu00970	Aminoacyl-tRNA biosynthesis
C00037	mmu00970	Aminoacyl-tRNA biosynthesis
C00041	mmu00970	Aminoacyl-tRNA biosynthesis
C00047	mmu00970	Aminoacyl-tRNA biosynthesis
C00049	mmu00970	Aminoacyl-tRNA biosynthesis
C00062	mmu00970	Aminoacyl-tRNA biosynthesis
C00064	mmu00970	Aminoacyl-tRNA biosynthesis
C00065	mmu00970	Aminoacyl-tRNA biosynthesis
C00073	mmu00970	Aminoacyl-tRNA biosynthesis
C00078	mmu00970	Aminoacyl-tRNA biosynthesis
C00079	mmu00970	Aminoacyl-tRNA biosynthesis
C00082	mmu00970	Aminoacyl-tRNA biosynthesis
C00097	mmu00970	Aminoacyl-tRNA biosynthesis
C00101	mmu00970	Aminoacyl-tRNA biosynthesis
C00123	mmu00970	Aminoacyl-tRNA biosynthesis
C00135	mmu00970	Aminoacyl-tRNA biosynthesis
C00148	mmu00970	Aminoacyl-tRNA biosynthesis
C00152	mmu00970	Aminoacyl-tRNA biosynthesis
C00183	mmu00970	Aminoacyl-tRNA biosynthesis
C00188	mmu00970	Aminoacyl-tRNA biosynthesis
C00234	mmu00970	Aminoacyl-tRNA biosynthesis
C00407	mmu00970	Aminoacyl-tRNA biosynthesis
C00886	mmu00970	Aminoacyl-tRNA biosynthesis
C01005	mmu00970	Aminoacyl-tRNA biosynthesis
C01931	mmu00970	Aminoacyl-tRNA biosynthesis
C02047	mmu00970	Aminoacyl-tRNA biosynthesis
C02163	mmu00970	Aminoacyl-tRNA biosynthesis
C02282	mmu00970	Aminoacyl-tRNA biosynthesis
C02412	mmu00970	Aminoacyl-tRNA biosynthesis
C02430	mmu00970	Aminoacyl-tRNA biosynthesis
C02553	mmu00970	Aminoacyl-tRNA biosynthesis
C02554	mmu00970	Aminoacyl-tRNA biosynthesis
C02702	mmu00970	Aminoacyl-tRNA biosynthesis
C02839	mmu00970	Aminoacyl-tRNA biosynthesis
C02984	mmu00970	Aminoacyl-tRNA biosynthesis
C02987	mmu00970	Aminoacyl-tRNA biosynthesis
C02988	mmu00970	Aminoacyl-tRNA biosynthesis
C02992	mmu00970	Aminoacyl-tRNA biosynthesis
C03125	mmu00970	Aminoacyl-tRNA biosynthesis
C03127	mmu00970	Aminoacyl-tRNA biosynthesis
C03294	mmu00970	Aminoacyl-tRNA biosynthesis
C03402	mmu00970	Aminoacyl-tRNA biosynthesis
C03511	mmu00970	Aminoacyl-tRNA biosynthesis
C03512	mmu00970	Aminoacyl-tRNA biosynthesis
C06112	mmu00970	Aminoacyl-tRNA biosynthesis
C06113	mmu00970	Aminoacyl-tRNA biosynthesis
C06481	mmu00970	Aminoacyl-tRNA biosynthesis
C06482	mmu00970	Aminoacyl-tRNA biosynthesis
C16138	mmu00970	Aminoacyl-tRNA biosynthesis
C16638	mmu00970	Aminoacyl-tRNA biosynthesis
C17022	mmu00970	Aminoacyl-tRNA biosynthesis
C17027	mmu00970	Aminoacyl-tRNA biosynthesis
C00745	mmu00980	Metabolism of xenobiotics by cytochrome P450
C00829	mmu00980	Metabolism of xenobiotics by cytochrome P450
C02617	mmu00980	Metabolism of xenobiotics by cytochrome P450
C03012	mmu00980	Metabolism of xenobiotics by cytochrome P450
C06205	mmu00980	Metabolism of xenobiotics by cytochrome P450
C06755	mmu00980	Metabolism of xenobiotics by cytochrome P450
C06790	mmu00980	Metabolism of xenobiotics by cytochrome P450
C06800	mmu00980	Metabolism of xenobiotics by cytochrome P450
C06899	mmu00980	Metabolism of xenobiotics by cytochrome P450
C07490	mmu00980	Metabolism of xenobiotics by cytochrome P450
C07535	mmu00980	Metabolism of xenobiotics by cytochrome P450
C11036	mmu00980	Metabolism of xenobiotics by cytochrome P450
C11088	mmu00980	Metabolism of xenobiotics by cytochrome P450
C11148	mmu00980	Metabolism of xenobiotics by cytochrome P450
C11149	mmu00980	Metabolism of xenobiotics by cytochrome P450
C11150	mmu00980	Metabolism of xenobiotics by cytochrome P450
C11278	mmu00980	Metabolism of xenobiotics by cytochrome P450
C11713	mmu00980	Metabolism of xenobiotics by cytochrome P450
C11714	mmu00980	Metabolism of xenobiotics by cytochrome P450
C14039	mmu00980	Metabolism of xenobiotics by cytochrome P450
C14040	mmu00980	Metabolism of xenobiotics by cytochrome P450
C14453	mmu00980	Metabolism of xenobiotics by cytochrome P450
C14556	mmu00980	Metabolism of xenobiotics by cytochrome P450
C14783	mmu00980	Metabolism of xenobiotics by cytochrome P450
C14784	mmu00980	Metabolism of xenobiotics by cytochrome P450
C14785	mmu00980	Metabolism of xenobiotics by cytochrome P450
C14786	mmu00980	Metabolism of xenobiotics by cytochrome P450
C14787	mmu00980	Metabolism of xenobiotics by cytochrome P450
C14788	mmu00980	Metabolism of xenobiotics by cytochrome P450
C14789	mmu00980	Metabolism of xenobiotics by cytochrome P450
C14790	mmu00980	Metabolism of xenobiotics by cytochrome P450
C14791	mmu00980	Metabolism of xenobiotics by cytochrome P450
C14792	mmu00980	Metabolism of xenobiotics by cytochrome P450
C14793	mmu00980	Metabolism of xenobiotics by cytochrome P450
C14796	mmu00980	Metabolism of xenobiotics by cytochrome P450
C14797	mmu00980	Metabolism of xenobiotics by cytochrome P450
C14798	mmu00980	Metabolism of xenobiotics by cytochrome P450
C14799	mmu00980	Metabolism of xenobiotics by cytochrome P450
C14800	mmu00980	Metabolism of xenobiotics by cytochrome P450
C14801	mmu00980	Metabolism of xenobiotics by cytochrome P450
C14802	mmu00980	Metabolism of xenobiotics by cytochrome P450
C14803	mmu00980	Metabolism of xenobiotics by cytochrome P450
C14804	mmu00980	Metabolism of xenobiotics by cytochrome P450
C14805	mmu00980	Metabolism of xenobiotics by cytochrome P450
C14806	mmu00980	Metabolism of xenobiotics by cytochrome P450
C14839	mmu00980	Metabolism of xenobiotics by cytochrome P450
C14840	mmu00980	Metabolism of xenobiotics by cytochrome P450
C14841	mmu00980	Metabolism of xenobiotics by cytochrome P450
C14842	mmu00980	Metabolism of xenobiotics by cytochrome P450
C14843	mmu00980	Metabolism of xenobiotics by cytochrome P450
C14844	mmu00980	Metabolism of xenobiotics by cytochrome P450
C14845	mmu00980	Metabolism of xenobiotics by cytochrome P450
C14846	mmu00980	Metabolism of xenobiotics by cytochrome P450
C14847	mmu00980	Metabolism of xenobiotics by cytochrome P450
C14848	mmu00980	Metabolism of xenobiotics by cytochrome P450
C14849	mmu00980	Metabolism of xenobiotics by cytochrome P450
C14850	mmu00980	Metabolism of xenobiotics by cytochrome P450
C14851	mmu00980	Metabolism of xenobiotics by cytochrome P450
C14852	mmu00980	Metabolism of xenobiotics by cytochrome P450
C14853	mmu00980	Metabolism of xenobiotics by cytochrome P450
C14854	mmu00980	Metabolism of xenobiotics by cytochrome P450
C14855	mmu00980	Metabolism of xenobiotics by cytochrome P450
C14856	mmu00980	Metabolism of xenobiotics by cytochrome P450
C14857	mmu00980	Metabolism of xenobiotics by cytochrome P450
C14858	mmu00980	Metabolism of xenobiotics by cytochrome P450
C14859	mmu00980	Metabolism of xenobiotics by cytochrome P450
C14860	mmu00980	Metabolism of xenobiotics by cytochrome P450
C14861	mmu00980	Metabolism of xenobiotics by cytochrome P450
C14862	mmu00980	Metabolism of xenobiotics by cytochrome P450
C14863	mmu00980	Metabolism of xenobiotics by cytochrome P450
C14864	mmu00980	Metabolism of xenobiotics by cytochrome P450
C14865	mmu00980	Metabolism of xenobiotics by cytochrome P450
C14866	mmu00980	Metabolism of xenobiotics by cytochrome P450
C14867	mmu00980	Metabolism of xenobiotics by cytochrome P450
C14868	mmu00980	Metabolism of xenobiotics by cytochrome P450
C14869	mmu00980	Metabolism of xenobiotics by cytochrome P450
C14870	mmu00980	Metabolism of xenobiotics by cytochrome P450
C14871	mmu00980	Metabolism of xenobiotics by cytochrome P450
C14872	mmu00980	Metabolism of xenobiotics by cytochrome P450
C14873	mmu00980	Metabolism of xenobiotics by cytochrome P450
C14874	mmu00980	Metabolism of xenobiotics by cytochrome P450
C14875	mmu00980	Metabolism of xenobiotics by cytochrome P450
C14876	mmu00980	Metabolism of xenobiotics by cytochrome P450
C14877	mmu00980	Metabolism of xenobiotics by cytochrome P450
C16453	mmu00980	Metabolism of xenobiotics by cytochrome P450
C16756	mmu00980	Metabolism of xenobiotics by cytochrome P450
C19488	mmu00980	Metabolism of xenobiotics by cytochrome P450
C19489	mmu00980	Metabolism of xenobiotics by cytochrome P450
C19490	mmu00980	Metabolism of xenobiotics by cytochrome P450
C19559	mmu00980	Metabolism of xenobiotics by cytochrome P450
C19561	mmu00980	Metabolism of xenobiotics by cytochrome P450
C19562	mmu00980	Metabolism of xenobiotics by cytochrome P450
C19563	mmu00980	Metabolism of xenobiotics by cytochrome P450
C19564	mmu00980	Metabolism of xenobiotics by cytochrome P450
C19565	mmu00980	Metabolism of xenobiotics by cytochrome P450
C19566	mmu00980	Metabolism of xenobiotics by cytochrome P450
C19567	mmu00980	Metabolism of xenobiotics by cytochrome P450
C19568	mmu00980	Metabolism of xenobiotics by cytochrome P450
C19569	mmu00980	Metabolism of xenobiotics by cytochrome P450
C19574	mmu00980	Metabolism of xenobiotics by cytochrome P450
C19577	mmu00980	Metabolism of xenobiotics by cytochrome P450
C19578	mmu00980	Metabolism of xenobiotics by cytochrome P450
C19579	mmu00980	Metabolism of xenobiotics by cytochrome P450
C19580	mmu00980	Metabolism of xenobiotics by cytochrome P450
C19581	mmu00980	Metabolism of xenobiotics by cytochrome P450
C19582	mmu00980	Metabolism of xenobiotics by cytochrome P450
C19585	mmu00980	Metabolism of xenobiotics by cytochrome P450
C19586	mmu00980	Metabolism of xenobiotics by cytochrome P450
C19588	mmu00980	Metabolism of xenobiotics by cytochrome P450
C19589	mmu00980	Metabolism of xenobiotics by cytochrome P450
C19590	mmu00980	Metabolism of xenobiotics by cytochrome P450
C19591	mmu00980	Metabolism of xenobiotics by cytochrome P450
C19592	mmu00980	Metabolism of xenobiotics by cytochrome P450
C19594	mmu00980	Metabolism of xenobiotics by cytochrome P450
C19595	mmu00980	Metabolism of xenobiotics by cytochrome P450
C19602	mmu00980	Metabolism of xenobiotics by cytochrome P450
C19603	mmu00980	Metabolism of xenobiotics by cytochrome P450
C19604	mmu00980	Metabolism of xenobiotics by cytochrome P450
C19605	mmu00980	Metabolism of xenobiotics by cytochrome P450
C19606	mmu00980	Metabolism of xenobiotics by cytochrome P450
C19607	mmu00980	Metabolism of xenobiotics by cytochrome P450
C01471	mmu00982	Drug metabolism - cytochrome P450
C01516	mmu00982	Drug metabolism - cytochrome P450
C05011	mmu00982	Drug metabolism - cytochrome P450
C06174	mmu00982	Drug metabolism - cytochrome P450
C06754	mmu00982	Drug metabolism - cytochrome P450
C06868	mmu00982	Drug metabolism - cytochrome P450
C07047	mmu00982	Drug metabolism - cytochrome P450
C07073	mmu00982	Drug metabolism - cytochrome P450
C07108	mmu00982	Drug metabolism - cytochrome P450
C07163	mmu00982	Drug metabolism - cytochrome P450
C07185	mmu00982	Drug metabolism - cytochrome P450
C07492	mmu00982	Drug metabolism - cytochrome P450
C07493	mmu00982	Drug metabolism - cytochrome P450
C07495	mmu00982	Drug metabolism - cytochrome P450
C07496	mmu00982	Drug metabolism - cytochrome P450
C07501	mmu00982	Drug metabolism - cytochrome P450
C07572	mmu00982	Drug metabolism - cytochrome P450
C07643	mmu00982	Drug metabolism - cytochrome P450
C07644	mmu00982	Drug metabolism - cytochrome P450
C07645	mmu00982	Drug metabolism - cytochrome P450
C07646	mmu00982	Drug metabolism - cytochrome P450
C07647	mmu00982	Drug metabolism - cytochrome P450
C07888	mmu00982	Drug metabolism - cytochrome P450
C08012	mmu00982	Drug metabolism - cytochrome P450
C11004	mmu00982	Drug metabolism - cytochrome P450
C11583	mmu00982	Drug metabolism - cytochrome P450
C11785	mmu00982	Drug metabolism - cytochrome P450
C16544	mmu00982	Drug metabolism - cytochrome P450
C16545	mmu00982	Drug metabolism - cytochrome P450
C16546	mmu00982	Drug metabolism - cytochrome P450
C16547	mmu00982	Drug metabolism - cytochrome P450
C16548	mmu00982	Drug metabolism - cytochrome P450
C16549	mmu00982	Drug metabolism - cytochrome P450
C16550	mmu00982	Drug metabolism - cytochrome P450
C16551	mmu00982	Drug metabolism - cytochrome P450
C16552	mmu00982	Drug metabolism - cytochrome P450
C16553	mmu00982	Drug metabolism - cytochrome P450
C16554	mmu00982	Drug metabolism - cytochrome P450
C16555	mmu00982	Drug metabolism - cytochrome P450
C16556	mmu00982	Drug metabolism - cytochrome P450
C16557	mmu00982	Drug metabolism - cytochrome P450
C16558	mmu00982	Drug metabolism - cytochrome P450
C16559	mmu00982	Drug metabolism - cytochrome P450
C16560	mmu00982	Drug metabolism - cytochrome P450
C16561	mmu00982	Drug metabolism - cytochrome P450
C16569	mmu00982	Drug metabolism - cytochrome P450
C16570	mmu00982	Drug metabolism - cytochrome P450
C16571	mmu00982	Drug metabolism - cytochrome P450
C16572	mmu00982	Drug metabolism - cytochrome P450
C16576	mmu00982	Drug metabolism - cytochrome P450
C16577	mmu00982	Drug metabolism - cytochrome P450
C16578	mmu00982	Drug metabolism - cytochrome P450
C16582	mmu00982	Drug metabolism - cytochrome P450
C16584	mmu00982	Drug metabolism - cytochrome P450
C16586	mmu00982	Drug metabolism - cytochrome P450
C16587	mmu00982	Drug metabolism - cytochrome P450
C16591	mmu00982	Drug metabolism - cytochrome P450
C16592	mmu00982	Drug metabolism - cytochrome P450
C16595	mmu00982	Drug metabolism - cytochrome P450
C16596	mmu00982	Drug metabolism - cytochrome P450
C16601	mmu00982	Drug metabolism - cytochrome P450
C16602	mmu00982	Drug metabolism - cytochrome P450
C16603	mmu00982	Drug metabolism - cytochrome P450
C16604	mmu00982	Drug metabolism - cytochrome P450
C16605	mmu00982	Drug metabolism - cytochrome P450
C16606	mmu00982	Drug metabolism - cytochrome P450
C16607	mmu00982	Drug metabolism - cytochrome P450
C16608	mmu00982	Drug metabolism - cytochrome P450
C16609	mmu00982	Drug metabolism - cytochrome P450
C16610	mmu00982	Drug metabolism - cytochrome P450
C16612	mmu00982	Drug metabolism - cytochrome P450
C16643	mmu00982	Drug metabolism - cytochrome P450
C16648	mmu00982	Drug metabolism - cytochrome P450
C16649	mmu00982	Drug metabolism - cytochrome P450
C16650	mmu00982	Drug metabolism - cytochrome P450
C16651	mmu00982	Drug metabolism - cytochrome P450
C16652	mmu00982	Drug metabolism - cytochrome P450
C16653	mmu00982	Drug metabolism - cytochrome P450
C16654	mmu00982	Drug metabolism - cytochrome P450
C16655	mmu00982	Drug metabolism - cytochrome P450
C16656	mmu00982	Drug metabolism - cytochrome P450
C16657	mmu00982	Drug metabolism - cytochrome P450
C16658	mmu00982	Drug metabolism - cytochrome P450
C16659	mmu00982	Drug metabolism - cytochrome P450
C16660	mmu00982	Drug metabolism - cytochrome P450
C16661	mmu00982	Drug metabolism - cytochrome P450
C16662	mmu00982	Drug metabolism - cytochrome P450
C00003	mmu00983	Drug metabolism - other enzymes
C00006	mmu00983	Drug metabolism - other enzymes
C02320	mmu00983	Drug metabolism - other enzymes
C02380	mmu00983	Drug metabolism - other enzymes
C04242	mmu00983	Drug metabolism - other enzymes
C04646	mmu00983	Drug metabolism - other enzymes
C05361	mmu00983	Drug metabolism - other enzymes
C06108	mmu00983	Drug metabolism - other enzymes
C06837	mmu00983	Drug metabolism - other enzymes
C07054	mmu00983	Drug metabolism - other enzymes
C07446	mmu00983	Drug metabolism - other enzymes
C07447	mmu00983	Drug metabolism - other enzymes
C07585	mmu00983	Drug metabolism - other enzymes
C07648	mmu00983	Drug metabolism - other enzymes
C07649	mmu00983	Drug metabolism - other enzymes
C11173	mmu00983	Drug metabolism - other enzymes
C11376	mmu00983	Drug metabolism - other enzymes
C11736	mmu00983	Drug metabolism - other enzymes
C12650	mmu00983	Drug metabolism - other enzymes
C12673	mmu00983	Drug metabolism - other enzymes
C12739	mmu00983	Drug metabolism - other enzymes
C13252	mmu00983	Drug metabolism - other enzymes
C16542	mmu00983	Drug metabolism - other enzymes
C16543	mmu00983	Drug metabolism - other enzymes
C16613	mmu00983	Drug metabolism - other enzymes
C16614	mmu00983	Drug metabolism - other enzymes
C16615	mmu00983	Drug metabolism - other enzymes
C16616	mmu00983	Drug metabolism - other enzymes
C16617	mmu00983	Drug metabolism - other enzymes
C16618	mmu00983	Drug metabolism - other enzymes
C16619	mmu00983	Drug metabolism - other enzymes
C16620	mmu00983	Drug metabolism - other enzymes
C16621	mmu00983	Drug metabolism - other enzymes
C16622	mmu00983	Drug metabolism - other enzymes
C16623	mmu00983	Drug metabolism - other enzymes
C16624	mmu00983	Drug metabolism - other enzymes
C16625	mmu00983	Drug metabolism - other enzymes
C16630	mmu00983	Drug metabolism - other enzymes
C16631	mmu00983	Drug metabolism - other enzymes
C16632	mmu00983	Drug metabolism - other enzymes
C16633	mmu00983	Drug metabolism - other enzymes
C16634	mmu00983	Drug metabolism - other enzymes
C16635	mmu00983	Drug metabolism - other enzymes
C16641	mmu00983	Drug metabolism - other enzymes
C21748	mmu00983	Drug metabolism - other enzymes
C21749	mmu00983	Drug metabolism - other enzymes
C21750	mmu00983	Drug metabolism - other enzymes
C21751	mmu00983	Drug metabolism - other enzymes
C21754	mmu00983	Drug metabolism - other enzymes
C21758	mmu00983	Drug metabolism - other enzymes
C21759	mmu00983	Drug metabolism - other enzymes
C21760	mmu00983	Drug metabolism - other enzymes
C00154	mmu01040	Biosynthesis of unsaturated fatty acids
C00219	mmu01040	Biosynthesis of unsaturated fatty acids
C00249	mmu01040	Biosynthesis of unsaturated fatty acids
C00412	mmu01040	Biosynthesis of unsaturated fatty acids
C00510	mmu01040	Biosynthesis of unsaturated fatty acids
C00712	mmu01040	Biosynthesis of unsaturated fatty acids
C01203	mmu01040	Biosynthesis of unsaturated fatty acids
C01530	mmu01040	Biosynthesis of unsaturated fatty acids
C01595	mmu01040	Biosynthesis of unsaturated fatty acids
C02041	mmu01040	Biosynthesis of unsaturated fatty acids
C02050	mmu01040	Biosynthesis of unsaturated fatty acids
C02249	mmu01040	Biosynthesis of unsaturated fatty acids
C03035	mmu01040	Biosynthesis of unsaturated fatty acids
C03242	mmu01040	Biosynthesis of unsaturated fatty acids
C03595	mmu01040	Biosynthesis of unsaturated fatty acids
C04088	mmu01040	Biosynthesis of unsaturated fatty acids
C05764	mmu01040	Biosynthesis of unsaturated fatty acids
C06425	mmu01040	Biosynthesis of unsaturated fatty acids
C06426	mmu01040	Biosynthesis of unsaturated fatty acids
C06427	mmu01040	Biosynthesis of unsaturated fatty acids
C06428	mmu01040	Biosynthesis of unsaturated fatty acids
C06429	mmu01040	Biosynthesis of unsaturated fatty acids
C08281	mmu01040	Biosynthesis of unsaturated fatty acids
C08316	mmu01040	Biosynthesis of unsaturated fatty acids
C08320	mmu01040	Biosynthesis of unsaturated fatty acids
C08323	mmu01040	Biosynthesis of unsaturated fatty acids
C16160	mmu01040	Biosynthesis of unsaturated fatty acids
C16161	mmu01040	Biosynthesis of unsaturated fatty acids
C16162	mmu01040	Biosynthesis of unsaturated fatty acids
C16163	mmu01040	Biosynthesis of unsaturated fatty acids
C16164	mmu01040	Biosynthesis of unsaturated fatty acids
C16165	mmu01040	Biosynthesis of unsaturated fatty acids
C16166	mmu01040	Biosynthesis of unsaturated fatty acids
C16167	mmu01040	Biosynthesis of unsaturated fatty acids
C16168	mmu01040	Biosynthesis of unsaturated fatty acids
C16169	mmu01040	Biosynthesis of unsaturated fatty acids
C16170	mmu01040	Biosynthesis of unsaturated fatty acids
C16171	mmu01040	Biosynthesis of unsaturated fatty acids
C16172	mmu01040	Biosynthesis of unsaturated fatty acids
C16173	mmu01040	Biosynthesis of unsaturated fatty acids
C16179	mmu01040	Biosynthesis of unsaturated fatty acids
C16180	mmu01040	Biosynthesis of unsaturated fatty acids
C16513	mmu01040	Biosynthesis of unsaturated fatty acids
C16522	mmu01040	Biosynthesis of unsaturated fatty acids
C16525	mmu01040	Biosynthesis of unsaturated fatty acids
C16526	mmu01040	Biosynthesis of unsaturated fatty acids
C16527	mmu01040	Biosynthesis of unsaturated fatty acids
C16528	mmu01040	Biosynthesis of unsaturated fatty acids
C16529	mmu01040	Biosynthesis of unsaturated fatty acids
C16530	mmu01040	Biosynthesis of unsaturated fatty acids
C16531	mmu01040	Biosynthesis of unsaturated fatty acids
C16532	mmu01040	Biosynthesis of unsaturated fatty acids
C16533	mmu01040	Biosynthesis of unsaturated fatty acids
C16645	mmu01040	Biosynthesis of unsaturated fatty acids
C17279	mmu01040	Biosynthesis of unsaturated fatty acids
C21072	mmu01040	Biosynthesis of unsaturated fatty acids
C21932	mmu01040	Biosynthesis of unsaturated fatty acids
C21934	mmu01040	Biosynthesis of unsaturated fatty acids
C21935	mmu01040	Biosynthesis of unsaturated fatty acids
C21937	mmu01040	Biosynthesis of unsaturated fatty acids
C21939	mmu01040	Biosynthesis of unsaturated fatty acids
C21941	mmu01040	Biosynthesis of unsaturated fatty acids
C21943	mmu01040	Biosynthesis of unsaturated fatty acids
C21945	mmu01040	Biosynthesis of unsaturated fatty acids
C21947	mmu01040	Biosynthesis of unsaturated fatty acids
C21949	mmu01040	Biosynthesis of unsaturated fatty acids
C21951	mmu01040	Biosynthesis of unsaturated fatty acids
C21953	mmu01040	Biosynthesis of unsaturated fatty acids
C21959	mmu01040	Biosynthesis of unsaturated fatty acids
C21961	mmu01040	Biosynthesis of unsaturated fatty acids
C21963	mmu01040	Biosynthesis of unsaturated fatty acids
C21965	mmu01040	Biosynthesis of unsaturated fatty acids
C21967	mmu01040	Biosynthesis of unsaturated fatty acids
C21981	mmu01040	Biosynthesis of unsaturated fatty acids
C00001	mmu01100	Metabolic pathways
C00002	mmu01100	Metabolic pathways
C00003	mmu01100	Metabolic pathways
C00004	mmu01100	Metabolic pathways
C00005	mmu01100	Metabolic pathways
C00006	mmu01100	Metabolic pathways
C00007	mmu01100	Metabolic pathways
C00008	mmu01100	Metabolic pathways
C00010	mmu01100	Metabolic pathways
C00011	mmu01100	Metabolic pathways
C00012	mmu01100	Metabolic pathways
C00014	mmu01100	Metabolic pathways
C00015	mmu01100	Metabolic pathways
C00016	mmu01100	Metabolic pathways
C00018	mmu01100	Metabolic pathways
C00019	mmu01100	Metabolic pathways
C00020	mmu01100	Metabolic pathways
C00021	mmu01100	Metabolic pathways
C00022	mmu01100	Metabolic pathways
C00024	mmu01100	Metabolic pathways
C00025	mmu01100	Metabolic pathways
C00026	mmu01100	Metabolic pathways
C00029	mmu01100	Metabolic pathways
C00031	mmu01100	Metabolic pathways
C00032	mmu01100	Metabolic pathways
C00033	mmu01100	Metabolic pathways
C00034	mmu01100	Metabolic pathways
C00035	mmu01100	Metabolic pathways
C00036	mmu01100	Metabolic pathways
C00037	mmu01100	Metabolic pathways
C00039	mmu01100	Metabolic pathways
C00041	mmu01100	Metabolic pathways
C00042	mmu01100	Metabolic pathways
C00043	mmu01100	Metabolic pathways
C00044	mmu01100	Metabolic pathways
C00046	mmu01100	Metabolic pathways
C00047	mmu01100	Metabolic pathways
C00048	mmu01100	Metabolic pathways
C00049	mmu01100	Metabolic pathways
C00051	mmu01100	Metabolic pathways
C00052	mmu01100	Metabolic pathways
C00053	mmu01100	Metabolic pathways
C00054	mmu01100	Metabolic pathways
C00055	mmu01100	Metabolic pathways
C00058	mmu01100	Metabolic pathways
C00059	mmu01100	Metabolic pathways
C00061	mmu01100	Metabolic pathways
C00062	mmu01100	Metabolic pathways
C00063	mmu01100	Metabolic pathways
C00064	mmu01100	Metabolic pathways
C00065	mmu01100	Metabolic pathways
C00067	mmu01100	Metabolic pathways
C00068	mmu01100	Metabolic pathways
C00072	mmu01100	Metabolic pathways
C00073	mmu01100	Metabolic pathways
C00074	mmu01100	Metabolic pathways
C00075	mmu01100	Metabolic pathways
C00077	mmu01100	Metabolic pathways
C00078	mmu01100	Metabolic pathways
C00079	mmu01100	Metabolic pathways
C00080	mmu01100	Metabolic pathways
C00081	mmu01100	Metabolic pathways
C00082	mmu01100	Metabolic pathways
C00083	mmu01100	Metabolic pathways
C00084	mmu01100	Metabolic pathways
C00085	mmu01100	Metabolic pathways
C00086	mmu01100	Metabolic pathways
C00087	mmu01100	Metabolic pathways
C00088	mmu01100	Metabolic pathways
C00089	mmu01100	Metabolic pathways
C00090	mmu01100	Metabolic pathways
C00091	mmu01100	Metabolic pathways
C00092	mmu01100	Metabolic pathways
C00093	mmu01100	Metabolic pathways
C00094	mmu01100	Metabolic pathways
C00095	mmu01100	Metabolic pathways
C00096	mmu01100	Metabolic pathways
C00097	mmu01100	Metabolic pathways
C00099	mmu01100	Metabolic pathways
C00100	mmu01100	Metabolic pathways
C00101	mmu01100	Metabolic pathways
C00103	mmu01100	Metabolic pathways
C00104	mmu01100	Metabolic pathways
C00105	mmu01100	Metabolic pathways
C00106	mmu01100	Metabolic pathways
C00108	mmu01100	Metabolic pathways
C00109	mmu01100	Metabolic pathways
C00110	mmu01100	Metabolic pathways
C00111	mmu01100	Metabolic pathways
C00112	mmu01100	Metabolic pathways
C00114	mmu01100	Metabolic pathways
C00116	mmu01100	Metabolic pathways
C00117	mmu01100	Metabolic pathways
C00118	mmu01100	Metabolic pathways
C00119	mmu01100	Metabolic pathways
C00120	mmu01100	Metabolic pathways
C00121	mmu01100	Metabolic pathways
C00122	mmu01100	Metabolic pathways
C00123	mmu01100	Metabolic pathways
C00124	mmu01100	Metabolic pathways
C00127	mmu01100	Metabolic pathways
C00128	mmu01100	Metabolic pathways
C00129	mmu01100	Metabolic pathways
C00130	mmu01100	Metabolic pathways
C00131	mmu01100	Metabolic pathways
C00132	mmu01100	Metabolic pathways
C00133	mmu01100	Metabolic pathways
C00134	mmu01100	Metabolic pathways
C00135	mmu01100	Metabolic pathways
C00136	mmu01100	Metabolic pathways
C00137	mmu01100	Metabolic pathways
C00140	mmu01100	Metabolic pathways
C00141	mmu01100	Metabolic pathways
C00143	mmu01100	Metabolic pathways
C00144	mmu01100	Metabolic pathways
C00146	mmu01100	Metabolic pathways
C00147	mmu01100	Metabolic pathways
C00148	mmu01100	Metabolic pathways
C00149	mmu01100	Metabolic pathways
C00152	mmu01100	Metabolic pathways
C00153	mmu01100	Metabolic pathways
C00154	mmu01100	Metabolic pathways
C00155	mmu01100	Metabolic pathways
C00156	mmu01100	Metabolic pathways
C00157	mmu01100	Metabolic pathways
C00158	mmu01100	Metabolic pathways
C00159	mmu01100	Metabolic pathways
C00160	mmu01100	Metabolic pathways
C00163	mmu01100	Metabolic pathways
C00164	mmu01100	Metabolic pathways
C00166	mmu01100	Metabolic pathways
C00167	mmu01100	Metabolic pathways
C00168	mmu01100	Metabolic pathways
C00169	mmu01100	Metabolic pathways
C00170	mmu01100	Metabolic pathways
C00173	mmu01100	Metabolic pathways
C00178	mmu01100	Metabolic pathways
C00179	mmu01100	Metabolic pathways
C00180	mmu01100	Metabolic pathways
C00181	mmu01100	Metabolic pathways
C00183	mmu01100	Metabolic pathways
C00184	mmu01100	Metabolic pathways
C00185	mmu01100	Metabolic pathways
C00186	mmu01100	Metabolic pathways
C00187	mmu01100	Metabolic pathways
C00188	mmu01100	Metabolic pathways
C00189	mmu01100	Metabolic pathways
C00190	mmu01100	Metabolic pathways
C00191	mmu01100	Metabolic pathways
C00192	mmu01100	Metabolic pathways
C00194	mmu01100	Metabolic pathways
C00195	mmu01100	Metabolic pathways
C00197	mmu01100	Metabolic pathways
C00198	mmu01100	Metabolic pathways
C00199	mmu01100	Metabolic pathways
C00203	mmu01100	Metabolic pathways
C00204	mmu01100	Metabolic pathways
C00206	mmu01100	Metabolic pathways
C00207	mmu01100	Metabolic pathways
C00208	mmu01100	Metabolic pathways
C00209	mmu01100	Metabolic pathways
C00212	mmu01100	Metabolic pathways
C00213	mmu01100	Metabolic pathways
C00214	mmu01100	Metabolic pathways
C00216	mmu01100	Metabolic pathways
C00217	mmu01100	Metabolic pathways
C00218	mmu01100	Metabolic pathways
C00219	mmu01100	Metabolic pathways
C00221	mmu01100	Metabolic pathways
C00222	mmu01100	Metabolic pathways
C00223	mmu01100	Metabolic pathways
C00224	mmu01100	Metabolic pathways
C00227	mmu01100	Metabolic pathways
C00229	mmu01100	Metabolic pathways
C00230	mmu01100	Metabolic pathways
C00231	mmu01100	Metabolic pathways
C00232	mmu01100	Metabolic pathways
C00233	mmu01100	Metabolic pathways
C00234	mmu01100	Metabolic pathways
C00235	mmu01100	Metabolic pathways
C00236	mmu01100	Metabolic pathways
C00237	mmu01100	Metabolic pathways
C00239	mmu01100	Metabolic pathways
C00242	mmu01100	Metabolic pathways
C00243	mmu01100	Metabolic pathways
C00244	mmu01100	Metabolic pathways
C00245	mmu01100	Metabolic pathways
C00246	mmu01100	Metabolic pathways
C00247	mmu01100	Metabolic pathways
C00249	mmu01100	Metabolic pathways
C00250	mmu01100	Metabolic pathways
C00251	mmu01100	Metabolic pathways
C00252	mmu01100	Metabolic pathways
C00253	mmu01100	Metabolic pathways
C00254	mmu01100	Metabolic pathways
C00255	mmu01100	Metabolic pathways
C00256	mmu01100	Metabolic pathways
C00257	mmu01100	Metabolic pathways
C00258	mmu01100	Metabolic pathways
C00259	mmu01100	Metabolic pathways
C00261	mmu01100	Metabolic pathways
C00262	mmu01100	Metabolic pathways
C00263	mmu01100	Metabolic pathways
C00266	mmu01100	Metabolic pathways
C00267	mmu01100	Metabolic pathways
C00268	mmu01100	Metabolic pathways
C00269	mmu01100	Metabolic pathways
C00270	mmu01100	Metabolic pathways
C00272	mmu01100	Metabolic pathways
C00275	mmu01100	Metabolic pathways
C00279	mmu01100	Metabolic pathways
C00280	mmu01100	Metabolic pathways
C00283	mmu01100	Metabolic pathways
C00286	mmu01100	Metabolic pathways
C00288	mmu01100	Metabolic pathways
C00294	mmu01100	Metabolic pathways
C00295	mmu01100	Metabolic pathways
C00296	mmu01100	Metabolic pathways
C00299	mmu01100	Metabolic pathways
C00300	mmu01100	Metabolic pathways
C00301	mmu01100	Metabolic pathways
C00302	mmu01100	Metabolic pathways
C00307	mmu01100	Metabolic pathways
C00309	mmu01100	Metabolic pathways
C00310	mmu01100	Metabolic pathways
C00311	mmu01100	Metabolic pathways
C00312	mmu01100	Metabolic pathways
C00313	mmu01100	Metabolic pathways
C00314	mmu01100	Metabolic pathways
C00315	mmu01100	Metabolic pathways
C00319	mmu01100	Metabolic pathways
C00320	mmu01100	Metabolic pathways
C00322	mmu01100	Metabolic pathways
C00323	mmu01100	Metabolic pathways
C00325	mmu01100	Metabolic pathways
C00327	mmu01100	Metabolic pathways
C00328	mmu01100	Metabolic pathways
C00329	mmu01100	Metabolic pathways
C00330	mmu01100	Metabolic pathways
C00331	mmu01100	Metabolic pathways
C00332	mmu01100	Metabolic pathways
C00333	mmu01100	Metabolic pathways
C00334	mmu01100	Metabolic pathways
C00337	mmu01100	Metabolic pathways
C00338	mmu01100	Metabolic pathways
C00341	mmu01100	Metabolic pathways
C00344	mmu01100	Metabolic pathways
C00345	mmu01100	Metabolic pathways
C00346	mmu01100	Metabolic pathways
C00350	mmu01100	Metabolic pathways
C00352	mmu01100	Metabolic pathways
C00353	mmu01100	Metabolic pathways
C00354	mmu01100	Metabolic pathways
C00355	mmu01100	Metabolic pathways
C00356	mmu01100	Metabolic pathways
C00357	mmu01100	Metabolic pathways
C00360	mmu01100	Metabolic pathways
C00361	mmu01100	Metabolic pathways
C00362	mmu01100	Metabolic pathways
C00363	mmu01100	Metabolic pathways
C00364	mmu01100	Metabolic pathways
C00365	mmu01100	Metabolic pathways
C00366	mmu01100	Metabolic pathways
C00369	mmu01100	Metabolic pathways
C00371	mmu01100	Metabolic pathways
C00372	mmu01100	Metabolic pathways
C00376	mmu01100	Metabolic pathways
C00378	mmu01100	Metabolic pathways
C00379	mmu01100	Metabolic pathways
C00380	mmu01100	Metabolic pathways
C00381	mmu01100	Metabolic pathways
C00383	mmu01100	Metabolic pathways
C00385	mmu01100	Metabolic pathways
C00386	mmu01100	Metabolic pathways
C00387	mmu01100	Metabolic pathways
C00388	mmu01100	Metabolic pathways
C00389	mmu01100	Metabolic pathways
C00390	mmu01100	Metabolic pathways
C00392	mmu01100	Metabolic pathways
C00394	mmu01100	Metabolic pathways
C00395	mmu01100	Metabolic pathways
C00398	mmu01100	Metabolic pathways
C00399	mmu01100	Metabolic pathways
C00401	mmu01100	Metabolic pathways
C00402	mmu01100	Metabolic pathways
C00406	mmu01100	Metabolic pathways
C00407	mmu01100	Metabolic pathways
C00408	mmu01100	Metabolic pathways
C00409	mmu01100	Metabolic pathways
C00410	mmu01100	Metabolic pathways
C00411	mmu01100	Metabolic pathways
C00413	mmu01100	Metabolic pathways
C00415	mmu01100	Metabolic pathways
C00416	mmu01100	Metabolic pathways
C00417	mmu01100	Metabolic pathways
C00418	mmu01100	Metabolic pathways
C00422	mmu01100	Metabolic pathways
C00423	mmu01100	Metabolic pathways
C00424	mmu01100	Metabolic pathways
C00426	mmu01100	Metabolic pathways
C00427	mmu01100	Metabolic pathways
C00429	mmu01100	Metabolic pathways
C00430	mmu01100	Metabolic pathways
C00431	mmu01100	Metabolic pathways
C00433	mmu01100	Metabolic pathways
C00436	mmu01100	Metabolic pathways
C00437	mmu01100	Metabolic pathways
C00438	mmu01100	Metabolic pathways
C00439	mmu01100	Metabolic pathways
C00440	mmu01100	Metabolic pathways
C00441	mmu01100	Metabolic pathways
C00445	mmu01100	Metabolic pathways
C00446	mmu01100	Metabolic pathways
C00447	mmu01100	Metabolic pathways
C00448	mmu01100	Metabolic pathways
C00449	mmu01100	Metabolic pathways
C00450	mmu01100	Metabolic pathways
C00455	mmu01100	Metabolic pathways
C00458	mmu01100	Metabolic pathways
C00459	mmu01100	Metabolic pathways
C00460	mmu01100	Metabolic pathways
C00461	mmu01100	Metabolic pathways
C00463	mmu01100	Metabolic pathways
C00464	mmu01100	Metabolic pathways
C00468	mmu01100	Metabolic pathways
C00469	mmu01100	Metabolic pathways
C00470	mmu01100	Metabolic pathways
C00473	mmu01100	Metabolic pathways
C00474	mmu01100	Metabolic pathways
C00475	mmu01100	Metabolic pathways
C00477	mmu01100	Metabolic pathways
C00479	mmu01100	Metabolic pathways
C00482	mmu01100	Metabolic pathways
C00483	mmu01100	Metabolic pathways
C00486	mmu01100	Metabolic pathways
C00487	mmu01100	Metabolic pathways
C00488	mmu01100	Metabolic pathways
C00489	mmu01100	Metabolic pathways
C00490	mmu01100	Metabolic pathways
C00491	mmu01100	Metabolic pathways
C00492	mmu01100	Metabolic pathways
C00493	mmu01100	Metabolic pathways
C00497	mmu01100	Metabolic pathways
C00498	mmu01100	Metabolic pathways
C00499	mmu01100	Metabolic pathways
C00500	mmu01100	Metabolic pathways
C00501	mmu01100	Metabolic pathways
C00502	mmu01100	Metabolic pathways
C00504	mmu01100	Metabolic pathways
C00506	mmu01100	Metabolic pathways
C00507	mmu01100	Metabolic pathways
C00508	mmu01100	Metabolic pathways
C00509	mmu01100	Metabolic pathways
C00511	mmu01100	Metabolic pathways
C00512	mmu01100	Metabolic pathways
C00514	mmu01100	Metabolic pathways
C00515	mmu01100	Metabolic pathways
C00519	mmu01100	Metabolic pathways
C00521	mmu01100	Metabolic pathways
C00522	mmu01100	Metabolic pathways
C00523	mmu01100	Metabolic pathways
C00524	mmu01100	Metabolic pathways
C00526	mmu01100	Metabolic pathways
C00527	mmu01100	Metabolic pathways
C00530	mmu01100	Metabolic pathways
C00531	mmu01100	Metabolic pathways
C00532	mmu01100	Metabolic pathways
C00533	mmu01100	Metabolic pathways
C00534	mmu01100	Metabolic pathways
C00535	mmu01100	Metabolic pathways
C00540	mmu01100	Metabolic pathways
C00541	mmu01100	Metabolic pathways
C00543	mmu01100	Metabolic pathways
C00544	mmu01100	Metabolic pathways
C00545	mmu01100	Metabolic pathways
C00546	mmu01100	Metabolic pathways
C00547	mmu01100	Metabolic pathways
C00550	mmu01100	Metabolic pathways
C00552	mmu01100	Metabolic pathways
C00555	mmu01100	Metabolic pathways
C00556	mmu01100	Metabolic pathways
C00558	mmu01100	Metabolic pathways
C00559	mmu01100	Metabolic pathways
C00561	mmu01100	Metabolic pathways
C00565	mmu01100	Metabolic pathways
C00566	mmu01100	Metabolic pathways
C00568	mmu01100	Metabolic pathways
C00569	mmu01100	Metabolic pathways
C00570	mmu01100	Metabolic pathways
C00573	mmu01100	Metabolic pathways
C00575	mmu01100	Metabolic pathways
C00576	mmu01100	Metabolic pathways
C00577	mmu01100	Metabolic pathways
C00580	mmu01100	Metabolic pathways
C00581	mmu01100	Metabolic pathways
C00582	mmu01100	Metabolic pathways
C00583	mmu01100	Metabolic pathways
C00584	mmu01100	Metabolic pathways
C00588	mmu01100	Metabolic pathways
C00590	mmu01100	Metabolic pathways
C00593	mmu01100	Metabolic pathways
C00596	mmu01100	Metabolic pathways
C00601	mmu01100	Metabolic pathways
C00603	mmu01100	Metabolic pathways
C00606	mmu01100	Metabolic pathways
C00617	mmu01100	Metabolic pathways
C00618	mmu01100	Metabolic pathways
C00620	mmu01100	Metabolic pathways
C00621	mmu01100	Metabolic pathways
C00624	mmu01100	Metabolic pathways
C00627	mmu01100	Metabolic pathways
C00628	mmu01100	Metabolic pathways
C00630	mmu01100	Metabolic pathways
C00631	mmu01100	Metabolic pathways
C00632	mmu01100	Metabolic pathways
C00633	mmu01100	Metabolic pathways
C00634	mmu01100	Metabolic pathways
C00636	mmu01100	Metabolic pathways
C00637	mmu01100	Metabolic pathways
C00638	mmu01100	Metabolic pathways
C00639	mmu01100	Metabolic pathways
C00641	mmu01100	Metabolic pathways
C00642	mmu01100	Metabolic pathways
C00643	mmu01100	Metabolic pathways
C00644	mmu01100	Metabolic pathways
C00645	mmu01100	Metabolic pathways
C00647	mmu01100	Metabolic pathways
C00652	mmu01100	Metabolic pathways
C00655	mmu01100	Metabolic pathways
C00664	mmu01100	Metabolic pathways
C00665	mmu01100	Metabolic pathways
C00666	mmu01100	Metabolic pathways
C00668	mmu01100	Metabolic pathways
C00669	mmu01100	Metabolic pathways
C00671	mmu01100	Metabolic pathways
C00672	mmu01100	Metabolic pathways
C00673	mmu01100	Metabolic pathways
C00674	mmu01100	Metabolic pathways
C00679	mmu01100	Metabolic pathways
C00680	mmu01100	Metabolic pathways
C00681	mmu01100	Metabolic pathways
C00682	mmu01100	Metabolic pathways
C00683	mmu01100	Metabolic pathways
C00684	mmu01100	Metabolic pathways
C00685	mmu01100	Metabolic pathways
C00688	mmu01100	Metabolic pathways
C00689	mmu01100	Metabolic pathways
C00691	mmu01100	Metabolic pathways
C00692	mmu01100	Metabolic pathways
C00693	mmu01100	Metabolic pathways
C00695	mmu01100	Metabolic pathways
C00696	mmu01100	Metabolic pathways
C00697	mmu01100	Metabolic pathways
C00700	mmu01100	Metabolic pathways
C00705	mmu01100	Metabolic pathways
C00714	mmu01100	Metabolic pathways
C00718	mmu01100	Metabolic pathways
C00719	mmu01100	Metabolic pathways
C00721	mmu01100	Metabolic pathways
C00726	mmu01100	Metabolic pathways
C00729	mmu01100	Metabolic pathways
C00734	mmu01100	Metabolic pathways
C00735	mmu01100	Metabolic pathways
C00739	mmu01100	Metabolic pathways
C00740	mmu01100	Metabolic pathways
C00744	mmu01100	Metabolic pathways
C00745	mmu01100	Metabolic pathways
C00748	mmu01100	Metabolic pathways
C00750	mmu01100	Metabolic pathways
C00751	mmu01100	Metabolic pathways
C00755	mmu01100	Metabolic pathways
C00760	mmu01100	Metabolic pathways
C00762	mmu01100	Metabolic pathways
C00763	mmu01100	Metabolic pathways
C00774	mmu01100	Metabolic pathways
C00777	mmu01100	Metabolic pathways
C00780	mmu01100	Metabolic pathways
C00783	mmu01100	Metabolic pathways
C00785	mmu01100	Metabolic pathways
C00786	mmu01100	Metabolic pathways
C00788	mmu01100	Metabolic pathways
C00789	mmu01100	Metabolic pathways
C00791	mmu01100	Metabolic pathways
C00792	mmu01100	Metabolic pathways
C00793	mmu01100	Metabolic pathways
C00794	mmu01100	Metabolic pathways
C00795	mmu01100	Metabolic pathways
C00798	mmu01100	Metabolic pathways
C00800	mmu01100	Metabolic pathways
C00802	mmu01100	Metabolic pathways
C00804	mmu01100	Metabolic pathways
C00805	mmu01100	Metabolic pathways
C00811	mmu01100	Metabolic pathways
C00813	mmu01100	Metabolic pathways
C00814	mmu01100	Metabolic pathways
C00817	mmu01100	Metabolic pathways
C00818	mmu01100	Metabolic pathways
C00819	mmu01100	Metabolic pathways
C00820	mmu01100	Metabolic pathways
C00822	mmu01100	Metabolic pathways
C00826	mmu01100	Metabolic pathways
C00827	mmu01100	Metabolic pathways
C00828	mmu01100	Metabolic pathways
C00829	mmu01100	Metabolic pathways
C00831	mmu01100	Metabolic pathways
C00835	mmu01100	Metabolic pathways
C00836	mmu01100	Metabolic pathways
C00842	mmu01100	Metabolic pathways
C00844	mmu01100	Metabolic pathways
C00845	mmu01100	Metabolic pathways
C00846	mmu01100	Metabolic pathways
C00847	mmu01100	Metabolic pathways
C00853	mmu01100	Metabolic pathways
C00855	mmu01100	Metabolic pathways
C00857	mmu01100	Metabolic pathways
C00858	mmu01100	Metabolic pathways
C00859	mmu01100	Metabolic pathways
C00860	mmu01100	Metabolic pathways
C00861	mmu01100	Metabolic pathways
C00862	mmu01100	Metabolic pathways
C00864	mmu01100	Metabolic pathways
C00876	mmu01100	Metabolic pathways
C00877	mmu01100	Metabolic pathways
C00878	mmu01100	Metabolic pathways
C00879	mmu01100	Metabolic pathways
C00880	mmu01100	Metabolic pathways
C00881	mmu01100	Metabolic pathways
C00882	mmu01100	Metabolic pathways
C00884	mmu01100	Metabolic pathways
C00885	mmu01100	Metabolic pathways
C00887	mmu01100	Metabolic pathways
C00894	mmu01100	Metabolic pathways
C00898	mmu01100	Metabolic pathways
C00899	mmu01100	Metabolic pathways
C00903	mmu01100	Metabolic pathways
C00905	mmu01100	Metabolic pathways
C00909	mmu01100	Metabolic pathways
C00916	mmu01100	Metabolic pathways
C00921	mmu01100	Metabolic pathways
C00925	mmu01100	Metabolic pathways
C00927	mmu01100	Metabolic pathways
C00931	mmu01100	Metabolic pathways
C00935	mmu01100	Metabolic pathways
C00937	mmu01100	Metabolic pathways
C00940	mmu01100	Metabolic pathways
C00942	mmu01100	Metabolic pathways
C00944	mmu01100	Metabolic pathways
C00951	mmu01100	Metabolic pathways
C00954	mmu01100	Metabolic pathways
C00956	mmu01100	Metabolic pathways
C00957	mmu01100	Metabolic pathways
C00958	mmu01100	Metabolic pathways
C00961	mmu01100	Metabolic pathways
C00963	mmu01100	Metabolic pathways
C00965	mmu01100	Metabolic pathways
C00966	mmu01100	Metabolic pathways
C00973	mmu01100	Metabolic pathways
C00974	mmu01100	Metabolic pathways
C00975	mmu01100	Metabolic pathways
C00976	mmu01100	Metabolic pathways
C00978	mmu01100	Metabolic pathways
C00979	mmu01100	Metabolic pathways
C00984	mmu01100	Metabolic pathways
C00986	mmu01100	Metabolic pathways
C00988	mmu01100	Metabolic pathways
C00989	mmu01100	Metabolic pathways
C00990	mmu01100	Metabolic pathways
C00992	mmu01100	Metabolic pathways
C00993	mmu01100	Metabolic pathways
C01001	mmu01100	Metabolic pathways
C01005	mmu01100	Metabolic pathways
C01007	mmu01100	Metabolic pathways
C01010	mmu01100	Metabolic pathways
C01011	mmu01100	Metabolic pathways
C01013	mmu01100	Metabolic pathways
C01019	mmu01100	Metabolic pathways
C01020	mmu01100	Metabolic pathways
C01024	mmu01100	Metabolic pathways
C01026	mmu01100	Metabolic pathways
C01028	mmu01100	Metabolic pathways
C01031	mmu01100	Metabolic pathways
C01033	mmu01100	Metabolic pathways
C01035	mmu01100	Metabolic pathways
C01036	mmu01100	Metabolic pathways
C01037	mmu01100	Metabolic pathways
C01040	mmu01100	Metabolic pathways
C01041	mmu01100	Metabolic pathways
C01042	mmu01100	Metabolic pathways
C01043	mmu01100	Metabolic pathways
C01044	mmu01100	Metabolic pathways
C01045	mmu01100	Metabolic pathways
C01046	mmu01100	Metabolic pathways
C01050	mmu01100	Metabolic pathways
C01051	mmu01100	Metabolic pathways
C01054	mmu01100	Metabolic pathways
C01056	mmu01100	Metabolic pathways
C01059	mmu01100	Metabolic pathways
C01060	mmu01100	Metabolic pathways
C01061	mmu01100	Metabolic pathways
C01063	mmu01100	Metabolic pathways
C01068	mmu01100	Metabolic pathways
C01077	mmu01100	Metabolic pathways
C01079	mmu01100	Metabolic pathways
C01080	mmu01100	Metabolic pathways
C01081	mmu01100	Metabolic pathways
C01083	mmu01100	Metabolic pathways
C01087	mmu01100	Metabolic pathways
C01089	mmu01100	Metabolic pathways
C01091	mmu01100	Metabolic pathways
C01092	mmu01100	Metabolic pathways
C01094	mmu01100	Metabolic pathways
C01096	mmu01100	Metabolic pathways
C01097	mmu01100	Metabolic pathways
C01099	mmu01100	Metabolic pathways
C01100	mmu01100	Metabolic pathways
C01101	mmu01100	Metabolic pathways
C01102	mmu01100	Metabolic pathways
C01103	mmu01100	Metabolic pathways
C01104	mmu01100	Metabolic pathways
C01107	mmu01100	Metabolic pathways
C01110	mmu01100	Metabolic pathways
C01112	mmu01100	Metabolic pathways
C01113	mmu01100	Metabolic pathways
C01114	mmu01100	Metabolic pathways
C01115	mmu01100	Metabolic pathways
C01118	mmu01100	Metabolic pathways
C01120	mmu01100	Metabolic pathways
C01124	mmu01100	Metabolic pathways
C01126	mmu01100	Metabolic pathways
C01127	mmu01100	Metabolic pathways
C01131	mmu01100	Metabolic pathways
C01132	mmu01100	Metabolic pathways
C01134	mmu01100	Metabolic pathways
C01137	mmu01100	Metabolic pathways
C01138	mmu01100	Metabolic pathways
C01142	mmu01100	Metabolic pathways
C01143	mmu01100	Metabolic pathways
C01144	mmu01100	Metabolic pathways
C01146	mmu01100	Metabolic pathways
C01149	mmu01100	Metabolic pathways
C01151	mmu01100	Metabolic pathways
C01152	mmu01100	Metabolic pathways
C01157	mmu01100	Metabolic pathways
C01159	mmu01100	Metabolic pathways
C01161	mmu01100	Metabolic pathways
C01163	mmu01100	Metabolic pathways
C01164	mmu01100	Metabolic pathways
C01165	mmu01100	Metabolic pathways
C01168	mmu01100	Metabolic pathways
C01170	mmu01100	Metabolic pathways
C01172	mmu01100	Metabolic pathways
C01176	mmu01100	Metabolic pathways
C01177	mmu01100	Metabolic pathways
C01179	mmu01100	Metabolic pathways
C01180	mmu01100	Metabolic pathways
C01181	mmu01100	Metabolic pathways
C01182	mmu01100	Metabolic pathways
C01185	mmu01100	Metabolic pathways
C01186	mmu01100	Metabolic pathways
C01187	mmu01100	Metabolic pathways
C01189	mmu01100	Metabolic pathways
C01190	mmu01100	Metabolic pathways
C01194	mmu01100	Metabolic pathways
C01197	mmu01100	Metabolic pathways
C01198	mmu01100	Metabolic pathways
C01204	mmu01100	Metabolic pathways
C01205	mmu01100	Metabolic pathways
C01209	mmu01100	Metabolic pathways
C01211	mmu01100	Metabolic pathways
C01212	mmu01100	Metabolic pathways
C01213	mmu01100	Metabolic pathways
C01216	mmu01100	Metabolic pathways
C01217	mmu01100	Metabolic pathways
C01218	mmu01100	Metabolic pathways
C01219	mmu01100	Metabolic pathways
C01220	mmu01100	Metabolic pathways
C01221	mmu01100	Metabolic pathways
C01222	mmu01100	Metabolic pathways
C01226	mmu01100	Metabolic pathways
C01227	mmu01100	Metabolic pathways
C01228	mmu01100	Metabolic pathways
C01231	mmu01100	Metabolic pathways
C01233	mmu01100	Metabolic pathways
C01234	mmu01100	Metabolic pathways
C01235	mmu01100	Metabolic pathways
C01236	mmu01100	Metabolic pathways
C01241	mmu01100	Metabolic pathways
C01242	mmu01100	Metabolic pathways
C01243	mmu01100	Metabolic pathways
C01245	mmu01100	Metabolic pathways
C01246	mmu01100	Metabolic pathways
C01250	mmu01100	Metabolic pathways
C01251	mmu01100	Metabolic pathways
C01252	mmu01100	Metabolic pathways
C01259	mmu01100	Metabolic pathways
C01260	mmu01100	Metabolic pathways
C01261	mmu01100	Metabolic pathways
C01262	mmu01100	Metabolic pathways
C01264	mmu01100	Metabolic pathways
C01267	mmu01100	Metabolic pathways
C01268	mmu01100	Metabolic pathways
C01269	mmu01100	Metabolic pathways
C01271	mmu01100	Metabolic pathways
C01272	mmu01100	Metabolic pathways
C01273	mmu01100	Metabolic pathways
C01274	mmu01100	Metabolic pathways
C01277	mmu01100	Metabolic pathways
C01278	mmu01100	Metabolic pathways
C01279	mmu01100	Metabolic pathways
C01284	mmu01100	Metabolic pathways
C01286	mmu01100	Metabolic pathways
C01290	mmu01100	Metabolic pathways
C01297	mmu01100	Metabolic pathways
C01300	mmu01100	Metabolic pathways
C01301	mmu01100	Metabolic pathways
C01302	mmu01100	Metabolic pathways
C01304	mmu01100	Metabolic pathways
C01312	mmu01100	Metabolic pathways
C01326	mmu01100	Metabolic pathways
C01346	mmu01100	Metabolic pathways
C01352	mmu01100	Metabolic pathways
C01367	mmu01100	Metabolic pathways
C01368	mmu01100	Metabolic pathways
C01380	mmu01100	Metabolic pathways
C01384	mmu01100	Metabolic pathways
C01401	mmu01100	Metabolic pathways
C01407	mmu01100	Metabolic pathways
C01412	mmu01100	Metabolic pathways
C01414	mmu01100	Metabolic pathways
C01416	mmu01100	Metabolic pathways
C01417	mmu01100	Metabolic pathways
C01419	mmu01100	Metabolic pathways
C01433	mmu01100	Metabolic pathways
C01438	mmu01100	Metabolic pathways
C01444	mmu01100	Metabolic pathways
C01454	mmu01100	Metabolic pathways
C01455	mmu01100	Metabolic pathways
C01457	mmu01100	Metabolic pathways
C01468	mmu01100	Metabolic pathways
C01477	mmu01100	Metabolic pathways
C01487	mmu01100	Metabolic pathways
C01490	mmu01100	Metabolic pathways
C01494	mmu01100	Metabolic pathways
C01500	mmu01100	Metabolic pathways
C01514	mmu01100	Metabolic pathways
C01516	mmu01100	Metabolic pathways
C01528	mmu01100	Metabolic pathways
C01530	mmu01100	Metabolic pathways
C01542	mmu01100	Metabolic pathways
C01546	mmu01100	Metabolic pathways
C01561	mmu01100	Metabolic pathways
C01563	mmu01100	Metabolic pathways
C01571	mmu01100	Metabolic pathways
C01575	mmu01100	Metabolic pathways
C01594	mmu01100	Metabolic pathways
C01595	mmu01100	Metabolic pathways
C01596	mmu01100	Metabolic pathways
C01598	mmu01100	Metabolic pathways
C01606	mmu01100	Metabolic pathways
C01610	mmu01100	Metabolic pathways
C01613	mmu01100	Metabolic pathways
C01617	mmu01100	Metabolic pathways
C01620	mmu01100	Metabolic pathways
C01623	mmu01100	Metabolic pathways
C01626	mmu01100	Metabolic pathways
C01667	mmu01100	Metabolic pathways
C01672	mmu01100	Metabolic pathways
C01673	mmu01100	Metabolic pathways
C01674	mmu01100	Metabolic pathways
C01678	mmu01100	Metabolic pathways
C01682	mmu01100	Metabolic pathways
C01693	mmu01100	Metabolic pathways
C01694	mmu01100	Metabolic pathways
C01697	mmu01100	Metabolic pathways
C01708	mmu01100	Metabolic pathways
C01717	mmu01100	Metabolic pathways
C01720	mmu01100	Metabolic pathways
C01721	mmu01100	Metabolic pathways
C01724	mmu01100	Metabolic pathways
C01726	mmu01100	Metabolic pathways
C01732	mmu01100	Metabolic pathways
C01735	mmu01100	Metabolic pathways
C01739	mmu01100	Metabolic pathways
C01744	mmu01100	Metabolic pathways
C01747	mmu01100	Metabolic pathways
C01748	mmu01100	Metabolic pathways
C01753	mmu01100	Metabolic pathways
C01761	mmu01100	Metabolic pathways
C01762	mmu01100	Metabolic pathways
C01768	mmu01100	Metabolic pathways
C01772	mmu01100	Metabolic pathways
C01780	mmu01100	Metabolic pathways
C01788	mmu01100	Metabolic pathways
C01789	mmu01100	Metabolic pathways
C01794	mmu01100	Metabolic pathways
C01801	mmu01100	Metabolic pathways
C01802	mmu01100	Metabolic pathways
C01825	mmu01100	Metabolic pathways
C01829	mmu01100	Metabolic pathways
C01832	mmu01100	Metabolic pathways
C01841	mmu01100	Metabolic pathways
C01845	mmu01100	Metabolic pathways
C01847	mmu01100	Metabolic pathways
C01850	mmu01100	Metabolic pathways
C01851	mmu01100	Metabolic pathways
C01852	mmu01100	Metabolic pathways
C01861	mmu01100	Metabolic pathways
C01879	mmu01100	Metabolic pathways
C01885	mmu01100	Metabolic pathways
C01888	mmu01100	Metabolic pathways
C01898	mmu01100	Metabolic pathways
C01902	mmu01100	Metabolic pathways
C01904	mmu01100	Metabolic pathways
C01909	mmu01100	Metabolic pathways
C01912	mmu01100	Metabolic pathways
C01921	mmu01100	Metabolic pathways
C01929	mmu01100	Metabolic pathways
C01934	mmu01100	Metabolic pathways
C01935	mmu01100	Metabolic pathways
C01941	mmu01100	Metabolic pathways
C01943	mmu01100	Metabolic pathways
C01944	mmu01100	Metabolic pathways
C01946	mmu01100	Metabolic pathways
C01953	mmu01100	Metabolic pathways
C01962	mmu01100	Metabolic pathways
C01987	mmu01100	Metabolic pathways
C02004	mmu01100	Metabolic pathways
C02034	mmu01100	Metabolic pathways
C02035	mmu01100	Metabolic pathways
C02046	mmu01100	Metabolic pathways
C02050	mmu01100	Metabolic pathways
C02051	mmu01100	Metabolic pathways
C02059	mmu01100	Metabolic pathways
C02061	mmu01100	Metabolic pathways
C02067	mmu01100	Metabolic pathways
C02075	mmu01100	Metabolic pathways
C02076	mmu01100	Metabolic pathways
C02079	mmu01100	Metabolic pathways
C02084	mmu01100	Metabolic pathways
C02090	mmu01100	Metabolic pathways
C02091	mmu01100	Metabolic pathways
C02094	mmu01100	Metabolic pathways
C02105	mmu01100	Metabolic pathways
C02106	mmu01100	Metabolic pathways
C02110	mmu01100	Metabolic pathways
C02124	mmu01100	Metabolic pathways
C02133	mmu01100	Metabolic pathways
C02137	mmu01100	Metabolic pathways
C02139	mmu01100	Metabolic pathways
C02140	mmu01100	Metabolic pathways
C02141	mmu01100	Metabolic pathways
C02147	mmu01100	Metabolic pathways
C02151	mmu01100	Metabolic pathways
C02161	mmu01100	Metabolic pathways
C02165	mmu01100	Metabolic pathways
C02166	mmu01100	Metabolic pathways
C02167	mmu01100	Metabolic pathways
C02170	mmu01100	Metabolic pathways
C02183	mmu01100	Metabolic pathways
C02188	mmu01100	Metabolic pathways
C02189	mmu01100	Metabolic pathways
C02191	mmu01100	Metabolic pathways
C02198	mmu01100	Metabolic pathways
C02199	mmu01100	Metabolic pathways
C02218	mmu01100	Metabolic pathways
C02220	mmu01100	Metabolic pathways
C02222	mmu01100	Metabolic pathways
C02225	mmu01100	Metabolic pathways
C02226	mmu01100	Metabolic pathways
C02232	mmu01100	Metabolic pathways
C02237	mmu01100	Metabolic pathways
C02247	mmu01100	Metabolic pathways
C02262	mmu01100	Metabolic pathways
C02265	mmu01100	Metabolic pathways
C02266	mmu01100	Metabolic pathways
C02273	mmu01100	Metabolic pathways
C02280	mmu01100	Metabolic pathways
C02282	mmu01100	Metabolic pathways
C02291	mmu01100	Metabolic pathways
C02305	mmu01100	Metabolic pathways
C02320	mmu01100	Metabolic pathways
C02325	mmu01100	Metabolic pathways
C02330	mmu01100	Metabolic pathways
C02331	mmu01100	Metabolic pathways
C02341	mmu01100	Metabolic pathways
C02348	mmu01100	Metabolic pathways
C02350	mmu01100	Metabolic pathways
C02352	mmu01100	Metabolic pathways
C02353	mmu01100	Metabolic pathways
C02354	mmu01100	Metabolic pathways
C02355	mmu01100	Metabolic pathways
C02356	mmu01100	Metabolic pathways
C02359	mmu01100	Metabolic pathways
C02362	mmu01100	Metabolic pathways
C02364	mmu01100	Metabolic pathways
C02370	mmu01100	Metabolic pathways
C02371	mmu01100	Metabolic pathways
C02375	mmu01100	Metabolic pathways
C02376	mmu01100	Metabolic pathways
C02378	mmu01100	Metabolic pathways
C02400	mmu01100	Metabolic pathways
C02405	mmu01100	Metabolic pathways
C02411	mmu01100	Metabolic pathways
C02426	mmu01100	Metabolic pathways
C02431	mmu01100	Metabolic pathways
C02442	mmu01100	Metabolic pathways
C02462	mmu01100	Metabolic pathways
C02463	mmu01100	Metabolic pathways
C02465	mmu01100	Metabolic pathways
C02474	mmu01100	Metabolic pathways
C02477	mmu01100	Metabolic pathways
C02480	mmu01100	Metabolic pathways
C02483	mmu01100	Metabolic pathways
C02492	mmu01100	Metabolic pathways
C02501	mmu01100	Metabolic pathways
C02504	mmu01100	Metabolic pathways
C02505	mmu01100	Metabolic pathways
C02512	mmu01100	Metabolic pathways
C02514	mmu01100	Metabolic pathways
C02515	mmu01100	Metabolic pathways
C02526	mmu01100	Metabolic pathways
C02527	mmu01100	Metabolic pathways
C02528	mmu01100	Metabolic pathways
C02538	mmu01100	Metabolic pathways
C02557	mmu01100	Metabolic pathways
C02565	mmu01100	Metabolic pathways
C02575	mmu01100	Metabolic pathways
C02588	mmu01100	Metabolic pathways
C02591	mmu01100	Metabolic pathways
C02593	mmu01100	Metabolic pathways
C02612	mmu01100	Metabolic pathways
C02614	mmu01100	Metabolic pathways
C02630	mmu01100	Metabolic pathways
C02632	mmu01100	Metabolic pathways
C02633	mmu01100	Metabolic pathways
C02637	mmu01100	Metabolic pathways
C02642	mmu01100	Metabolic pathways
C02646	mmu01100	Metabolic pathways
C02647	mmu01100	Metabolic pathways
C02656	mmu01100	Metabolic pathways
C02657	mmu01100	Metabolic pathways
C02659	mmu01100	Metabolic pathways
C02666	mmu01100	Metabolic pathways
C02670	mmu01100	Metabolic pathways
C02673	mmu01100	Metabolic pathways
C02679	mmu01100	Metabolic pathways
C02686	mmu01100	Metabolic pathways
C02693	mmu01100	Metabolic pathways
C02700	mmu01100	Metabolic pathways
C02713	mmu01100	Metabolic pathways
C02714	mmu01100	Metabolic pathways
C02718	mmu01100	Metabolic pathways
C02723	mmu01100	Metabolic pathways
C02727	mmu01100	Metabolic pathways
C02730	mmu01100	Metabolic pathways
C02737	mmu01100	Metabolic pathways
C02739	mmu01100	Metabolic pathways
C02741	mmu01100	Metabolic pathways
C02753	mmu01100	Metabolic pathways
C02763	mmu01100	Metabolic pathways
C02765	mmu01100	Metabolic pathways
C02798	mmu01100	Metabolic pathways
C02811	mmu01100	Metabolic pathways
C02814	mmu01100	Metabolic pathways
C02823	mmu01100	Metabolic pathways
C02835	mmu01100	Metabolic pathways
C02843	mmu01100	Metabolic pathways
C02855	mmu01100	Metabolic pathways
C02876	mmu01100	Metabolic pathways
C02880	mmu01100	Metabolic pathways
C02888	mmu01100	Metabolic pathways
C02892	mmu01100	Metabolic pathways
C02915	mmu01100	Metabolic pathways
C02918	mmu01100	Metabolic pathways
C02920	mmu01100	Metabolic pathways
C02923	mmu01100	Metabolic pathways
C02934	mmu01100	Metabolic pathways
C02937	mmu01100	Metabolic pathways
C02938	mmu01100	Metabolic pathways
C02939	mmu01100	Metabolic pathways
C02946	mmu01100	Metabolic pathways
C02947	mmu01100	Metabolic pathways
C02949	mmu01100	Metabolic pathways
C02953	mmu01100	Metabolic pathways
C02960	mmu01100	Metabolic pathways
C02962	mmu01100	Metabolic pathways
C02970	mmu01100	Metabolic pathways
C02972	mmu01100	Metabolic pathways
C02977	mmu01100	Metabolic pathways
C02985	mmu01100	Metabolic pathways
C02987	mmu01100	Metabolic pathways
C02989	mmu01100	Metabolic pathways
C02991	mmu01100	Metabolic pathways
C02995	mmu01100	Metabolic pathways
C03004	mmu01100	Metabolic pathways
C03012	mmu01100	Metabolic pathways
C03021	mmu01100	Metabolic pathways
C03028	mmu01100	Metabolic pathways
C03033	mmu01100	Metabolic pathways
C03035	mmu01100	Metabolic pathways
C03043	mmu01100	Metabolic pathways
C03056	mmu01100	Metabolic pathways
C03058	mmu01100	Metabolic pathways
C03063	mmu01100	Metabolic pathways
C03064	mmu01100	Metabolic pathways
C03069	mmu01100	Metabolic pathways
C03078	mmu01100	Metabolic pathways
C03082	mmu01100	Metabolic pathways
C03087	mmu01100	Metabolic pathways
C03089	mmu01100	Metabolic pathways
C03090	mmu01100	Metabolic pathways
C03112	mmu01100	Metabolic pathways
C03114	mmu01100	Metabolic pathways
C03117	mmu01100	Metabolic pathways
C03150	mmu01100	Metabolic pathways
C03160	mmu01100	Metabolic pathways
C03164	mmu01100	Metabolic pathways
C03166	mmu01100	Metabolic pathways
C03167	mmu01100	Metabolic pathways
C03170	mmu01100	Metabolic pathways
C03175	mmu01100	Metabolic pathways
C03187	mmu01100	Metabolic pathways
C03190	mmu01100	Metabolic pathways
C03194	mmu01100	Metabolic pathways
C03196	mmu01100	Metabolic pathways
C03198	mmu01100	Metabolic pathways
C03201	mmu01100	Metabolic pathways
C03203	mmu01100	Metabolic pathways
C03205	mmu01100	Metabolic pathways
C03206	mmu01100	Metabolic pathways
C03219	mmu01100	Metabolic pathways
C03221	mmu01100	Metabolic pathways
C03223	mmu01100	Metabolic pathways
C03227	mmu01100	Metabolic pathways
C03230	mmu01100	Metabolic pathways
C03231	mmu01100	Metabolic pathways
C03232	mmu01100	Metabolic pathways
C03233	mmu01100	Metabolic pathways
C03239	mmu01100	Metabolic pathways
C03240	mmu01100	Metabolic pathways
C03242	mmu01100	Metabolic pathways
C03263	mmu01100	Metabolic pathways
C03267	mmu01100	Metabolic pathways
C03273	mmu01100	Metabolic pathways
C03277	mmu01100	Metabolic pathways
C03283	mmu01100	Metabolic pathways
C03284	mmu01100	Metabolic pathways
C03287	mmu01100	Metabolic pathways
C03289	mmu01100	Metabolic pathways
C03291	mmu01100	Metabolic pathways
C03296	mmu01100	Metabolic pathways
C03309	mmu01100	Metabolic pathways
C03313	mmu01100	Metabolic pathways
C03319	mmu01100	Metabolic pathways
C03325	mmu01100	Metabolic pathways
C03329	mmu01100	Metabolic pathways
C03341	mmu01100	Metabolic pathways
C03344	mmu01100	Metabolic pathways
C03345	mmu01100	Metabolic pathways
C03366	mmu01100	Metabolic pathways
C03372	mmu01100	Metabolic pathways
C03373	mmu01100	Metabolic pathways
C03375	mmu01100	Metabolic pathways
C03383	mmu01100	Metabolic pathways
C03393	mmu01100	Metabolic pathways
C03401	mmu01100	Metabolic pathways
C03405	mmu01100	Metabolic pathways
C03406	mmu01100	Metabolic pathways
C03409	mmu01100	Metabolic pathways
C03415	mmu01100	Metabolic pathways
C03427	mmu01100	Metabolic pathways
C03428	mmu01100	Metabolic pathways
C03431	mmu01100	Metabolic pathways
C03434	mmu01100	Metabolic pathways
C03440	mmu01100	Metabolic pathways
C03442	mmu01100	Metabolic pathways
C03451	mmu01100	Metabolic pathways
C03453	mmu01100	Metabolic pathways
C03454	mmu01100	Metabolic pathways
C03455	mmu01100	Metabolic pathways
C03459	mmu01100	Metabolic pathways
C03460	mmu01100	Metabolic pathways
C03461	mmu01100	Metabolic pathways
C03470	mmu01100	Metabolic pathways
C03479	mmu01100	Metabolic pathways
C03483	mmu01100	Metabolic pathways
C03492	mmu01100	Metabolic pathways
C03506	mmu01100	Metabolic pathways
C03508	mmu01100	Metabolic pathways
C03516	mmu01100	Metabolic pathways
C03519	mmu01100	Metabolic pathways
C03539	mmu01100	Metabolic pathways
C03546	mmu01100	Metabolic pathways
C03557	mmu01100	Metabolic pathways
C03561	mmu01100	Metabolic pathways
C03564	mmu01100	Metabolic pathways
C03569	mmu01100	Metabolic pathways
C03576	mmu01100	Metabolic pathways
C03586	mmu01100	Metabolic pathways
C03589	mmu01100	Metabolic pathways
C03590	mmu01100	Metabolic pathways
C03594	mmu01100	Metabolic pathways
C03598	mmu01100	Metabolic pathways
C03599	mmu01100	Metabolic pathways
C03614	mmu01100	Metabolic pathways
C03618	mmu01100	Metabolic pathways
C03646	mmu01100	Metabolic pathways
C03648	mmu01100	Metabolic pathways
C03656	mmu01100	Metabolic pathways
C03657	mmu01100	Metabolic pathways
C03671	mmu01100	Metabolic pathways
C03676	mmu01100	Metabolic pathways
C03677	mmu01100	Metabolic pathways
C03680	mmu01100	Metabolic pathways
C03681	mmu01100	Metabolic pathways
C03683	mmu01100	Metabolic pathways
C03684	mmu01100	Metabolic pathways
C03686	mmu01100	Metabolic pathways
C03688	mmu01100	Metabolic pathways
C03691	mmu01100	Metabolic pathways
C03692	mmu01100	Metabolic pathways
C03715	mmu01100	Metabolic pathways
C03722	mmu01100	Metabolic pathways
C03724	mmu01100	Metabolic pathways
C03733	mmu01100	Metabolic pathways
C03737	mmu01100	Metabolic pathways
C03740	mmu01100	Metabolic pathways
C03741	mmu01100	Metabolic pathways
C03742	mmu01100	Metabolic pathways
C03752	mmu01100	Metabolic pathways
C03758	mmu01100	Metabolic pathways
C03765	mmu01100	Metabolic pathways
C03771	mmu01100	Metabolic pathways
C03785	mmu01100	Metabolic pathways
C03793	mmu01100	Metabolic pathways
C03794	mmu01100	Metabolic pathways
C03820	mmu01100	Metabolic pathways
C03824	mmu01100	Metabolic pathways
C03826	mmu01100	Metabolic pathways
C03827	mmu01100	Metabolic pathways
C03838	mmu01100	Metabolic pathways
C03845	mmu01100	Metabolic pathways
C03852	mmu01100	Metabolic pathways
C03862	mmu01100	Metabolic pathways
C03871	mmu01100	Metabolic pathways
C03892	mmu01100	Metabolic pathways
C03906	mmu01100	Metabolic pathways
C03912	mmu01100	Metabolic pathways
C03917	mmu01100	Metabolic pathways
C03920	mmu01100	Metabolic pathways
C03921	mmu01100	Metabolic pathways
C03939	mmu01100	Metabolic pathways
C03943	mmu01100	Metabolic pathways
C03944	mmu01100	Metabolic pathways
C03955	mmu01100	Metabolic pathways
C03964	mmu01100	Metabolic pathways
C03968	mmu01100	Metabolic pathways
C03972	mmu01100	Metabolic pathways
C03979	mmu01100	Metabolic pathways
C03981	mmu01100	Metabolic pathways
C04002	mmu01100	Metabolic pathways
C04006	mmu01100	Metabolic pathways
C04022	mmu01100	Metabolic pathways
C04037	mmu01100	Metabolic pathways
C04042	mmu01100	Metabolic pathways
C04043	mmu01100	Metabolic pathways
C04044	mmu01100	Metabolic pathways
C04045	mmu01100	Metabolic pathways
C04046	mmu01100	Metabolic pathways
C04051	mmu01100	Metabolic pathways
C04052	mmu01100	Metabolic pathways
C04053	mmu01100	Metabolic pathways
C04062	mmu01100	Metabolic pathways
C04063	mmu01100	Metabolic pathways
C04075	mmu01100	Metabolic pathways
C04076	mmu01100	Metabolic pathways
C04088	mmu01100	Metabolic pathways
C04089	mmu01100	Metabolic pathways
C04091	mmu01100	Metabolic pathways
C04092	mmu01100	Metabolic pathways
C04115	mmu01100	Metabolic pathways
C04118	mmu01100	Metabolic pathways
C04121	mmu01100	Metabolic pathways
C04122	mmu01100	Metabolic pathways
C04133	mmu01100	Metabolic pathways
C04137	mmu01100	Metabolic pathways
C04145	mmu01100	Metabolic pathways
C04185	mmu01100	Metabolic pathways
C04186	mmu01100	Metabolic pathways
C04188	mmu01100	Metabolic pathways
C04225	mmu01100	Metabolic pathways
C04236	mmu01100	Metabolic pathways
C04244	mmu01100	Metabolic pathways
C04246	mmu01100	Metabolic pathways
C04257	mmu01100	Metabolic pathways
C04260	mmu01100	Metabolic pathways
C04268	mmu01100	Metabolic pathways
C04272	mmu01100	Metabolic pathways
C04281	mmu01100	Metabolic pathways
C04282	mmu01100	Metabolic pathways
C04287	mmu01100	Metabolic pathways
C04290	mmu01100	Metabolic pathways
C04294	mmu01100	Metabolic pathways
C04295	mmu01100	Metabolic pathways
C04297	mmu01100	Metabolic pathways
C04302	mmu01100	Metabolic pathways
C04308	mmu01100	Metabolic pathways
C04314	mmu01100	Metabolic pathways
C04317	mmu01100	Metabolic pathways
C04324	mmu01100	Metabolic pathways
C04327	mmu01100	Metabolic pathways
C04330	mmu01100	Metabolic pathways
C04332	mmu01100	Metabolic pathways
C04346	mmu01100	Metabolic pathways
C04348	mmu01100	Metabolic pathways
C04349	mmu01100	Metabolic pathways
C04350	mmu01100	Metabolic pathways
C04351	mmu01100	Metabolic pathways
C04352	mmu01100	Metabolic pathways
C04376	mmu01100	Metabolic pathways
C04377	mmu01100	Metabolic pathways
C04390	mmu01100	Metabolic pathways
C04392	mmu01100	Metabolic pathways
C04405	mmu01100	Metabolic pathways
C04409	mmu01100	Metabolic pathways
C04411	mmu01100	Metabolic pathways
C04421	mmu01100	Metabolic pathways
C04432	mmu01100	Metabolic pathways
C04434	mmu01100	Metabolic pathways
C04442	mmu01100	Metabolic pathways
C04454	mmu01100	Metabolic pathways
C04462	mmu01100	Metabolic pathways
C04468	mmu01100	Metabolic pathways
C04475	mmu01100	Metabolic pathways
C04477	mmu01100	Metabolic pathways
C04478	mmu01100	Metabolic pathways
C04479	mmu01100	Metabolic pathways
C04484	mmu01100	Metabolic pathways
C04487	mmu01100	Metabolic pathways
C04488	mmu01100	Metabolic pathways
C04494	mmu01100	Metabolic pathways
C04498	mmu01100	Metabolic pathways
C04501	mmu01100	Metabolic pathways
C04520	mmu01100	Metabolic pathways
C04525	mmu01100	Metabolic pathways
C04536	mmu01100	Metabolic pathways
C04546	mmu01100	Metabolic pathways
C04549	mmu01100	Metabolic pathways
C04554	mmu01100	Metabolic pathways
C04555	mmu01100	Metabolic pathways
C04556	mmu01100	Metabolic pathways
C04563	mmu01100	Metabolic pathways
C04573	mmu01100	Metabolic pathways
C04575	mmu01100	Metabolic pathways
C04577	mmu01100	Metabolic pathways
C04578	mmu01100	Metabolic pathways
C04579	mmu01100	Metabolic pathways
C04582	mmu01100	Metabolic pathways
C04592	mmu01100	Metabolic pathways
C04593	mmu01100	Metabolic pathways
C04598	mmu01100	Metabolic pathways
C04613	mmu01100	Metabolic pathways
C04618	mmu01100	Metabolic pathways
C04619	mmu01100	Metabolic pathways
C04620	mmu01100	Metabolic pathways
C04628	mmu01100	Metabolic pathways
C04630	mmu01100	Metabolic pathways
C04631	mmu01100	Metabolic pathways
C04633	mmu01100	Metabolic pathways
C04635	mmu01100	Metabolic pathways
C04637	mmu01100	Metabolic pathways
C04640	mmu01100	Metabolic pathways
C04642	mmu01100	Metabolic pathways
C04652	mmu01100	Metabolic pathways
C04666	mmu01100	Metabolic pathways
C04672	mmu01100	Metabolic pathways
C04677	mmu01100	Metabolic pathways
C04688	mmu01100	Metabolic pathways
C04691	mmu01100	Metabolic pathways
C04702	mmu01100	Metabolic pathways
C04706	mmu01100	Metabolic pathways
C04717	mmu01100	Metabolic pathways
C04722	mmu01100	Metabolic pathways
C04729	mmu01100	Metabolic pathways
C04732	mmu01100	Metabolic pathways
C04734	mmu01100	Metabolic pathways
C04738	mmu01100	Metabolic pathways
C04742	mmu01100	Metabolic pathways
C04751	mmu01100	Metabolic pathways
C04752	mmu01100	Metabolic pathways
C04756	mmu01100	Metabolic pathways
C04767	mmu01100	Metabolic pathways
C04778	mmu01100	Metabolic pathways
C04780	mmu01100	Metabolic pathways
C04783	mmu01100	Metabolic pathways
C04785	mmu01100	Metabolic pathways
C04793	mmu01100	Metabolic pathways
C04805	mmu01100	Metabolic pathways
C04807	mmu01100	Metabolic pathways
C04823	mmu01100	Metabolic pathways
C04824	mmu01100	Metabolic pathways
C04831	mmu01100	Metabolic pathways
C04832	mmu01100	Metabolic pathways
C04844	mmu01100	Metabolic pathways
C04851	mmu01100	Metabolic pathways
C04874	mmu01100	Metabolic pathways
C04877	mmu01100	Metabolic pathways
C04882	mmu01100	Metabolic pathways
C04895	mmu01100	Metabolic pathways
C04896	mmu01100	Metabolic pathways
C04916	mmu01100	Metabolic pathways
C04919	mmu01100	Metabolic pathways
C04932	mmu01100	Metabolic pathways
C05080	mmu01100	Metabolic pathways
C05103	mmu01100	Metabolic pathways
C05107	mmu01100	Metabolic pathways
C05108	mmu01100	Metabolic pathways
C05122	mmu01100	Metabolic pathways
C05123	mmu01100	Metabolic pathways
C05125	mmu01100	Metabolic pathways
C05127	mmu01100	Metabolic pathways
C05130	mmu01100	Metabolic pathways
C05133	mmu01100	Metabolic pathways
C05138	mmu01100	Metabolic pathways
C05141	mmu01100	Metabolic pathways
C05143	mmu01100	Metabolic pathways
C05144	mmu01100	Metabolic pathways
C05147	mmu01100	Metabolic pathways
C05161	mmu01100	Metabolic pathways
C05172	mmu01100	Metabolic pathways
C05174	mmu01100	Metabolic pathways
C05175	mmu01100	Metabolic pathways
C05176	mmu01100	Metabolic pathways
C05178	mmu01100	Metabolic pathways
C05179	mmu01100	Metabolic pathways
C05189	mmu01100	Metabolic pathways
C05190	mmu01100	Metabolic pathways
C05191	mmu01100	Metabolic pathways
C05193	mmu01100	Metabolic pathways
C05194	mmu01100	Metabolic pathways
C05202	mmu01100	Metabolic pathways
C05212	mmu01100	Metabolic pathways
C05220	mmu01100	Metabolic pathways
C05223	mmu01100	Metabolic pathways
C05231	mmu01100	Metabolic pathways
C05235	mmu01100	Metabolic pathways
C05239	mmu01100	Metabolic pathways
C05247	mmu01100	Metabolic pathways
C05258	mmu01100	Metabolic pathways
C05259	mmu01100	Metabolic pathways
C05260	mmu01100	Metabolic pathways
C05261	mmu01100	Metabolic pathways
C05262	mmu01100	Metabolic pathways
C05263	mmu01100	Metabolic pathways
C05264	mmu01100	Metabolic pathways
C05265	mmu01100	Metabolic pathways
C05266	mmu01100	Metabolic pathways
C05267	mmu01100	Metabolic pathways
C05268	mmu01100	Metabolic pathways
C05269	mmu01100	Metabolic pathways
C05270	mmu01100	Metabolic pathways
C05271	mmu01100	Metabolic pathways
C05272	mmu01100	Metabolic pathways
C05273	mmu01100	Metabolic pathways
C05274	mmu01100	Metabolic pathways
C05275	mmu01100	Metabolic pathways
C05276	mmu01100	Metabolic pathways
C05281	mmu01100	Metabolic pathways
C05284	mmu01100	Metabolic pathways
C05285	mmu01100	Metabolic pathways
C05290	mmu01100	Metabolic pathways
C05294	mmu01100	Metabolic pathways
C05295	mmu01100	Metabolic pathways
C05297	mmu01100	Metabolic pathways
C05300	mmu01100	Metabolic pathways
C05306	mmu01100	Metabolic pathways
C05307	mmu01100	Metabolic pathways
C05316	mmu01100	Metabolic pathways
C05322	mmu01100	Metabolic pathways
C05324	mmu01100	Metabolic pathways
C05332	mmu01100	Metabolic pathways
C05335	mmu01100	Metabolic pathways
C05336	mmu01100	Metabolic pathways
C05337	mmu01100	Metabolic pathways
C05340	mmu01100	Metabolic pathways
C05341	mmu01100	Metabolic pathways
C05350	mmu01100	Metabolic pathways
C05356	mmu01100	Metabolic pathways
C05361	mmu01100	Metabolic pathways
C05366	mmu01100	Metabolic pathways
C05375	mmu01100	Metabolic pathways
C05379	mmu01100	Metabolic pathways
C05382	mmu01100	Metabolic pathways
C05385	mmu01100	Metabolic pathways
C05392	mmu01100	Metabolic pathways
C05396	mmu01100	Metabolic pathways
C05402	mmu01100	Metabolic pathways
C05404	mmu01100	Metabolic pathways
C05412	mmu01100	Metabolic pathways
C05414	mmu01100	Metabolic pathways
C05421	mmu01100	Metabolic pathways
C05422	mmu01100	Metabolic pathways
C05427	mmu01100	Metabolic pathways
C05430	mmu01100	Metabolic pathways
C05431	mmu01100	Metabolic pathways
C05432	mmu01100	Metabolic pathways
C05433	mmu01100	Metabolic pathways
C05435	mmu01100	Metabolic pathways
C05437	mmu01100	Metabolic pathways
C05439	mmu01100	Metabolic pathways
C05440	mmu01100	Metabolic pathways
C05441	mmu01100	Metabolic pathways
C05442	mmu01100	Metabolic pathways
C05443	mmu01100	Metabolic pathways
C05444	mmu01100	Metabolic pathways
C05445	mmu01100	Metabolic pathways
C05446	mmu01100	Metabolic pathways
C05447	mmu01100	Metabolic pathways
C05448	mmu01100	Metabolic pathways
C05449	mmu01100	Metabolic pathways
C05451	mmu01100	Metabolic pathways
C05452	mmu01100	Metabolic pathways
C05453	mmu01100	Metabolic pathways
C05454	mmu01100	Metabolic pathways
C05455	mmu01100	Metabolic pathways
C05460	mmu01100	Metabolic pathways
C05467	mmu01100	Metabolic pathways
C05469	mmu01100	Metabolic pathways
C05470	mmu01100	Metabolic pathways
C05471	mmu01100	Metabolic pathways
C05472	mmu01100	Metabolic pathways
C05479	mmu01100	Metabolic pathways
C05480	mmu01100	Metabolic pathways
C05481	mmu01100	Metabolic pathways
C05482	mmu01100	Metabolic pathways
C05484	mmu01100	Metabolic pathways
C05488	mmu01100	Metabolic pathways
C05497	mmu01100	Metabolic pathways
C05498	mmu01100	Metabolic pathways
C05500	mmu01100	Metabolic pathways
C05501	mmu01100	Metabolic pathways
C05502	mmu01100	Metabolic pathways
C05512	mmu01100	Metabolic pathways
C05513	mmu01100	Metabolic pathways
C05515	mmu01100	Metabolic pathways
C05516	mmu01100	Metabolic pathways
C05519	mmu01100	Metabolic pathways
C05526	mmu01100	Metabolic pathways
C05527	mmu01100	Metabolic pathways
C05528	mmu01100	Metabolic pathways
C05535	mmu01100	Metabolic pathways
C05539	mmu01100	Metabolic pathways
C05544	mmu01100	Metabolic pathways
C05545	mmu01100	Metabolic pathways
C05546	mmu01100	Metabolic pathways
C05548	mmu01100	Metabolic pathways
C05552	mmu01100	Metabolic pathways
C05554	mmu01100	Metabolic pathways
C05556	mmu01100	Metabolic pathways
C05557	mmu01100	Metabolic pathways
C05560	mmu01100	Metabolic pathways
C05568	mmu01100	Metabolic pathways
C05570	mmu01100	Metabolic pathways
C05571	mmu01100	Metabolic pathways
C05575	mmu01100	Metabolic pathways
C05576	mmu01100	Metabolic pathways
C05577	mmu01100	Metabolic pathways
C05578	mmu01100	Metabolic pathways
C05579	mmu01100	Metabolic pathways
C05580	mmu01100	Metabolic pathways
C05581	mmu01100	Metabolic pathways
C05582	mmu01100	Metabolic pathways
C05583	mmu01100	Metabolic pathways
C05584	mmu01100	Metabolic pathways
C05585	mmu01100	Metabolic pathways
C05587	mmu01100	Metabolic pathways
C05588	mmu01100	Metabolic pathways
C05589	mmu01100	Metabolic pathways
C05593	mmu01100	Metabolic pathways
C05594	mmu01100	Metabolic pathways
C05600	mmu01100	Metabolic pathways
C05604	mmu01100	Metabolic pathways
C05607	mmu01100	Metabolic pathways
C05608	mmu01100	Metabolic pathways
C05610	mmu01100	Metabolic pathways
C05619	mmu01100	Metabolic pathways
C05620	mmu01100	Metabolic pathways
C05623	mmu01100	Metabolic pathways
C05625	mmu01100	Metabolic pathways
C05629	mmu01100	Metabolic pathways
C05631	mmu01100	Metabolic pathways
C05634	mmu01100	Metabolic pathways
C05635	mmu01100	Metabolic pathways
C05638	mmu01100	Metabolic pathways
C05639	mmu01100	Metabolic pathways
C05640	mmu01100	Metabolic pathways
C05644	mmu01100	Metabolic pathways
C05646	mmu01100	Metabolic pathways
C05648	mmu01100	Metabolic pathways
C05651	mmu01100	Metabolic pathways
C05653	mmu01100	Metabolic pathways
C05662	mmu01100	Metabolic pathways
C05665	mmu01100	Metabolic pathways
C05668	mmu01100	Metabolic pathways
C05672	mmu01100	Metabolic pathways
C05673	mmu01100	Metabolic pathways
C05674	mmu01100	Metabolic pathways
C05675	mmu01100	Metabolic pathways
C05676	mmu01100	Metabolic pathways
C05678	mmu01100	Metabolic pathways
C05681	mmu01100	Metabolic pathways
C05682	mmu01100	Metabolic pathways
C05688	mmu01100	Metabolic pathways
C05689	mmu01100	Metabolic pathways
C05690	mmu01100	Metabolic pathways
C05698	mmu01100	Metabolic pathways
C05699	mmu01100	Metabolic pathways
C05703	mmu01100	Metabolic pathways
C05714	mmu01100	Metabolic pathways
C05715	mmu01100	Metabolic pathways
C05726	mmu01100	Metabolic pathways
C05727	mmu01100	Metabolic pathways
C05729	mmu01100	Metabolic pathways
C05730	mmu01100	Metabolic pathways
C05744	mmu01100	Metabolic pathways
C05745	mmu01100	Metabolic pathways
C05746	mmu01100	Metabolic pathways
C05747	mmu01100	Metabolic pathways
C05748	mmu01100	Metabolic pathways
C05749	mmu01100	Metabolic pathways
C05750	mmu01100	Metabolic pathways
C05751	mmu01100	Metabolic pathways
C05752	mmu01100	Metabolic pathways
C05753	mmu01100	Metabolic pathways
C05754	mmu01100	Metabolic pathways
C05755	mmu01100	Metabolic pathways
C05756	mmu01100	Metabolic pathways
C05757	mmu01100	Metabolic pathways
C05758	mmu01100	Metabolic pathways
C05759	mmu01100	Metabolic pathways
C05760	mmu01100	Metabolic pathways
C05761	mmu01100	Metabolic pathways
C05762	mmu01100	Metabolic pathways
C05763	mmu01100	Metabolic pathways
C05764	mmu01100	Metabolic pathways
C05766	mmu01100	Metabolic pathways
C05768	mmu01100	Metabolic pathways
C05769	mmu01100	Metabolic pathways
C05770	mmu01100	Metabolic pathways
C05772	mmu01100	Metabolic pathways
C05773	mmu01100	Metabolic pathways
C05775	mmu01100	Metabolic pathways
C05777	mmu01100	Metabolic pathways
C05778	mmu01100	Metabolic pathways
C05781	mmu01100	Metabolic pathways
C05787	mmu01100	Metabolic pathways
C05791	mmu01100	Metabolic pathways
C05795	mmu01100	Metabolic pathways
C05807	mmu01100	Metabolic pathways
C05817	mmu01100	Metabolic pathways
C05819	mmu01100	Metabolic pathways
C05822	mmu01100	Metabolic pathways
C05823	mmu01100	Metabolic pathways
C05824	mmu01100	Metabolic pathways
C05825	mmu01100	Metabolic pathways
C05827	mmu01100	Metabolic pathways
C05828	mmu01100	Metabolic pathways
C05837	mmu01100	Metabolic pathways
C05840	mmu01100	Metabolic pathways
C05841	mmu01100	Metabolic pathways
C05842	mmu01100	Metabolic pathways
C05843	mmu01100	Metabolic pathways
C05847	mmu01100	Metabolic pathways
C05848	mmu01100	Metabolic pathways
C05849	mmu01100	Metabolic pathways
C05852	mmu01100	Metabolic pathways
C05856	mmu01100	Metabolic pathways
C05892	mmu01100	Metabolic pathways
C05893	mmu01100	Metabolic pathways
C05894	mmu01100	Metabolic pathways
C05895	mmu01100	Metabolic pathways
C05896	mmu01100	Metabolic pathways
C05897	mmu01100	Metabolic pathways
C05898	mmu01100	Metabolic pathways
C05903	mmu01100	Metabolic pathways
C05904	mmu01100	Metabolic pathways
C05905	mmu01100	Metabolic pathways
C05906	mmu01100	Metabolic pathways
C05921	mmu01100	Metabolic pathways
C05922	mmu01100	Metabolic pathways
C05923	mmu01100	Metabolic pathways
C05924	mmu01100	Metabolic pathways
C05925	mmu01100	Metabolic pathways
C05931	mmu01100	Metabolic pathways
C05932	mmu01100	Metabolic pathways
C05933	mmu01100	Metabolic pathways
C05936	mmu01100	Metabolic pathways
C05938	mmu01100	Metabolic pathways
C05946	mmu01100	Metabolic pathways
C05947	mmu01100	Metabolic pathways
C05951	mmu01100	Metabolic pathways
C05952	mmu01100	Metabolic pathways
C05953	mmu01100	Metabolic pathways
C05954	mmu01100	Metabolic pathways
C05955	mmu01100	Metabolic pathways
C05956	mmu01100	Metabolic pathways
C05957	mmu01100	Metabolic pathways
C05958	mmu01100	Metabolic pathways
C05961	mmu01100	Metabolic pathways
C05962	mmu01100	Metabolic pathways
C05963	mmu01100	Metabolic pathways
C05964	mmu01100	Metabolic pathways
C05965	mmu01100	Metabolic pathways
C05966	mmu01100	Metabolic pathways
C05977	mmu01100	Metabolic pathways
C05979	mmu01100	Metabolic pathways
C05980	mmu01100	Metabolic pathways
C05981	mmu01100	Metabolic pathways
C05989	mmu01100	Metabolic pathways
C05993	mmu01100	Metabolic pathways
C05998	mmu01100	Metabolic pathways
C06000	mmu01100	Metabolic pathways
C06001	mmu01100	Metabolic pathways
C06002	mmu01100	Metabolic pathways
C06006	mmu01100	Metabolic pathways
C06007	mmu01100	Metabolic pathways
C06010	mmu01100	Metabolic pathways
C06018	mmu01100	Metabolic pathways
C06019	mmu01100	Metabolic pathways
C06022	mmu01100	Metabolic pathways
C06023	mmu01100	Metabolic pathways
C06024	mmu01100	Metabolic pathways
C06025	mmu01100	Metabolic pathways
C06026	mmu01100	Metabolic pathways
C06027	mmu01100	Metabolic pathways
C06028	mmu01100	Metabolic pathways
C06032	mmu01100	Metabolic pathways
C06033	mmu01100	Metabolic pathways
C06037	mmu01100	Metabolic pathways
C06040	mmu01100	Metabolic pathways
C06041	mmu01100	Metabolic pathways
C06042	mmu01100	Metabolic pathways
C06044	mmu01100	Metabolic pathways
C06046	mmu01100	Metabolic pathways
C06049	mmu01100	Metabolic pathways
C06054	mmu01100	Metabolic pathways
C06055	mmu01100	Metabolic pathways
C06058	mmu01100	Metabolic pathways
C06070	mmu01100	Metabolic pathways
C06071	mmu01100	Metabolic pathways
C06081	mmu01100	Metabolic pathways
C06082	mmu01100	Metabolic pathways
C06087	mmu01100	Metabolic pathways
C06089	mmu01100	Metabolic pathways
C06090	mmu01100	Metabolic pathways
C06093	mmu01100	Metabolic pathways
C06094	mmu01100	Metabolic pathways
C06095	mmu01100	Metabolic pathways
C06098	mmu01100	Metabolic pathways
C06099	mmu01100	Metabolic pathways
C06102	mmu01100	Metabolic pathways
C06104	mmu01100	Metabolic pathways
C06112	mmu01100	Metabolic pathways
C06118	mmu01100	Metabolic pathways
C06124	mmu01100	Metabolic pathways
C06125	mmu01100	Metabolic pathways
C06128	mmu01100	Metabolic pathways
C06142	mmu01100	Metabolic pathways
C06143	mmu01100	Metabolic pathways
C06144	mmu01100	Metabolic pathways
C06148	mmu01100	Metabolic pathways
C06153	mmu01100	Metabolic pathways
C06156	mmu01100	Metabolic pathways
C06160	mmu01100	Metabolic pathways
C06161	mmu01100	Metabolic pathways
C06162	mmu01100	Metabolic pathways
C06163	mmu01100	Metabolic pathways
C06165	mmu01100	Metabolic pathways
C06167	mmu01100	Metabolic pathways
C06171	mmu01100	Metabolic pathways
C06172	mmu01100	Metabolic pathways
C06173	mmu01100	Metabolic pathways
C06174	mmu01100	Metabolic pathways
C06175	mmu01100	Metabolic pathways
C06178	mmu01100	Metabolic pathways
C06179	mmu01100	Metabolic pathways
C06181	mmu01100	Metabolic pathways
C06182	mmu01100	Metabolic pathways
C06183	mmu01100	Metabolic pathways
C06193	mmu01100	Metabolic pathways
C06194	mmu01100	Metabolic pathways
C06195	mmu01100	Metabolic pathways
C06197	mmu01100	Metabolic pathways
C06198	mmu01100	Metabolic pathways
C06199	mmu01100	Metabolic pathways
C06201	mmu01100	Metabolic pathways
C06202	mmu01100	Metabolic pathways
C06203	mmu01100	Metabolic pathways
C06204	mmu01100	Metabolic pathways
C06210	mmu01100	Metabolic pathways
C06213	mmu01100	Metabolic pathways
C06231	mmu01100	Metabolic pathways
C06240	mmu01100	Metabolic pathways
C06241	mmu01100	Metabolic pathways
C06250	mmu01100	Metabolic pathways
C06251	mmu01100	Metabolic pathways
C06304	mmu01100	Metabolic pathways
C06305	mmu01100	Metabolic pathways
C06308	mmu01100	Metabolic pathways
C06311	mmu01100	Metabolic pathways
C06313	mmu01100	Metabolic pathways
C06314	mmu01100	Metabolic pathways
C06315	mmu01100	Metabolic pathways
C06316	mmu01100	Metabolic pathways
C06318	mmu01100	Metabolic pathways
C06319	mmu01100	Metabolic pathways
C06320	mmu01100	Metabolic pathways
C06321	mmu01100	Metabolic pathways
C06322	mmu01100	Metabolic pathways
C06329	mmu01100	Metabolic pathways
C06337	mmu01100	Metabolic pathways
C06364	mmu01100	Metabolic pathways
C06365	mmu01100	Metabolic pathways
C06376	mmu01100	Metabolic pathways
C06377	mmu01100	Metabolic pathways
C06387	mmu01100	Metabolic pathways
C06394	mmu01100	Metabolic pathways
C06397	mmu01100	Metabolic pathways
C06398	mmu01100	Metabolic pathways
C06399	mmu01100	Metabolic pathways
C06400	mmu01100	Metabolic pathways
C06406	mmu01100	Metabolic pathways
C06407	mmu01100	Metabolic pathways
C06408	mmu01100	Metabolic pathways
C06416	mmu01100	Metabolic pathways
C06419	mmu01100	Metabolic pathways
C06423	mmu01100	Metabolic pathways
C06424	mmu01100	Metabolic pathways
C06426	mmu01100	Metabolic pathways
C06427	mmu01100	Metabolic pathways
C06441	mmu01100	Metabolic pathways
C06442	mmu01100	Metabolic pathways
C06451	mmu01100	Metabolic pathways
C06452	mmu01100	Metabolic pathways
C06454	mmu01100	Metabolic pathways
C06459	mmu01100	Metabolic pathways
C06462	mmu01100	Metabolic pathways
C06473	mmu01100	Metabolic pathways
C06482	mmu01100	Metabolic pathways
C06503	mmu01100	Metabolic pathways
C06504	mmu01100	Metabolic pathways
C06505	mmu01100	Metabolic pathways
C06506	mmu01100	Metabolic pathways
C06507	mmu01100	Metabolic pathways
C06508	mmu01100	Metabolic pathways
C06509	mmu01100	Metabolic pathways
C06510	mmu01100	Metabolic pathways
C06522	mmu01100	Metabolic pathways
C06542	mmu01100	Metabolic pathways
C06547	mmu01100	Metabolic pathways
C06548	mmu01100	Metabolic pathways
C06551	mmu01100	Metabolic pathways
C06552	mmu01100	Metabolic pathways
C06553	mmu01100	Metabolic pathways
C06554	mmu01100	Metabolic pathways
C06555	mmu01100	Metabolic pathways
C06561	mmu01100	Metabolic pathways
C06563	mmu01100	Metabolic pathways
C06564	mmu01100	Metabolic pathways
C06565	mmu01100	Metabolic pathways
C06566	mmu01100	Metabolic pathways
C06568	mmu01100	Metabolic pathways
C06569	mmu01100	Metabolic pathways
C06570	mmu01100	Metabolic pathways
C06571	mmu01100	Metabolic pathways
C06575	mmu01100	Metabolic pathways
C06576	mmu01100	Metabolic pathways
C06577	mmu01100	Metabolic pathways
C06578	mmu01100	Metabolic pathways
C06579	mmu01100	Metabolic pathways
C06580	mmu01100	Metabolic pathways
C06581	mmu01100	Metabolic pathways
C06582	mmu01100	Metabolic pathways
C06584	mmu01100	Metabolic pathways
C06585	mmu01100	Metabolic pathways
C06586	mmu01100	Metabolic pathways
C06587	mmu01100	Metabolic pathways
C06588	mmu01100	Metabolic pathways
C06589	mmu01100	Metabolic pathways
C06593	mmu01100	Metabolic pathways
C06594	mmu01100	Metabolic pathways
C06597	mmu01100	Metabolic pathways
C06599	mmu01100	Metabolic pathways
C06600	mmu01100	Metabolic pathways
C06609	mmu01100	Metabolic pathways
C06610	mmu01100	Metabolic pathways
C06611	mmu01100	Metabolic pathways
C06612	mmu01100	Metabolic pathways
C06613	mmu01100	Metabolic pathways
C06614	mmu01100	Metabolic pathways
C06615	mmu01100	Metabolic pathways
C06616	mmu01100	Metabolic pathways
C06620	mmu01100	Metabolic pathways
C06624	mmu01100	Metabolic pathways
C06627	mmu01100	Metabolic pathways
C06628	mmu01100	Metabolic pathways
C06629	mmu01100	Metabolic pathways
C06630	mmu01100	Metabolic pathways
C06633	mmu01100	Metabolic pathways
C06635	mmu01100	Metabolic pathways
C06653	mmu01100	Metabolic pathways
C06654	mmu01100	Metabolic pathways
C06655	mmu01100	Metabolic pathways
C06656	mmu01100	Metabolic pathways
C06657	mmu01100	Metabolic pathways
C06658	mmu01100	Metabolic pathways
C06659	mmu01100	Metabolic pathways
C06660	mmu01100	Metabolic pathways
C06661	mmu01100	Metabolic pathways
C06662	mmu01100	Metabolic pathways
C06669	mmu01100	Metabolic pathways
C06670	mmu01100	Metabolic pathways
C06671	mmu01100	Metabolic pathways
C06672	mmu01100	Metabolic pathways
C06677	mmu01100	Metabolic pathways
C06689	mmu01100	Metabolic pathways
C06711	mmu01100	Metabolic pathways
C06712	mmu01100	Metabolic pathways
C06714	mmu01100	Metabolic pathways
C06715	mmu01100	Metabolic pathways
C06720	mmu01100	Metabolic pathways
C06723	mmu01100	Metabolic pathways
C06727	mmu01100	Metabolic pathways
C06728	mmu01100	Metabolic pathways
C06729	mmu01100	Metabolic pathways
C06730	mmu01100	Metabolic pathways
C06731	mmu01100	Metabolic pathways
C06749	mmu01100	Metabolic pathways
C06752	mmu01100	Metabolic pathways
C06753	mmu01100	Metabolic pathways
C06754	mmu01100	Metabolic pathways
C06755	mmu01100	Metabolic pathways
C06756	mmu01100	Metabolic pathways
C06757	mmu01100	Metabolic pathways
C06758	mmu01100	Metabolic pathways
C06760	mmu01100	Metabolic pathways
C06762	mmu01100	Metabolic pathways
C06789	mmu01100	Metabolic pathways
C06790	mmu01100	Metabolic pathways
C06791	mmu01100	Metabolic pathways
C06792	mmu01100	Metabolic pathways
C06793	mmu01100	Metabolic pathways
C06800	mmu01100	Metabolic pathways
C06801	mmu01100	Metabolic pathways
C06802	mmu01100	Metabolic pathways
C06866	mmu01100	Metabolic pathways
C06892	mmu01100	Metabolic pathways
C06893	mmu01100	Metabolic pathways
C06940	mmu01100	Metabolic pathways
C06972	mmu01100	Metabolic pathways
C07024	mmu01100	Metabolic pathways
C07025	mmu01100	Metabolic pathways
C07026	mmu01100	Metabolic pathways
C07027	mmu01100	Metabolic pathways
C07028	mmu01100	Metabolic pathways
C07029	mmu01100	Metabolic pathways
C07030	mmu01100	Metabolic pathways
C07031	mmu01100	Metabolic pathways
C07032	mmu01100	Metabolic pathways
C07044	mmu01100	Metabolic pathways
C07075	mmu01100	Metabolic pathways
C07083	mmu01100	Metabolic pathways
C07084	mmu01100	Metabolic pathways
C07085	mmu01100	Metabolic pathways
C07086	mmu01100	Metabolic pathways
C07087	mmu01100	Metabolic pathways
C07089	mmu01100	Metabolic pathways
C07092	mmu01100	Metabolic pathways
C07093	mmu01100	Metabolic pathways
C07094	mmu01100	Metabolic pathways
C07095	mmu01100	Metabolic pathways
C07097	mmu01100	Metabolic pathways
C07099	mmu01100	Metabolic pathways
C07100	mmu01100	Metabolic pathways
C07101	mmu01100	Metabolic pathways
C07102	mmu01100	Metabolic pathways
C07103	mmu01100	Metabolic pathways
C07111	mmu01100	Metabolic pathways
C07123	mmu01100	Metabolic pathways
C07130	mmu01100	Metabolic pathways
C07201	mmu01100	Metabolic pathways
C07204	mmu01100	Metabolic pathways
C07208	mmu01100	Metabolic pathways
C07209	mmu01100	Metabolic pathways
C07211	mmu01100	Metabolic pathways
C07212	mmu01100	Metabolic pathways
C07213	mmu01100	Metabolic pathways
C07214	mmu01100	Metabolic pathways
C07215	mmu01100	Metabolic pathways
C07216	mmu01100	Metabolic pathways
C07277	mmu01100	Metabolic pathways
C07303	mmu01100	Metabolic pathways
C07335	mmu01100	Metabolic pathways
C07349	mmu01100	Metabolic pathways
C07394	mmu01100	Metabolic pathways
C07478	mmu01100	Metabolic pathways
C07479	mmu01100	Metabolic pathways
C07480	mmu01100	Metabolic pathways
C07481	mmu01100	Metabolic pathways
C07576	mmu01100	Metabolic pathways
C07578	mmu01100	Metabolic pathways
C07712	mmu01100	Metabolic pathways
C07715	mmu01100	Metabolic pathways
C07729	mmu01100	Metabolic pathways
C07731	mmu01100	Metabolic pathways
C07732	mmu01100	Metabolic pathways
C07733	mmu01100	Metabolic pathways
C07734	mmu01100	Metabolic pathways
C07836	mmu01100	Metabolic pathways
C07838	mmu01100	Metabolic pathways
C08057	mmu01100	Metabolic pathways
C08060	mmu01100	Metabolic pathways
C08061	mmu01100	Metabolic pathways
C08062	mmu01100	Metabolic pathways
C08276	mmu01100	Metabolic pathways
C08300	mmu01100	Metabolic pathways
C08301	mmu01100	Metabolic pathways
C08307	mmu01100	Metabolic pathways
C08308	mmu01100	Metabolic pathways
C08312	mmu01100	Metabolic pathways
C08325	mmu01100	Metabolic pathways
C08362	mmu01100	Metabolic pathways
C08491	mmu01100	Metabolic pathways
C08537	mmu01100	Metabolic pathways
C08538	mmu01100	Metabolic pathways
C08539	mmu01100	Metabolic pathways
C08540	mmu01100	Metabolic pathways
C08542	mmu01100	Metabolic pathways
C08543	mmu01100	Metabolic pathways
C08544	mmu01100	Metabolic pathways
C08552	mmu01100	Metabolic pathways
C08579	mmu01100	Metabolic pathways
C08580	mmu01100	Metabolic pathways
C08583	mmu01100	Metabolic pathways
C08586	mmu01100	Metabolic pathways
C08588	mmu01100	Metabolic pathways
C08589	mmu01100	Metabolic pathways
C08590	mmu01100	Metabolic pathways
C08592	mmu01100	Metabolic pathways
C08601	mmu01100	Metabolic pathways
C08606	mmu01100	Metabolic pathways
C08607	mmu01100	Metabolic pathways
C08613	mmu01100	Metabolic pathways
C08614	mmu01100	Metabolic pathways
C08616	mmu01100	Metabolic pathways
C08650	mmu01100	Metabolic pathways
C08813	mmu01100	Metabolic pathways
C08814	mmu01100	Metabolic pathways
C08821	mmu01100	Metabolic pathways
C08830	mmu01100	Metabolic pathways
C08942	mmu01100	Metabolic pathways
C08972	mmu01100	Metabolic pathways
C09024	mmu01100	Metabolic pathways
C09084	mmu01100	Metabolic pathways
C09099	mmu01100	Metabolic pathways
C09107	mmu01100	Metabolic pathways
C09131	mmu01100	Metabolic pathways
C09241	mmu01100	Metabolic pathways
C09244	mmu01100	Metabolic pathways
C09306	mmu01100	Metabolic pathways
C09592	mmu01100	Metabolic pathways
C09621	mmu01100	Metabolic pathways
C09629	mmu01100	Metabolic pathways
C09668	mmu01100	Metabolic pathways
C09694	mmu01100	Metabolic pathways
C09699	mmu01100	Metabolic pathways
C09704	mmu01100	Metabolic pathways
C09727	mmu01100	Metabolic pathways
C09762	mmu01100	Metabolic pathways
C09789	mmu01100	Metabolic pathways
C09804	mmu01100	Metabolic pathways
C09811	mmu01100	Metabolic pathways
C09812	mmu01100	Metabolic pathways
C09813	mmu01100	Metabolic pathways
C09816	mmu01100	Metabolic pathways
C09817	mmu01100	Metabolic pathways
C09818	mmu01100	Metabolic pathways
C09819	mmu01100	Metabolic pathways
C09820	mmu01100	Metabolic pathways
C09821	mmu01100	Metabolic pathways
C09822	mmu01100	Metabolic pathways
C09823	mmu01100	Metabolic pathways
C10164	mmu01100	Metabolic pathways
C10208	mmu01100	Metabolic pathways
C10216	mmu01100	Metabolic pathways
C10434	mmu01100	Metabolic pathways
C10447	mmu01100	Metabolic pathways
C10497	mmu01100	Metabolic pathways
C10503	mmu01100	Metabolic pathways
C10556	mmu01100	Metabolic pathways
C10557	mmu01100	Metabolic pathways
C10641	mmu01100	Metabolic pathways
C10646	mmu01100	Metabolic pathways
C10682	mmu01100	Metabolic pathways
C10700	mmu01100	Metabolic pathways
C10784	mmu01100	Metabolic pathways
C10860	mmu01100	Metabolic pathways
C10874	mmu01100	Metabolic pathways
C11062	mmu01100	Metabolic pathways
C11130	mmu01100	Metabolic pathways
C11135	mmu01100	Metabolic pathways
C11142	mmu01100	Metabolic pathways
C11143	mmu01100	Metabolic pathways
C11145	mmu01100	Metabolic pathways
C11174	mmu01100	Metabolic pathways
C11348	mmu01100	Metabolic pathways
C11354	mmu01100	Metabolic pathways
C11382	mmu01100	Metabolic pathways
C11393	mmu01100	Metabolic pathways
C11422	mmu01100	Metabolic pathways
C11425	mmu01100	Metabolic pathways
C11426	mmu01100	Metabolic pathways
C11427	mmu01100	Metabolic pathways
C11434	mmu01100	Metabolic pathways
C11435	mmu01100	Metabolic pathways
C11436	mmu01100	Metabolic pathways
C11437	mmu01100	Metabolic pathways
C11438	mmu01100	Metabolic pathways
C11448	mmu01100	Metabolic pathways
C11449	mmu01100	Metabolic pathways
C11453	mmu01100	Metabolic pathways
C11455	mmu01100	Metabolic pathways
C11457	mmu01100	Metabolic pathways
C11460	mmu01100	Metabolic pathways
C11468	mmu01100	Metabolic pathways
C11469	mmu01100	Metabolic pathways
C11472	mmu01100	Metabolic pathways
C11499	mmu01100	Metabolic pathways
C11508	mmu01100	Metabolic pathways
C11516	mmu01100	Metabolic pathways
C11521	mmu01100	Metabolic pathways
C11522	mmu01100	Metabolic pathways
C11523	mmu01100	Metabolic pathways
C11526	mmu01100	Metabolic pathways
C11536	mmu01100	Metabolic pathways
C11537	mmu01100	Metabolic pathways
C11538	mmu01100	Metabolic pathways
C11540	mmu01100	Metabolic pathways
C11542	mmu01100	Metabolic pathways
C11543	mmu01100	Metabolic pathways
C11544	mmu01100	Metabolic pathways
C11545	mmu01100	Metabolic pathways
C11554	mmu01100	Metabolic pathways
C11555	mmu01100	Metabolic pathways
C11556	mmu01100	Metabolic pathways
C11557	mmu01100	Metabolic pathways
C11588	mmu01100	Metabolic pathways
C11632	mmu01100	Metabolic pathways
C11633	mmu01100	Metabolic pathways
C11638	mmu01100	Metabolic pathways
C11641	mmu01100	Metabolic pathways
C11643	mmu01100	Metabolic pathways
C11675	mmu01100	Metabolic pathways
C11680	mmu01100	Metabolic pathways
C11691	mmu01100	Metabolic pathways
C11700	mmu01100	Metabolic pathways
C11807	mmu01100	Metabolic pathways
C11808	mmu01100	Metabolic pathways
C11809	mmu01100	Metabolic pathways
C11810	mmu01100	Metabolic pathways
C11811	mmu01100	Metabolic pathways
C11821	mmu01100	Metabolic pathways
C11831	mmu01100	Metabolic pathways
C11853	mmu01100	Metabolic pathways
C11857	mmu01100	Metabolic pathways
C11858	mmu01100	Metabolic pathways
C11859	mmu01100	Metabolic pathways
C11860	mmu01100	Metabolic pathways
C11861	mmu01100	Metabolic pathways
C11862	mmu01100	Metabolic pathways
C11863	mmu01100	Metabolic pathways
C11864	mmu01100	Metabolic pathways
C11872	mmu01100	Metabolic pathways
C11873	mmu01100	Metabolic pathways
C11874	mmu01100	Metabolic pathways
C11875	mmu01100	Metabolic pathways
C11878	mmu01100	Metabolic pathways
C11882	mmu01100	Metabolic pathways
C11887	mmu01100	Metabolic pathways
C11894	mmu01100	Metabolic pathways
C11895	mmu01100	Metabolic pathways
C11896	mmu01100	Metabolic pathways
C11900	mmu01100	Metabolic pathways
C11901	mmu01100	Metabolic pathways
C11907	mmu01100	Metabolic pathways
C11908	mmu01100	Metabolic pathways
C11909	mmu01100	Metabolic pathways
C11910	mmu01100	Metabolic pathways
C11911	mmu01100	Metabolic pathways
C11912	mmu01100	Metabolic pathways
C11915	mmu01100	Metabolic pathways
C11916	mmu01100	Metabolic pathways
C11919	mmu01100	Metabolic pathways
C11920	mmu01100	Metabolic pathways
C11921	mmu01100	Metabolic pathways
C11922	mmu01100	Metabolic pathways
C11925	mmu01100	Metabolic pathways
C11926	mmu01100	Metabolic pathways
C11927	mmu01100	Metabolic pathways
C11928	mmu01100	Metabolic pathways
C11933	mmu01100	Metabolic pathways
C11961	mmu01100	Metabolic pathways
C11962	mmu01100	Metabolic pathways
C11963	mmu01100	Metabolic pathways
C11964	mmu01100	Metabolic pathways
C11965	mmu01100	Metabolic pathways
C11966	mmu01100	Metabolic pathways
C11967	mmu01100	Metabolic pathways
C11968	mmu01100	Metabolic pathways
C11977	mmu01100	Metabolic pathways
C11978	mmu01100	Metabolic pathways
C11979	mmu01100	Metabolic pathways
C11980	mmu01100	Metabolic pathways
C11981	mmu01100	Metabolic pathways
C11982	mmu01100	Metabolic pathways
C11983	mmu01100	Metabolic pathways
C11984	mmu01100	Metabolic pathways
C11989	mmu01100	Metabolic pathways
C11990	mmu01100	Metabolic pathways
C11991	mmu01100	Metabolic pathways
C11992	mmu01100	Metabolic pathways
C11993	mmu01100	Metabolic pathways
C11994	mmu01100	Metabolic pathways
C11996	mmu01100	Metabolic pathways
C11997	mmu01100	Metabolic pathways
C11998	mmu01100	Metabolic pathways
C11999	mmu01100	Metabolic pathways
C12000	mmu01100	Metabolic pathways
C12001	mmu01100	Metabolic pathways
C12002	mmu01100	Metabolic pathways
C12003	mmu01100	Metabolic pathways
C12014	mmu01100	Metabolic pathways
C12023	mmu01100	Metabolic pathways
C12049	mmu01100	Metabolic pathways
C12112	mmu01100	Metabolic pathways
C12115	mmu01100	Metabolic pathways
C12126	mmu01100	Metabolic pathways
C12137	mmu01100	Metabolic pathways
C12144	mmu01100	Metabolic pathways
C12145	mmu01100	Metabolic pathways
C12147	mmu01100	Metabolic pathways
C12203	mmu01100	Metabolic pathways
C12204	mmu01100	Metabolic pathways
C12212	mmu01100	Metabolic pathways
C12213	mmu01100	Metabolic pathways
C12248	mmu01100	Metabolic pathways
C12270	mmu01100	Metabolic pathways
C12312	mmu01100	Metabolic pathways
C12318	mmu01100	Metabolic pathways
C12319	mmu01100	Metabolic pathways
C12320	mmu01100	Metabolic pathways
C12321	mmu01100	Metabolic pathways
C12322	mmu01100	Metabolic pathways
C12323	mmu01100	Metabolic pathways
C12348	mmu01100	Metabolic pathways
C12354	mmu01100	Metabolic pathways
C12366	mmu01100	Metabolic pathways
C12367	mmu01100	Metabolic pathways
C12368	mmu01100	Metabolic pathways
C12369	mmu01100	Metabolic pathways
C12370	mmu01100	Metabolic pathways
C12371	mmu01100	Metabolic pathways
C12378	mmu01100	Metabolic pathways
C12379	mmu01100	Metabolic pathways
C12381	mmu01100	Metabolic pathways
C12382	mmu01100	Metabolic pathways
C12383	mmu01100	Metabolic pathways
C12384	mmu01100	Metabolic pathways
C12385	mmu01100	Metabolic pathways
C12386	mmu01100	Metabolic pathways
C12387	mmu01100	Metabolic pathways
C12388	mmu01100	Metabolic pathways
C12389	mmu01100	Metabolic pathways
C12415	mmu01100	Metabolic pathways
C12416	mmu01100	Metabolic pathways
C12420	mmu01100	Metabolic pathways
C12421	mmu01100	Metabolic pathways
C12422	mmu01100	Metabolic pathways
C12423	mmu01100	Metabolic pathways
C12424	mmu01100	Metabolic pathways
C12434	mmu01100	Metabolic pathways
C12435	mmu01100	Metabolic pathways
C12436	mmu01100	Metabolic pathways
C12441	mmu01100	Metabolic pathways
C12442	mmu01100	Metabolic pathways
C12448	mmu01100	Metabolic pathways
C12455	mmu01100	Metabolic pathways
C12461	mmu01100	Metabolic pathways
C12462	mmu01100	Metabolic pathways
C12463	mmu01100	Metabolic pathways
C12467	mmu01100	Metabolic pathways
C12468	mmu01100	Metabolic pathways
C12470	mmu01100	Metabolic pathways
C12474	mmu01100	Metabolic pathways
C12475	mmu01100	Metabolic pathways
C12476	mmu01100	Metabolic pathways
C12481	mmu01100	Metabolic pathways
C12483	mmu01100	Metabolic pathways
C12491	mmu01100	Metabolic pathways
C12621	mmu01100	Metabolic pathways
C12622	mmu01100	Metabolic pathways
C12623	mmu01100	Metabolic pathways
C12624	mmu01100	Metabolic pathways
C12631	mmu01100	Metabolic pathways
C12831	mmu01100	Metabolic pathways
C12832	mmu01100	Metabolic pathways
C12833	mmu01100	Metabolic pathways
C12834	mmu01100	Metabolic pathways
C12835	mmu01100	Metabolic pathways
C12836	mmu01100	Metabolic pathways
C13309	mmu01100	Metabolic pathways
C13431	mmu01100	Metabolic pathways
C13433	mmu01100	Metabolic pathways
C13453	mmu01100	Metabolic pathways
C13455	mmu01100	Metabolic pathways
C13508	mmu01100	Metabolic pathways
C13624	mmu01100	Metabolic pathways
C13629	mmu01100	Metabolic pathways
C13632	mmu01100	Metabolic pathways
C13636	mmu01100	Metabolic pathways
C13712	mmu01100	Metabolic pathways
C13747	mmu01100	Metabolic pathways
C13952	mmu01100	Metabolic pathways
C14131	mmu01100	Metabolic pathways
C14143	mmu01100	Metabolic pathways
C14144	mmu01100	Metabolic pathways
C14145	mmu01100	Metabolic pathways
C14151	mmu01100	Metabolic pathways
C14152	mmu01100	Metabolic pathways
C14153	mmu01100	Metabolic pathways
C14154	mmu01100	Metabolic pathways
C14155	mmu01100	Metabolic pathways
C14156	mmu01100	Metabolic pathways
C14180	mmu01100	Metabolic pathways
C14279	mmu01100	Metabolic pathways
C14315	mmu01100	Metabolic pathways
C14610	mmu01100	Metabolic pathways
C14732	mmu01100	Metabolic pathways
C14748	mmu01100	Metabolic pathways
C14749	mmu01100	Metabolic pathways
C14768	mmu01100	Metabolic pathways
C14769	mmu01100	Metabolic pathways
C14770	mmu01100	Metabolic pathways
C14771	mmu01100	Metabolic pathways
C14772	mmu01100	Metabolic pathways
C14773	mmu01100	Metabolic pathways
C14774	mmu01100	Metabolic pathways
C14775	mmu01100	Metabolic pathways
C14776	mmu01100	Metabolic pathways
C14781	mmu01100	Metabolic pathways
C14782	mmu01100	Metabolic pathways
C14808	mmu01100	Metabolic pathways
C14810	mmu01100	Metabolic pathways
C14812	mmu01100	Metabolic pathways
C14813	mmu01100	Metabolic pathways
C14814	mmu01100	Metabolic pathways
C14815	mmu01100	Metabolic pathways
C14822	mmu01100	Metabolic pathways
C14823	mmu01100	Metabolic pathways
C14825	mmu01100	Metabolic pathways
C14826	mmu01100	Metabolic pathways
C14827	mmu01100	Metabolic pathways
C14899	mmu01100	Metabolic pathways
C14909	mmu01100	Metabolic pathways
C15485	mmu01100	Metabolic pathways
C15486	mmu01100	Metabolic pathways
C15493	mmu01100	Metabolic pathways
C15500	mmu01100	Metabolic pathways
C15501	mmu01100	Metabolic pathways
C15502	mmu01100	Metabolic pathways
C15503	mmu01100	Metabolic pathways
C15522	mmu01100	Metabolic pathways
C15524	mmu01100	Metabolic pathways
C15525	mmu01100	Metabolic pathways
C15532	mmu01100	Metabolic pathways
C15545	mmu01100	Metabolic pathways
C15547	mmu01100	Metabolic pathways
C15556	mmu01100	Metabolic pathways
C15563	mmu01100	Metabolic pathways
C15567	mmu01100	Metabolic pathways
C15606	mmu01100	Metabolic pathways
C15607	mmu01100	Metabolic pathways
C15613	mmu01100	Metabolic pathways
C15614	mmu01100	Metabolic pathways
C15645	mmu01100	Metabolic pathways
C15646	mmu01100	Metabolic pathways
C15647	mmu01100	Metabolic pathways
C15650	mmu01100	Metabolic pathways
C15651	mmu01100	Metabolic pathways
C15667	mmu01100	Metabolic pathways
C15670	mmu01100	Metabolic pathways
C15672	mmu01100	Metabolic pathways
C15680	mmu01100	Metabolic pathways
C15681	mmu01100	Metabolic pathways
C15682	mmu01100	Metabolic pathways
C15683	mmu01100	Metabolic pathways
C15684	mmu01100	Metabolic pathways
C15685	mmu01100	Metabolic pathways
C15699	mmu01100	Metabolic pathways
C15700	mmu01100	Metabolic pathways
C15767	mmu01100	Metabolic pathways
C15769	mmu01100	Metabolic pathways
C15770	mmu01100	Metabolic pathways
C15772	mmu01100	Metabolic pathways
C15776	mmu01100	Metabolic pathways
C15777	mmu01100	Metabolic pathways
C15780	mmu01100	Metabolic pathways
C15781	mmu01100	Metabolic pathways
C15782	mmu01100	Metabolic pathways
C15783	mmu01100	Metabolic pathways
C15785	mmu01100	Metabolic pathways
C15786	mmu01100	Metabolic pathways
C15787	mmu01100	Metabolic pathways
C15789	mmu01100	Metabolic pathways
C15790	mmu01100	Metabolic pathways
C15791	mmu01100	Metabolic pathways
C15792	mmu01100	Metabolic pathways
C15793	mmu01100	Metabolic pathways
C15794	mmu01100	Metabolic pathways
C15795	mmu01100	Metabolic pathways
C15796	mmu01100	Metabolic pathways
C15797	mmu01100	Metabolic pathways
C15798	mmu01100	Metabolic pathways
C15799	mmu01100	Metabolic pathways
C15800	mmu01100	Metabolic pathways
C15801	mmu01100	Metabolic pathways
C15802	mmu01100	Metabolic pathways
C15803	mmu01100	Metabolic pathways
C15804	mmu01100	Metabolic pathways
C15805	mmu01100	Metabolic pathways
C15806	mmu01100	Metabolic pathways
C15808	mmu01100	Metabolic pathways
C15809	mmu01100	Metabolic pathways
C15810	mmu01100	Metabolic pathways
C15811	mmu01100	Metabolic pathways
C15812	mmu01100	Metabolic pathways
C15813	mmu01100	Metabolic pathways
C15814	mmu01100	Metabolic pathways
C15816	mmu01100	Metabolic pathways
C15857	mmu01100	Metabolic pathways
C15858	mmu01100	Metabolic pathways
C15859	mmu01100	Metabolic pathways
C15867	mmu01100	Metabolic pathways
C15874	mmu01100	Metabolic pathways
C15877	mmu01100	Metabolic pathways
C15878	mmu01100	Metabolic pathways
C15879	mmu01100	Metabolic pathways
C15881	mmu01100	Metabolic pathways
C15882	mmu01100	Metabolic pathways
C15883	mmu01100	Metabolic pathways
C15884	mmu01100	Metabolic pathways
C15885	mmu01100	Metabolic pathways
C15886	mmu01100	Metabolic pathways
C15887	mmu01100	Metabolic pathways
C15888	mmu01100	Metabolic pathways
C15892	mmu01100	Metabolic pathways
C15895	mmu01100	Metabolic pathways
C15898	mmu01100	Metabolic pathways
C15900	mmu01100	Metabolic pathways
C15902	mmu01100	Metabolic pathways
C15903	mmu01100	Metabolic pathways
C15905	mmu01100	Metabolic pathways
C15925	mmu01100	Metabolic pathways
C15926	mmu01100	Metabolic pathways
C15930	mmu01100	Metabolic pathways
C15967	mmu01100	Metabolic pathways
C15968	mmu01100	Metabolic pathways
C15970	mmu01100	Metabolic pathways
C15972	mmu01100	Metabolic pathways
C15973	mmu01100	Metabolic pathways
C15975	mmu01100	Metabolic pathways
C15977	mmu01100	Metabolic pathways
C15979	mmu01100	Metabolic pathways
C15980	mmu01100	Metabolic pathways
C15986	mmu01100	Metabolic pathways
C15987	mmu01100	Metabolic pathways
C15996	mmu01100	Metabolic pathways
C16074	mmu01100	Metabolic pathways
C16075	mmu01100	Metabolic pathways
C16138	mmu01100	Metabolic pathways
C16143	mmu01100	Metabolic pathways
C16144	mmu01100	Metabolic pathways
C16145	mmu01100	Metabolic pathways
C16146	mmu01100	Metabolic pathways
C16147	mmu01100	Metabolic pathways
C16148	mmu01100	Metabolic pathways
C16153	mmu01100	Metabolic pathways
C16154	mmu01100	Metabolic pathways
C16155	mmu01100	Metabolic pathways
C16156	mmu01100	Metabolic pathways
C16157	mmu01100	Metabolic pathways
C16163	mmu01100	Metabolic pathways
C16168	mmu01100	Metabolic pathways
C16169	mmu01100	Metabolic pathways
C16172	mmu01100	Metabolic pathways
C16173	mmu01100	Metabolic pathways
C16183	mmu01100	Metabolic pathways
C16186	mmu01100	Metabolic pathways
C16187	mmu01100	Metabolic pathways
C16203	mmu01100	Metabolic pathways
C16204	mmu01100	Metabolic pathways
C16210	mmu01100	Metabolic pathways
C16219	mmu01100	Metabolic pathways
C16220	mmu01100	Metabolic pathways
C16221	mmu01100	Metabolic pathways
C16238	mmu01100	Metabolic pathways
C16241	mmu01100	Metabolic pathways
C16242	mmu01100	Metabolic pathways
C16243	mmu01100	Metabolic pathways
C16244	mmu01100	Metabolic pathways
C16262	mmu01100	Metabolic pathways
C16263	mmu01100	Metabolic pathways
C16264	mmu01100	Metabolic pathways
C16276	mmu01100	Metabolic pathways
C16279	mmu01100	Metabolic pathways
C16280	mmu01100	Metabolic pathways
C16317	mmu01100	Metabolic pathways
C16327	mmu01100	Metabolic pathways
C16328	mmu01100	Metabolic pathways
C16330	mmu01100	Metabolic pathways
C16331	mmu01100	Metabolic pathways
C16332	mmu01100	Metabolic pathways
C16334	mmu01100	Metabolic pathways
C16335	mmu01100	Metabolic pathways
C16336	mmu01100	Metabolic pathways
C16338	mmu01100	Metabolic pathways
C16339	mmu01100	Metabolic pathways
C16348	mmu01100	Metabolic pathways
C16352	mmu01100	Metabolic pathways
C16353	mmu01100	Metabolic pathways
C16356	mmu01100	Metabolic pathways
C16357	mmu01100	Metabolic pathways
C16358	mmu01100	Metabolic pathways
C16365	mmu01100	Metabolic pathways
C16386	mmu01100	Metabolic pathways
C16424	mmu01100	Metabolic pathways
C16428	mmu01100	Metabolic pathways
C16432	mmu01100	Metabolic pathways
C16473	mmu01100	Metabolic pathways
C16474	mmu01100	Metabolic pathways
C16476	mmu01100	Metabolic pathways
C16479	mmu01100	Metabolic pathways
C16480	mmu01100	Metabolic pathways
C16482	mmu01100	Metabolic pathways
C16493	mmu01100	Metabolic pathways
C16494	mmu01100	Metabolic pathways
C16495	mmu01100	Metabolic pathways
C16502	mmu01100	Metabolic pathways
C16503	mmu01100	Metabolic pathways
C16504	mmu01100	Metabolic pathways
C16509	mmu01100	Metabolic pathways
C16516	mmu01100	Metabolic pathways
C16517	mmu01100	Metabolic pathways
C16518	mmu01100	Metabolic pathways
C16519	mmu01100	Metabolic pathways
C16520	mmu01100	Metabolic pathways
C16523	mmu01100	Metabolic pathways
C16524	mmu01100	Metabolic pathways
C16540	mmu01100	Metabolic pathways
C16541	mmu01100	Metabolic pathways
C16583	mmu01100	Metabolic pathways
C16588	mmu01100	Metabolic pathways
C16589	mmu01100	Metabolic pathways
C16590	mmu01100	Metabolic pathways
C16593	mmu01100	Metabolic pathways
C16594	mmu01100	Metabolic pathways
C16597	mmu01100	Metabolic pathways
C16598	mmu01100	Metabolic pathways
C16600	mmu01100	Metabolic pathways
C16663	mmu01100	Metabolic pathways
C16664	mmu01100	Metabolic pathways
C16666	mmu01100	Metabolic pathways
C16675	mmu01100	Metabolic pathways
C16677	mmu01100	Metabolic pathways
C16678	mmu01100	Metabolic pathways
C16681	mmu01100	Metabolic pathways
C16682	mmu01100	Metabolic pathways
C16693	mmu01100	Metabolic pathways
C16695	mmu01100	Metabolic pathways
C16698	mmu01100	Metabolic pathways
C16719	mmu01100	Metabolic pathways
C16737	mmu01100	Metabolic pathways
C16741	mmu01100	Metabolic pathways
C16753	mmu01100	Metabolic pathways
C16754	mmu01100	Metabolic pathways
C16755	mmu01100	Metabolic pathways
C16829	mmu01100	Metabolic pathways
C16848	mmu01100	Metabolic pathways
C16850	mmu01100	Metabolic pathways
C16999	mmu01100	Metabolic pathways
C17010	mmu01100	Metabolic pathways
C17017	mmu01100	Metabolic pathways
C17018	mmu01100	Metabolic pathways
C17148	mmu01100	Metabolic pathways
C17203	mmu01100	Metabolic pathways
C17235	mmu01100	Metabolic pathways
C17267	mmu01100	Metabolic pathways
C17268	mmu01100	Metabolic pathways
C17269	mmu01100	Metabolic pathways
C17326	mmu01100	Metabolic pathways
C17327	mmu01100	Metabolic pathways
C17328	mmu01100	Metabolic pathways
C17339	mmu01100	Metabolic pathways
C17343	mmu01100	Metabolic pathways
C17345	mmu01100	Metabolic pathways
C17346	mmu01100	Metabolic pathways
C17351	mmu01100	Metabolic pathways
C17352	mmu01100	Metabolic pathways
C17355	mmu01100	Metabolic pathways
C17366	mmu01100	Metabolic pathways
C17367	mmu01100	Metabolic pathways
C17401	mmu01100	Metabolic pathways
C17481	mmu01100	Metabolic pathways
C17513	mmu01100	Metabolic pathways
C17530	mmu01100	Metabolic pathways
C17541	mmu01100	Metabolic pathways
C17542	mmu01100	Metabolic pathways
C17549	mmu01100	Metabolic pathways
C17550	mmu01100	Metabolic pathways
C17551	mmu01100	Metabolic pathways
C17552	mmu01100	Metabolic pathways
C17554	mmu01100	Metabolic pathways
C17559	mmu01100	Metabolic pathways
C17561	mmu01100	Metabolic pathways
C17562	mmu01100	Metabolic pathways
C17570	mmu01100	Metabolic pathways
C17621	mmu01100	Metabolic pathways
C17622	mmu01100	Metabolic pathways
C17691	mmu01100	Metabolic pathways
C17692	mmu01100	Metabolic pathways
C17693	mmu01100	Metabolic pathways
C17694	mmu01100	Metabolic pathways
C17696	mmu01100	Metabolic pathways
C17697	mmu01100	Metabolic pathways
C17700	mmu01100	Metabolic pathways
C17751	mmu01100	Metabolic pathways
C17758	mmu01100	Metabolic pathways
C17937	mmu01100	Metabolic pathways
C17938	mmu01100	Metabolic pathways
C18026	mmu01100	Metabolic pathways
C18028	mmu01100	Metabolic pathways
C18029	mmu01100	Metabolic pathways
C18030	mmu01100	Metabolic pathways
C18031	mmu01100	Metabolic pathways
C18032	mmu01100	Metabolic pathways
C18033	mmu01100	Metabolic pathways
C18034	mmu01100	Metabolic pathways
C18035	mmu01100	Metabolic pathways
C18041	mmu01100	Metabolic pathways
C18042	mmu01100	Metabolic pathways
C18043	mmu01100	Metabolic pathways
C18044	mmu01100	Metabolic pathways
C18054	mmu01100	Metabolic pathways
C18060	mmu01100	Metabolic pathways
C18062	mmu01100	Metabolic pathways
C18094	mmu01100	Metabolic pathways
C18096	mmu01100	Metabolic pathways
C18151	mmu01100	Metabolic pathways
C18167	mmu01100	Metabolic pathways
C18172	mmu01100	Metabolic pathways
C18174	mmu01100	Metabolic pathways
C18202	mmu01100	Metabolic pathways
C18218	mmu01100	Metabolic pathways
C18231	mmu01100	Metabolic pathways
C18232	mmu01100	Metabolic pathways
C18237	mmu01100	Metabolic pathways
C18239	mmu01100	Metabolic pathways
C18293	mmu01100	Metabolic pathways
C18294	mmu01100	Metabolic pathways
C18295	mmu01100	Metabolic pathways
C18296	mmu01100	Metabolic pathways
C18314	mmu01100	Metabolic pathways
C18323	mmu01100	Metabolic pathways
C18324	mmu01100	Metabolic pathways
C18325	mmu01100	Metabolic pathways
C18326	mmu01100	Metabolic pathways
C18327	mmu01100	Metabolic pathways
C18328	mmu01100	Metabolic pathways
C18329	mmu01100	Metabolic pathways
C18330	mmu01100	Metabolic pathways
C18331	mmu01100	Metabolic pathways
C18332	mmu01100	Metabolic pathways
C18333	mmu01100	Metabolic pathways
C18334	mmu01100	Metabolic pathways
C18335	mmu01100	Metabolic pathways
C18336	mmu01100	Metabolic pathways
C18337	mmu01100	Metabolic pathways
C18353	mmu01100	Metabolic pathways
C18354	mmu01100	Metabolic pathways
C18356	mmu01100	Metabolic pathways
C18629	mmu01100	Metabolic pathways
C18630	mmu01100	Metabolic pathways
C18631	mmu01100	Metabolic pathways
C18709	mmu01100	Metabolic pathways
C18710	mmu01100	Metabolic pathways
C18711	mmu01100	Metabolic pathways
C18799	mmu01100	Metabolic pathways
C18802	mmu01100	Metabolic pathways
C18846	mmu01100	Metabolic pathways
C18847	mmu01100	Metabolic pathways
C18910	mmu01100	Metabolic pathways
C18911	mmu01100	Metabolic pathways
C18933	mmu01100	Metabolic pathways
C19151	mmu01100	Metabolic pathways
C19152	mmu01100	Metabolic pathways
C19153	mmu01100	Metabolic pathways
C19154	mmu01100	Metabolic pathways
C19155	mmu01100	Metabolic pathways
C19156	mmu01100	Metabolic pathways
C19567	mmu01100	Metabolic pathways
C19569	mmu01100	Metabolic pathways
C19614	mmu01100	Metabolic pathways
C19615	mmu01100	Metabolic pathways
C19631	mmu01100	Metabolic pathways
C19673	mmu01100	Metabolic pathways
C19675	mmu01100	Metabolic pathways
C19686	mmu01100	Metabolic pathways
C19687	mmu01100	Metabolic pathways
C19688	mmu01100	Metabolic pathways
C19698	mmu01100	Metabolic pathways
C19699	mmu01100	Metabolic pathways
C19700	mmu01100	Metabolic pathways
C19701	mmu01100	Metabolic pathways
C19712	mmu01100	Metabolic pathways
C19714	mmu01100	Metabolic pathways
C19715	mmu01100	Metabolic pathways
C19725	mmu01100	Metabolic pathways
C19730	mmu01100	Metabolic pathways
C19745	mmu01100	Metabolic pathways
C19759	mmu01100	Metabolic pathways
C19764	mmu01100	Metabolic pathways
C19765	mmu01100	Metabolic pathways
C19769	mmu01100	Metabolic pathways
C19787	mmu01100	Metabolic pathways
C19794	mmu01100	Metabolic pathways
C19795	mmu01100	Metabolic pathways
C19799	mmu01100	Metabolic pathways
C19814	mmu01100	Metabolic pathways
C19815	mmu01100	Metabolic pathways
C19823	mmu01100	Metabolic pathways
C19830	mmu01100	Metabolic pathways
C19831	mmu01100	Metabolic pathways
C19838	mmu01100	Metabolic pathways
C19839	mmu01100	Metabolic pathways
C19845	mmu01100	Metabolic pathways
C19846	mmu01100	Metabolic pathways
C19847	mmu01100	Metabolic pathways
C19848	mmu01100	Metabolic pathways
C19858	mmu01100	Metabolic pathways
C19859	mmu01100	Metabolic pathways
C19867	mmu01100	Metabolic pathways
C19868	mmu01100	Metabolic pathways
C19869	mmu01100	Metabolic pathways
C19871	mmu01100	Metabolic pathways
C19872	mmu01100	Metabolic pathways
C19878	mmu01100	Metabolic pathways
C19879	mmu01100	Metabolic pathways
C19880	mmu01100	Metabolic pathways
C19881	mmu01100	Metabolic pathways
C19886	mmu01100	Metabolic pathways
C19887	mmu01100	Metabolic pathways
C19888	mmu01100	Metabolic pathways
C19889	mmu01100	Metabolic pathways
C19891	mmu01100	Metabolic pathways
C19892	mmu01100	Metabolic pathways
C19929	mmu01100	Metabolic pathways
C19939	mmu01100	Metabolic pathways
C19944	mmu01100	Metabolic pathways
C19945	mmu01100	Metabolic pathways
C19946	mmu01100	Metabolic pathways
C19947	mmu01100	Metabolic pathways
C19960	mmu01100	Metabolic pathways
C19961	mmu01100	Metabolic pathways
C19971	mmu01100	Metabolic pathways
C19972	mmu01100	Metabolic pathways
C19975	mmu01100	Metabolic pathways
C20045	mmu01100	Metabolic pathways
C20062	mmu01100	Metabolic pathways
C20082	mmu01100	Metabolic pathways
C20083	mmu01100	Metabolic pathways
C20144	mmu01100	Metabolic pathways
C20156	mmu01100	Metabolic pathways
C20199	mmu01100	Metabolic pathways
C20231	mmu01100	Metabolic pathways
C20237	mmu01100	Metabolic pathways
C20238	mmu01100	Metabolic pathways
C20239	mmu01100	Metabolic pathways
C20246	mmu01100	Metabolic pathways
C20247	mmu01100	Metabolic pathways
C20248	mmu01100	Metabolic pathways
C20249	mmu01100	Metabolic pathways
C20251	mmu01100	Metabolic pathways
C20253	mmu01100	Metabolic pathways
C20254	mmu01100	Metabolic pathways
C20258	mmu01100	Metabolic pathways
C20264	mmu01100	Metabolic pathways
C20265	mmu01100	Metabolic pathways
C20267	mmu01100	Metabolic pathways
C20277	mmu01100	Metabolic pathways
C20278	mmu01100	Metabolic pathways
C20279	mmu01100	Metabolic pathways
C20297	mmu01100	Metabolic pathways
C20299	mmu01100	Metabolic pathways
C20313	mmu01100	Metabolic pathways
C20314	mmu01100	Metabolic pathways
C20315	mmu01100	Metabolic pathways
C20327	mmu01100	Metabolic pathways
C20333	mmu01100	Metabolic pathways
C20345	mmu01100	Metabolic pathways
C20357	mmu01100	Metabolic pathways
C20359	mmu01100	Metabolic pathways
C20361	mmu01100	Metabolic pathways
C20371	mmu01100	Metabolic pathways
C20372	mmu01100	Metabolic pathways
C20373	mmu01100	Metabolic pathways
C20374	mmu01100	Metabolic pathways
C20375	mmu01100	Metabolic pathways
C20376	mmu01100	Metabolic pathways
C20377	mmu01100	Metabolic pathways
C20378	mmu01100	Metabolic pathways
C20379	mmu01100	Metabolic pathways
C20386	mmu01100	Metabolic pathways
C20395	mmu01100	Metabolic pathways
C20396	mmu01100	Metabolic pathways
C20397	mmu01100	Metabolic pathways
C20399	mmu01100	Metabolic pathways
C20400	mmu01100	Metabolic pathways
C20403	mmu01100	Metabolic pathways
C20404	mmu01100	Metabolic pathways
C20406	mmu01100	Metabolic pathways
C20407	mmu01100	Metabolic pathways
C20408	mmu01100	Metabolic pathways
C20409	mmu01100	Metabolic pathways
C20410	mmu01100	Metabolic pathways
C20413	mmu01100	Metabolic pathways
C20415	mmu01100	Metabolic pathways
C20417	mmu01100	Metabolic pathways
C20418	mmu01100	Metabolic pathways
C20419	mmu01100	Metabolic pathways
C20422	mmu01100	Metabolic pathways
C20423	mmu01100	Metabolic pathways
C20424	mmu01100	Metabolic pathways
C20436	mmu01100	Metabolic pathways
C20437	mmu01100	Metabolic pathways
C20438	mmu01100	Metabolic pathways
C20440	mmu01100	Metabolic pathways
C20444	mmu01100	Metabolic pathways
C20445	mmu01100	Metabolic pathways
C20447	mmu01100	Metabolic pathways
C20452	mmu01100	Metabolic pathways
C20453	mmu01100	Metabolic pathways
C20499	mmu01100	Metabolic pathways
C20500	mmu01100	Metabolic pathways
C20502	mmu01100	Metabolic pathways
C20503	mmu01100	Metabolic pathways
C20505	mmu01100	Metabolic pathways
C20507	mmu01100	Metabolic pathways
C20512	mmu01100	Metabolic pathways
C20513	mmu01100	Metabolic pathways
C20525	mmu01100	Metabolic pathways
C20526	mmu01100	Metabolic pathways
C20527	mmu01100	Metabolic pathways
C20529	mmu01100	Metabolic pathways
C20530	mmu01100	Metabolic pathways
C20560	mmu01100	Metabolic pathways
C20563	mmu01100	Metabolic pathways
C20564	mmu01100	Metabolic pathways
C20566	mmu01100	Metabolic pathways
C20567	mmu01100	Metabolic pathways
C20574	mmu01100	Metabolic pathways
C20575	mmu01100	Metabolic pathways
C20581	mmu01100	Metabolic pathways
C20582	mmu01100	Metabolic pathways
C20583	mmu01100	Metabolic pathways
C20604	mmu01100	Metabolic pathways
C20605	mmu01100	Metabolic pathways
C20607	mmu01100	Metabolic pathways
C20612	mmu01100	Metabolic pathways
C20613	mmu01100	Metabolic pathways
C20629	mmu01100	Metabolic pathways
C20630	mmu01100	Metabolic pathways
C20638	mmu01100	Metabolic pathways
C20639	mmu01100	Metabolic pathways
C20644	mmu01100	Metabolic pathways
C20651	mmu01100	Metabolic pathways
C20653	mmu01100	Metabolic pathways
C20654	mmu01100	Metabolic pathways
C20668	mmu01100	Metabolic pathways
C20672	mmu01100	Metabolic pathways
C20680	mmu01100	Metabolic pathways
C20682	mmu01100	Metabolic pathways
C20683	mmu01100	Metabolic pathways
C20690	mmu01100	Metabolic pathways
C20737	mmu01100	Metabolic pathways
C20738	mmu01100	Metabolic pathways
C20760	mmu01100	Metabolic pathways
C20768	mmu01100	Metabolic pathways
C20769	mmu01100	Metabolic pathways
C20772	mmu01100	Metabolic pathways
C20773	mmu01100	Metabolic pathways
C20774	mmu01100	Metabolic pathways
C20775	mmu01100	Metabolic pathways
C20776	mmu01100	Metabolic pathways
C20781	mmu01100	Metabolic pathways
C20782	mmu01100	Metabolic pathways
C20783	mmu01100	Metabolic pathways
C20784	mmu01100	Metabolic pathways
C20790	mmu01100	Metabolic pathways
C20799	mmu01100	Metabolic pathways
C20810	mmu01100	Metabolic pathways
C20825	mmu01100	Metabolic pathways
C20827	mmu01100	Metabolic pathways
C20830	mmu01100	Metabolic pathways
C20831	mmu01100	Metabolic pathways
C20834	mmu01100	Metabolic pathways
C20835	mmu01100	Metabolic pathways
C20836	mmu01100	Metabolic pathways
C20838	mmu01100	Metabolic pathways
C20841	mmu01100	Metabolic pathways
C20842	mmu01100	Metabolic pathways
C20846	mmu01100	Metabolic pathways
C20847	mmu01100	Metabolic pathways
C20848	mmu01100	Metabolic pathways
C20851	mmu01100	Metabolic pathways
C20852	mmu01100	Metabolic pathways
C20853	mmu01100	Metabolic pathways
C20854	mmu01100	Metabolic pathways
C20856	mmu01100	Metabolic pathways
C20857	mmu01100	Metabolic pathways
C20859	mmu01100	Metabolic pathways
C20870	mmu01100	Metabolic pathways
C20876	mmu01100	Metabolic pathways
C20877	mmu01100	Metabolic pathways
C20878	mmu01100	Metabolic pathways
C20879	mmu01100	Metabolic pathways
C20883	mmu01100	Metabolic pathways
C20884	mmu01100	Metabolic pathways
C20885	mmu01100	Metabolic pathways
C20889	mmu01100	Metabolic pathways
C20894	mmu01100	Metabolic pathways
C20896	mmu01100	Metabolic pathways
C20897	mmu01100	Metabolic pathways
C20898	mmu01100	Metabolic pathways
C20926	mmu01100	Metabolic pathways
C20934	mmu01100	Metabolic pathways
C20940	mmu01100	Metabolic pathways
C20941	mmu01100	Metabolic pathways
C20942	mmu01100	Metabolic pathways
C20948	mmu01100	Metabolic pathways
C20949	mmu01100	Metabolic pathways
C20950	mmu01100	Metabolic pathways
C20951	mmu01100	Metabolic pathways
C20952	mmu01100	Metabolic pathways
C20953	mmu01100	Metabolic pathways
C20954	mmu01100	Metabolic pathways
C20955	mmu01100	Metabolic pathways
C20956	mmu01100	Metabolic pathways
C20961	mmu01100	Metabolic pathways
C20962	mmu01100	Metabolic pathways
C20963	mmu01100	Metabolic pathways
C20964	mmu01100	Metabolic pathways
C20966	mmu01100	Metabolic pathways
C20974	mmu01100	Metabolic pathways
C20975	mmu01100	Metabolic pathways
C20976	mmu01100	Metabolic pathways
C20977	mmu01100	Metabolic pathways
C20981	mmu01100	Metabolic pathways
C20991	mmu01100	Metabolic pathways
C20994	mmu01100	Metabolic pathways
C20995	mmu01100	Metabolic pathways
C21015	mmu01100	Metabolic pathways
C21016	mmu01100	Metabolic pathways
C21017	mmu01100	Metabolic pathways
C21018	mmu01100	Metabolic pathways
C21027	mmu01100	Metabolic pathways
C21028	mmu01100	Metabolic pathways
C21029	mmu01100	Metabolic pathways
C21064	mmu01100	Metabolic pathways
C21068	mmu01100	Metabolic pathways
C21069	mmu01100	Metabolic pathways
C21070	mmu01100	Metabolic pathways
C21071	mmu01100	Metabolic pathways
C21073	mmu01100	Metabolic pathways
C21074	mmu01100	Metabolic pathways
C21084	mmu01100	Metabolic pathways
C21085	mmu01100	Metabolic pathways
C21086	mmu01100	Metabolic pathways
C21087	mmu01100	Metabolic pathways
C21093	mmu01100	Metabolic pathways
C21104	mmu01100	Metabolic pathways
C21105	mmu01100	Metabolic pathways
C21106	mmu01100	Metabolic pathways
C21108	mmu01100	Metabolic pathways
C21109	mmu01100	Metabolic pathways
C21110	mmu01100	Metabolic pathways
C21124	mmu01100	Metabolic pathways
C21125	mmu01100	Metabolic pathways
C21126	mmu01100	Metabolic pathways
C21127	mmu01100	Metabolic pathways
C21128	mmu01100	Metabolic pathways
C21129	mmu01100	Metabolic pathways
C21130	mmu01100	Metabolic pathways
C21131	mmu01100	Metabolic pathways
C21134	mmu01100	Metabolic pathways
C21135	mmu01100	Metabolic pathways
C21136	mmu01100	Metabolic pathways
C21138	mmu01100	Metabolic pathways
C21139	mmu01100	Metabolic pathways
C21140	mmu01100	Metabolic pathways
C21141	mmu01100	Metabolic pathways
C21154	mmu01100	Metabolic pathways
C21156	mmu01100	Metabolic pathways
C21180	mmu01100	Metabolic pathways
C21181	mmu01100	Metabolic pathways
C21182	mmu01100	Metabolic pathways
C21183	mmu01100	Metabolic pathways
C21184	mmu01100	Metabolic pathways
C21191	mmu01100	Metabolic pathways
C21204	mmu01100	Metabolic pathways
C21205	mmu01100	Metabolic pathways
C21206	mmu01100	Metabolic pathways
C21207	mmu01100	Metabolic pathways
C21208	mmu01100	Metabolic pathways
C21215	mmu01100	Metabolic pathways
C21216	mmu01100	Metabolic pathways
C21218	mmu01100	Metabolic pathways
C21219	mmu01100	Metabolic pathways
C21250	mmu01100	Metabolic pathways
C21284	mmu01100	Metabolic pathways
C21292	mmu01100	Metabolic pathways
C21295	mmu01100	Metabolic pathways
C21301	mmu01100	Metabolic pathways
C21306	mmu01100	Metabolic pathways
C21307	mmu01100	Metabolic pathways
C21308	mmu01100	Metabolic pathways
C21309	mmu01100	Metabolic pathways
C21310	mmu01100	Metabolic pathways
C21311	mmu01100	Metabolic pathways
C21312	mmu01100	Metabolic pathways
C21313	mmu01100	Metabolic pathways
C21320	mmu01100	Metabolic pathways
C21321	mmu01100	Metabolic pathways
C21322	mmu01100	Metabolic pathways
C21323	mmu01100	Metabolic pathways
C21324	mmu01100	Metabolic pathways
C21325	mmu01100	Metabolic pathways
C21326	mmu01100	Metabolic pathways
C21327	mmu01100	Metabolic pathways
C21328	mmu01100	Metabolic pathways
C21330	mmu01100	Metabolic pathways
C21337	mmu01100	Metabolic pathways
C21338	mmu01100	Metabolic pathways
C21339	mmu01100	Metabolic pathways
C21340	mmu01100	Metabolic pathways
C21341	mmu01100	Metabolic pathways
C21342	mmu01100	Metabolic pathways
C21343	mmu01100	Metabolic pathways
C21344	mmu01100	Metabolic pathways
C21345	mmu01100	Metabolic pathways
C21346	mmu01100	Metabolic pathways
C21347	mmu01100	Metabolic pathways
C21357	mmu01100	Metabolic pathways
C21368	mmu01100	Metabolic pathways
C21383	mmu01100	Metabolic pathways
C21384	mmu01100	Metabolic pathways
C21390	mmu01100	Metabolic pathways
C21408	mmu01100	Metabolic pathways
C21411	mmu01100	Metabolic pathways
C21412	mmu01100	Metabolic pathways
C21430	mmu01100	Metabolic pathways
C21442	mmu01100	Metabolic pathways
C21450	mmu01100	Metabolic pathways
C21451	mmu01100	Metabolic pathways
C21473	mmu01100	Metabolic pathways
C21485	mmu01100	Metabolic pathways
C21486	mmu01100	Metabolic pathways
C21510	mmu01100	Metabolic pathways
C21511	mmu01100	Metabolic pathways
C21512	mmu01100	Metabolic pathways
C21559	mmu01100	Metabolic pathways
C21565	mmu01100	Metabolic pathways
C21567	mmu01100	Metabolic pathways
C21568	mmu01100	Metabolic pathways
C21569	mmu01100	Metabolic pathways
C21570	mmu01100	Metabolic pathways
C21571	mmu01100	Metabolic pathways
C21572	mmu01100	Metabolic pathways
C21573	mmu01100	Metabolic pathways
C21574	mmu01100	Metabolic pathways
C21586	mmu01100	Metabolic pathways
C21587	mmu01100	Metabolic pathways
C21588	mmu01100	Metabolic pathways
C21589	mmu01100	Metabolic pathways
C21590	mmu01100	Metabolic pathways
C21591	mmu01100	Metabolic pathways
C21632	mmu01100	Metabolic pathways
C21640	mmu01100	Metabolic pathways
C21643	mmu01100	Metabolic pathways
C21644	mmu01100	Metabolic pathways
C21646	mmu01100	Metabolic pathways
C21647	mmu01100	Metabolic pathways
C21648	mmu01100	Metabolic pathways
C21678	mmu01100	Metabolic pathways
C21762	mmu01100	Metabolic pathways
C21764	mmu01100	Metabolic pathways
C21778	mmu01100	Metabolic pathways
C21779	mmu01100	Metabolic pathways
C21803	mmu01100	Metabolic pathways
C21804	mmu01100	Metabolic pathways
C21805	mmu01100	Metabolic pathways
C21835	mmu01100	Metabolic pathways
C21860	mmu01100	Metabolic pathways
C21873	mmu01100	Metabolic pathways
C21874	mmu01100	Metabolic pathways
C21875	mmu01100	Metabolic pathways
C21897	mmu01100	Metabolic pathways
C21903	mmu01100	Metabolic pathways
C21955	mmu01100	Metabolic pathways
C21959	mmu01100	Metabolic pathways
C21967	mmu01100	Metabolic pathways
C21971	mmu01100	Metabolic pathways
C21978	mmu01100	Metabolic pathways
C21979	mmu01100	Metabolic pathways
C21988	mmu01100	Metabolic pathways
C21994	mmu01100	Metabolic pathways
C21995	mmu01100	Metabolic pathways
C21996	mmu01100	Metabolic pathways
C21997	mmu01100	Metabolic pathways
C21998	mmu01100	Metabolic pathways
C21999	mmu01100	Metabolic pathways
C22004	mmu01100	Metabolic pathways
C22006	mmu01100	Metabolic pathways
C22014	mmu01100	Metabolic pathways
C22024	mmu01100	Metabolic pathways
C22025	mmu01100	Metabolic pathways
C22029	mmu01100	Metabolic pathways
C22038	mmu01100	Metabolic pathways
C22039	mmu01100	Metabolic pathways
C22053	mmu01100	Metabolic pathways
C22058	mmu01100	Metabolic pathways
C22059	mmu01100	Metabolic pathways
C22060	mmu01100	Metabolic pathways
C22068	mmu01100	Metabolic pathways
C22069	mmu01100	Metabolic pathways
C22072	mmu01100	Metabolic pathways
C22073	mmu01100	Metabolic pathways
C22074	mmu01100	Metabolic pathways
C22075	mmu01100	Metabolic pathways
C22077	mmu01100	Metabolic pathways
C22078	mmu01100	Metabolic pathways
C22084	mmu01100	Metabolic pathways
C22085	mmu01100	Metabolic pathways
C22101	mmu01100	Metabolic pathways
C22102	mmu01100	Metabolic pathways
C22112	mmu01100	Metabolic pathways
C22116	mmu01100	Metabolic pathways
C22119	mmu01100	Metabolic pathways
C22120	mmu01100	Metabolic pathways
C22121	mmu01100	Metabolic pathways
C22122	mmu01100	Metabolic pathways
C22123	mmu01100	Metabolic pathways
C22136	mmu01100	Metabolic pathways
C22137	mmu01100	Metabolic pathways
C22138	mmu01100	Metabolic pathways
C22139	mmu01100	Metabolic pathways
C22140	mmu01100	Metabolic pathways
C22141	mmu01100	Metabolic pathways
C22142	mmu01100	Metabolic pathways
C22143	mmu01100	Metabolic pathways
C22144	mmu01100	Metabolic pathways
C22145	mmu01100	Metabolic pathways
C22146	mmu01100	Metabolic pathways
C22147	mmu01100	Metabolic pathways
C22148	mmu01100	Metabolic pathways
C22149	mmu01100	Metabolic pathways
C22159	mmu01100	Metabolic pathways
C22160	mmu01100	Metabolic pathways
C22161	mmu01100	Metabolic pathways
C22216	mmu01100	Metabolic pathways
C22217	mmu01100	Metabolic pathways
C22225	mmu01100	Metabolic pathways
C22245	mmu01100	Metabolic pathways
C22246	mmu01100	Metabolic pathways
C22247	mmu01100	Metabolic pathways
C22248	mmu01100	Metabolic pathways
C22249	mmu01100	Metabolic pathways
C22250	mmu01100	Metabolic pathways
C22251	mmu01100	Metabolic pathways
C22252	mmu01100	Metabolic pathways
C22253	mmu01100	Metabolic pathways
C22254	mmu01100	Metabolic pathways
C22255	mmu01100	Metabolic pathways
C22256	mmu01100	Metabolic pathways
C22257	mmu01100	Metabolic pathways
C22261	mmu01100	Metabolic pathways
C22262	mmu01100	Metabolic pathways
C22270	mmu01100	Metabolic pathways
C22273	mmu01100	Metabolic pathways
C22276	mmu01100	Metabolic pathways
C22277	mmu01100	Metabolic pathways
C22289	mmu01100	Metabolic pathways
C22297	mmu01100	Metabolic pathways
C22315	mmu01100	Metabolic pathways
C22316	mmu01100	Metabolic pathways
C22337	mmu01100	Metabolic pathways
C22346	mmu01100	Metabolic pathways
C22347	mmu01100	Metabolic pathways
C22348	mmu01100	Metabolic pathways
C22349	mmu01100	Metabolic pathways
C22359	mmu01100	Metabolic pathways
C22383	mmu01100	Metabolic pathways
C22388	mmu01100	Metabolic pathways
C22397	mmu01100	Metabolic pathways
C22416	mmu01100	Metabolic pathways
C22421	mmu01100	Metabolic pathways
C22425	mmu01100	Metabolic pathways
C22450	mmu01100	Metabolic pathways
C22451	mmu01100	Metabolic pathways
C22453	mmu01100	Metabolic pathways
C22455	mmu01100	Metabolic pathways
C22458	mmu01100	Metabolic pathways
C22466	mmu01100	Metabolic pathways
C22467	mmu01100	Metabolic pathways
C22508	mmu01100	Metabolic pathways
C22510	mmu01100	Metabolic pathways
C22511	mmu01100	Metabolic pathways
C22552	mmu01100	Metabolic pathways
C22553	mmu01100	Metabolic pathways
C22556	mmu01100	Metabolic pathways
C22557	mmu01100	Metabolic pathways
C22558	mmu01100	Metabolic pathways
C22567	mmu01100	Metabolic pathways
C22575	mmu01100	Metabolic pathways
C22617	mmu01100	Metabolic pathways
C22618	mmu01100	Metabolic pathways
C22619	mmu01100	Metabolic pathways
C22629	mmu01100	Metabolic pathways
C22631	mmu01100	Metabolic pathways
C22650	mmu01100	Metabolic pathways
C22651	mmu01100	Metabolic pathways
C22652	mmu01100	Metabolic pathways
C22653	mmu01100	Metabolic pathways
C22654	mmu01100	Metabolic pathways
C22656	mmu01100	Metabolic pathways
C22658	mmu01100	Metabolic pathways
C22660	mmu01100	Metabolic pathways
C22664	mmu01100	Metabolic pathways
C22666	mmu01100	Metabolic pathways
C22712	mmu01100	Metabolic pathways
C22831	mmu01100	Metabolic pathways
C22832	mmu01100	Metabolic pathways
C22834	mmu01100	Metabolic pathways
C22855	mmu01100	Metabolic pathways
C22857	mmu01100	Metabolic pathways
C22858	mmu01100	Metabolic pathways
C22859	mmu01100	Metabolic pathways
C22860	mmu01100	Metabolic pathways
C22861	mmu01100	Metabolic pathways
C22862	mmu01100	Metabolic pathways
C22863	mmu01100	Metabolic pathways
C22864	mmu01100	Metabolic pathways
C22865	mmu01100	Metabolic pathways
C22866	mmu01100	Metabolic pathways
C22867	mmu01100	Metabolic pathways
C22868	mmu01100	Metabolic pathways
C22869	mmu01100	Metabolic pathways
C22870	mmu01100	Metabolic pathways
C22871	mmu01100	Metabolic pathways
C22872	mmu01100	Metabolic pathways
C22873	mmu01100	Metabolic pathways
C22874	mmu01100	Metabolic pathways
C22875	mmu01100	Metabolic pathways
C22876	mmu01100	Metabolic pathways
C22877	mmu01100	Metabolic pathways
C22878	mmu01100	Metabolic pathways
C22879	mmu01100	Metabolic pathways
C22886	mmu01100	Metabolic pathways
C22888	mmu01100	Metabolic pathways
C22912	mmu01100	Metabolic pathways
C22913	mmu01100	Metabolic pathways
C22914	mmu01100	Metabolic pathways
C22915	mmu01100	Metabolic pathways
C22918	mmu01100	Metabolic pathways
C22922	mmu01100	Metabolic pathways
C22923	mmu01100	Metabolic pathways
C22924	mmu01100	Metabolic pathways
C22925	mmu01100	Metabolic pathways
C22927	mmu01100	Metabolic pathways
C22929	mmu01100	Metabolic pathways
C22930	mmu01100	Metabolic pathways
C22931	mmu01100	Metabolic pathways
C22933	mmu01100	Metabolic pathways
C22934	mmu01100	Metabolic pathways
C22935	mmu01100	Metabolic pathways
C22936	mmu01100	Metabolic pathways
C22937	mmu01100	Metabolic pathways
C22938	mmu01100	Metabolic pathways
C22945	mmu01100	Metabolic pathways
C22960	mmu01100	Metabolic pathways
C22963	mmu01100	Metabolic pathways
C22964	mmu01100	Metabolic pathways
C22965	mmu01100	Metabolic pathways
C22966	mmu01100	Metabolic pathways
C22967	mmu01100	Metabolic pathways
C22968	mmu01100	Metabolic pathways
C22970	mmu01100	Metabolic pathways
C22971	mmu01100	Metabolic pathways
C22972	mmu01100	Metabolic pathways
C22973	mmu01100	Metabolic pathways
C22974	mmu01100	Metabolic pathways
C22975	mmu01100	Metabolic pathways
C23033	mmu01100	Metabolic pathways
C23034	mmu01100	Metabolic pathways
C23036	mmu01100	Metabolic pathways
C23070	mmu01100	Metabolic pathways
C23071	mmu01100	Metabolic pathways
C23072	mmu01100	Metabolic pathways
C23082	mmu01100	Metabolic pathways
C23083	mmu01100	Metabolic pathways
C23084	mmu01100	Metabolic pathways
C23085	mmu01100	Metabolic pathways
C23086	mmu01100	Metabolic pathways
C23087	mmu01100	Metabolic pathways
C23088	mmu01100	Metabolic pathways
C23089	mmu01100	Metabolic pathways
C23090	mmu01100	Metabolic pathways
C23091	mmu01100	Metabolic pathways
C23092	mmu01100	Metabolic pathways
C23093	mmu01100	Metabolic pathways
C23094	mmu01100	Metabolic pathways
C23095	mmu01100	Metabolic pathways
C23096	mmu01100	Metabolic pathways
C23097	mmu01100	Metabolic pathways
C23098	mmu01100	Metabolic pathways
C23099	mmu01100	Metabolic pathways
C23100	mmu01100	Metabolic pathways
C23101	mmu01100	Metabolic pathways
C23102	mmu01100	Metabolic pathways
C23103	mmu01100	Metabolic pathways
C23104	mmu01100	Metabolic pathways
C23105	mmu01100	Metabolic pathways
C23132	mmu01100	Metabolic pathways
C23137	mmu01100	Metabolic pathways
C00011	mmu01200	Carbon metabolism
C00014	mmu01200	Carbon metabolism
C00022	mmu01200	Carbon metabolism
C00024	mmu01200	Carbon metabolism
C00025	mmu01200	Carbon metabolism
C00026	mmu01200	Carbon metabolism
C00033	mmu01200	Carbon metabolism
C00036	mmu01200	Carbon metabolism
C00037	mmu01200	Carbon metabolism
C00041	mmu01200	Carbon metabolism
C00042	mmu01200	Carbon metabolism
C00048	mmu01200	Carbon metabolism
C00049	mmu01200	Carbon metabolism
C00058	mmu01200	Carbon metabolism
C00065	mmu01200	Carbon metabolism
C00067	mmu01200	Carbon metabolism
C00074	mmu01200	Carbon metabolism
C00083	mmu01200	Carbon metabolism
C00085	mmu01200	Carbon metabolism
C00091	mmu01200	Carbon metabolism
C00097	mmu01200	Carbon metabolism
C00100	mmu01200	Carbon metabolism
C00101	mmu01200	Carbon metabolism
C00111	mmu01200	Carbon metabolism
C00117	mmu01200	Carbon metabolism
C00118	mmu01200	Carbon metabolism
C00119	mmu01200	Carbon metabolism
C00122	mmu01200	Carbon metabolism
C00132	mmu01200	Carbon metabolism
C00136	mmu01200	Carbon metabolism
C00143	mmu01200	Carbon metabolism
C00149	mmu01200	Carbon metabolism
C00158	mmu01200	Carbon metabolism
C00160	mmu01200	Carbon metabolism
C00168	mmu01200	Carbon metabolism
C00169	mmu01200	Carbon metabolism
C00184	mmu01200	Carbon metabolism
C00197	mmu01200	Carbon metabolism
C00198	mmu01200	Carbon metabolism
C00199	mmu01200	Carbon metabolism
C00204	mmu01200	Carbon metabolism
C00218	mmu01200	Carbon metabolism
C00221	mmu01200	Carbon metabolism
C00222	mmu01200	Carbon metabolism
C00227	mmu01200	Carbon metabolism
C00231	mmu01200	Carbon metabolism
C00232	mmu01200	Carbon metabolism
C00234	mmu01200	Carbon metabolism
C00236	mmu01200	Carbon metabolism
C00237	mmu01200	Carbon metabolism
C00257	mmu01200	Carbon metabolism
C00258	mmu01200	Carbon metabolism
C00267	mmu01200	Carbon metabolism
C00279	mmu01200	Carbon metabolism
C00283	mmu01200	Carbon metabolism
C00311	mmu01200	Carbon metabolism
C00332	mmu01200	Carbon metabolism
C00345	mmu01200	Carbon metabolism
C00354	mmu01200	Carbon metabolism
C00440	mmu01200	Carbon metabolism
C00445	mmu01200	Carbon metabolism
C00447	mmu01200	Carbon metabolism
C00488	mmu01200	Carbon metabolism
C00543	mmu01200	Carbon metabolism
C00565	mmu01200	Carbon metabolism
C00566	mmu01200	Carbon metabolism
C00577	mmu01200	Carbon metabolism
C00631	mmu01200	Carbon metabolism
C00668	mmu01200	Carbon metabolism
C00683	mmu01200	Carbon metabolism
C00877	mmu01200	Carbon metabolism
C00894	mmu01200	Carbon metabolism
C00979	mmu01200	Carbon metabolism
C00988	mmu01200	Carbon metabolism
C00989	mmu01200	Carbon metabolism
C01001	mmu01200	Carbon metabolism
C01005	mmu01200	Carbon metabolism
C01011	mmu01200	Carbon metabolism
C01013	mmu01200	Carbon metabolism
C01144	mmu01200	Carbon metabolism
C01172	mmu01200	Carbon metabolism
C01182	mmu01200	Carbon metabolism
C01213	mmu01200	Carbon metabolism
C01217	mmu01200	Carbon metabolism
C01236	mmu01200	Carbon metabolism
C01274	mmu01200	Carbon metabolism
C01438	mmu01200	Carbon metabolism
C01732	mmu01200	Carbon metabolism
C02225	mmu01200	Carbon metabolism
C03232	mmu01200	Carbon metabolism
C03561	mmu01200	Carbon metabolism
C03576	mmu01200	Carbon metabolism
C03618	mmu01200	Carbon metabolism
C03920	mmu01200	Carbon metabolism
C04225	mmu01200	Carbon metabolism
C04330	mmu01200	Carbon metabolism
C04348	mmu01200	Carbon metabolism
C04377	mmu01200	Carbon metabolism
C04442	mmu01200	Carbon metabolism
C04488	mmu01200	Carbon metabolism
C04593	mmu01200	Carbon metabolism
C04628	mmu01200	Carbon metabolism
C04832	mmu01200	Carbon metabolism
C05382	mmu01200	Carbon metabolism
C05668	mmu01200	Carbon metabolism
C06019	mmu01200	Carbon metabolism
C06027	mmu01200	Carbon metabolism
C06028	mmu01200	Carbon metabolism
C11062	mmu01200	Carbon metabolism
C18026	mmu01200	Carbon metabolism
C18323	mmu01200	Carbon metabolism
C18324	mmu01200	Carbon metabolism
C18799	mmu01200	Carbon metabolism
C18802	mmu01200	Carbon metabolism
C20238	mmu01200	Carbon metabolism
C00022	mmu01210	2-Oxocarboxylic acid metabolism
C00024	mmu01210	2-Oxocarboxylic acid metabolism
C00025	mmu01210	2-Oxocarboxylic acid metabolism
C00026	mmu01210	2-Oxocarboxylic acid metabolism
C00036	mmu01210	2-Oxocarboxylic acid metabolism
C00041	mmu01210	2-Oxocarboxylic acid metabolism
C00047	mmu01210	2-Oxocarboxylic acid metabolism
C00049	mmu01210	2-Oxocarboxylic acid metabolism
C00073	mmu01210	2-Oxocarboxylic acid metabolism
C00077	mmu01210	2-Oxocarboxylic acid metabolism
C00078	mmu01210	2-Oxocarboxylic acid metabolism
C00079	mmu01210	2-Oxocarboxylic acid metabolism
C00082	mmu01210	2-Oxocarboxylic acid metabolism
C00091	mmu01210	2-Oxocarboxylic acid metabolism
C00100	mmu01210	2-Oxocarboxylic acid metabolism
C00109	mmu01210	2-Oxocarboxylic acid metabolism
C00123	mmu01210	2-Oxocarboxylic acid metabolism
C00141	mmu01210	2-Oxocarboxylic acid metabolism
C00158	mmu01210	2-Oxocarboxylic acid metabolism
C00166	mmu01210	2-Oxocarboxylic acid metabolism
C00183	mmu01210	2-Oxocarboxylic acid metabolism
C00233	mmu01210	2-Oxocarboxylic acid metabolism
C00311	mmu01210	2-Oxocarboxylic acid metabolism
C00322	mmu01210	2-Oxocarboxylic acid metabolism
C00407	mmu01210	2-Oxocarboxylic acid metabolism
C00417	mmu01210	2-Oxocarboxylic acid metabolism
C00437	mmu01210	2-Oxocarboxylic acid metabolism
C00441	mmu01210	2-Oxocarboxylic acid metabolism
C00527	mmu01210	2-Oxocarboxylic acid metabolism
C00624	mmu01210	2-Oxocarboxylic acid metabolism
C00630	mmu01210	2-Oxocarboxylic acid metabolism
C00671	mmu01210	2-Oxocarboxylic acid metabolism
C00810	mmu01210	2-Oxocarboxylic acid metabolism
C00956	mmu01210	2-Oxocarboxylic acid metabolism
C01069	mmu01210	2-Oxocarboxylic acid metabolism
C01179	mmu01210	2-Oxocarboxylic acid metabolism
C01180	mmu01210	2-Oxocarboxylic acid metabolism
C01250	mmu01210	2-Oxocarboxylic acid metabolism
C01251	mmu01210	2-Oxocarboxylic acid metabolism
C02153	mmu01210	2-Oxocarboxylic acid metabolism
C02226	mmu01210	2-Oxocarboxylic acid metabolism
C02356	mmu01210	2-Oxocarboxylic acid metabolism
C02504	mmu01210	2-Oxocarboxylic acid metabolism
C02612	mmu01210	2-Oxocarboxylic acid metabolism
C02631	mmu01210	2-Oxocarboxylic acid metabolism
C02937	mmu01210	2-Oxocarboxylic acid metabolism
C02939	mmu01210	2-Oxocarboxylic acid metabolism
C03082	mmu01210	2-Oxocarboxylic acid metabolism
C03219	mmu01210	2-Oxocarboxylic acid metabolism
C03283	mmu01210	2-Oxocarboxylic acid metabolism
C03719	mmu01210	2-Oxocarboxylic acid metabolism
C04002	mmu01210	2-Oxocarboxylic acid metabolism
C04133	mmu01210	2-Oxocarboxylic acid metabolism
C04181	mmu01210	2-Oxocarboxylic acid metabolism
C04236	mmu01210	2-Oxocarboxylic acid metabolism
C04272	mmu01210	2-Oxocarboxylic acid metabolism
C04350	mmu01210	2-Oxocarboxylic acid metabolism
C04411	mmu01210	2-Oxocarboxylic acid metabolism
C05379	mmu01210	2-Oxocarboxylic acid metabolism
C05533	mmu01210	2-Oxocarboxylic acid metabolism
C05662	mmu01210	2-Oxocarboxylic acid metabolism
C05837	mmu01210	2-Oxocarboxylic acid metabolism
C06006	mmu01210	2-Oxocarboxylic acid metabolism
C06007	mmu01210	2-Oxocarboxylic acid metabolism
C06010	mmu01210	2-Oxocarboxylic acid metabolism
C06032	mmu01210	2-Oxocarboxylic acid metabolism
C08401	mmu01210	2-Oxocarboxylic acid metabolism
C08407	mmu01210	2-Oxocarboxylic acid metabolism
C08409	mmu01210	2-Oxocarboxylic acid metabolism
C08412	mmu01210	2-Oxocarboxylic acid metabolism
C08417	mmu01210	2-Oxocarboxylic acid metabolism
C08418	mmu01210	2-Oxocarboxylic acid metabolism
C08426	mmu01210	2-Oxocarboxylic acid metabolism
C14463	mmu01210	2-Oxocarboxylic acid metabolism
C15980	mmu01210	2-Oxocarboxylic acid metabolism
C16516	mmu01210	2-Oxocarboxylic acid metabolism
C16517	mmu01210	2-Oxocarboxylic acid metabolism
C16518	mmu01210	2-Oxocarboxylic acid metabolism
C16583	mmu01210	2-Oxocarboxylic acid metabolism
C16588	mmu01210	2-Oxocarboxylic acid metabolism
C16589	mmu01210	2-Oxocarboxylic acid metabolism
C16597	mmu01210	2-Oxocarboxylic acid metabolism
C16598	mmu01210	2-Oxocarboxylic acid metabolism
C16600	mmu01210	2-Oxocarboxylic acid metabolism
C17210	mmu01210	2-Oxocarboxylic acid metabolism
C17211	mmu01210	2-Oxocarboxylic acid metabolism
C17212	mmu01210	2-Oxocarboxylic acid metabolism
C17213	mmu01210	2-Oxocarboxylic acid metabolism
C17214	mmu01210	2-Oxocarboxylic acid metabolism
C17215	mmu01210	2-Oxocarboxylic acid metabolism
C17216	mmu01210	2-Oxocarboxylic acid metabolism
C17217	mmu01210	2-Oxocarboxylic acid metabolism
C17218	mmu01210	2-Oxocarboxylic acid metabolism
C17219	mmu01210	2-Oxocarboxylic acid metabolism
C17220	mmu01210	2-Oxocarboxylic acid metabolism
C17221	mmu01210	2-Oxocarboxylic acid metabolism
C17222	mmu01210	2-Oxocarboxylic acid metabolism
C17223	mmu01210	2-Oxocarboxylic acid metabolism
C17224	mmu01210	2-Oxocarboxylic acid metabolism
C17225	mmu01210	2-Oxocarboxylic acid metabolism
C17226	mmu01210	2-Oxocarboxylic acid metabolism
C17227	mmu01210	2-Oxocarboxylic acid metabolism
C17228	mmu01210	2-Oxocarboxylic acid metabolism
C17229	mmu01210	2-Oxocarboxylic acid metabolism
C17230	mmu01210	2-Oxocarboxylic acid metabolism
C17231	mmu01210	2-Oxocarboxylic acid metabolism
C17232	mmu01210	2-Oxocarboxylic acid metabolism
C17233	mmu01210	2-Oxocarboxylic acid metabolism
C17235	mmu01210	2-Oxocarboxylic acid metabolism
C17236	mmu01210	2-Oxocarboxylic acid metabolism
C17237	mmu01210	2-Oxocarboxylic acid metabolism
C17238	mmu01210	2-Oxocarboxylic acid metabolism
C17239	mmu01210	2-Oxocarboxylic acid metabolism
C17240	mmu01210	2-Oxocarboxylic acid metabolism
C17241	mmu01210	2-Oxocarboxylic acid metabolism
C17242	mmu01210	2-Oxocarboxylic acid metabolism
C17243	mmu01210	2-Oxocarboxylic acid metabolism
C17244	mmu01210	2-Oxocarboxylic acid metabolism
C17245	mmu01210	2-Oxocarboxylic acid metabolism
C17246	mmu01210	2-Oxocarboxylic acid metabolism
C17248	mmu01210	2-Oxocarboxylic acid metabolism
C17249	mmu01210	2-Oxocarboxylic acid metabolism
C17250	mmu01210	2-Oxocarboxylic acid metabolism
C17251	mmu01210	2-Oxocarboxylic acid metabolism
C17252	mmu01210	2-Oxocarboxylic acid metabolism
C17253	mmu01210	2-Oxocarboxylic acid metabolism
C17254	mmu01210	2-Oxocarboxylic acid metabolism
C17255	mmu01210	2-Oxocarboxylic acid metabolism
C17256	mmu01210	2-Oxocarboxylic acid metabolism
C19491	mmu01210	2-Oxocarboxylic acid metabolism
C19714	mmu01210	2-Oxocarboxylic acid metabolism
C19886	mmu01210	2-Oxocarboxylic acid metabolism
C19887	mmu01210	2-Oxocarboxylic acid metabolism
C19888	mmu01210	2-Oxocarboxylic acid metabolism
C19889	mmu01210	2-Oxocarboxylic acid metabolism
C20327	mmu01210	2-Oxocarboxylic acid metabolism
C20581	mmu01210	2-Oxocarboxylic acid metabolism
C20582	mmu01210	2-Oxocarboxylic acid metabolism
C20653	mmu01210	2-Oxocarboxylic acid metabolism
C20654	mmu01210	2-Oxocarboxylic acid metabolism
C20948	mmu01210	2-Oxocarboxylic acid metabolism
C20949	mmu01210	2-Oxocarboxylic acid metabolism
C20950	mmu01210	2-Oxocarboxylic acid metabolism
C20951	mmu01210	2-Oxocarboxylic acid metabolism
C00024	mmu01212	Fatty acid metabolism
C00083	mmu01212	Fatty acid metabolism
C00136	mmu01212	Fatty acid metabolism
C00154	mmu01212	Fatty acid metabolism
C00229	mmu01212	Fatty acid metabolism
C00249	mmu01212	Fatty acid metabolism
C00332	mmu01212	Fatty acid metabolism
C00383	mmu01212	Fatty acid metabolism
C00412	mmu01212	Fatty acid metabolism
C00510	mmu01212	Fatty acid metabolism
C00877	mmu01212	Fatty acid metabolism
C01144	mmu01212	Fatty acid metabolism
C01203	mmu01212	Fatty acid metabolism
C01209	mmu01212	Fatty acid metabolism
C01832	mmu01212	Fatty acid metabolism
C01944	mmu01212	Fatty acid metabolism
C02041	mmu01212	Fatty acid metabolism
C02050	mmu01212	Fatty acid metabolism
C02249	mmu01212	Fatty acid metabolism
C02593	mmu01212	Fatty acid metabolism
C02990	mmu01212	Fatty acid metabolism
C03035	mmu01212	Fatty acid metabolism
C03221	mmu01212	Fatty acid metabolism
C03595	mmu01212	Fatty acid metabolism
C03939	mmu01212	Fatty acid metabolism
C04088	mmu01212	Fatty acid metabolism
C04246	mmu01212	Fatty acid metabolism
C04618	mmu01212	Fatty acid metabolism
C04619	mmu01212	Fatty acid metabolism
C04620	mmu01212	Fatty acid metabolism
C04633	mmu01212	Fatty acid metabolism
C04688	mmu01212	Fatty acid metabolism
C05223	mmu01212	Fatty acid metabolism
C05258	mmu01212	Fatty acid metabolism
C05259	mmu01212	Fatty acid metabolism
C05260	mmu01212	Fatty acid metabolism
C05261	mmu01212	Fatty acid metabolism
C05262	mmu01212	Fatty acid metabolism
C05263	mmu01212	Fatty acid metabolism
C05264	mmu01212	Fatty acid metabolism
C05265	mmu01212	Fatty acid metabolism
C05266	mmu01212	Fatty acid metabolism
C05267	mmu01212	Fatty acid metabolism
C05268	mmu01212	Fatty acid metabolism
C05269	mmu01212	Fatty acid metabolism
C05270	mmu01212	Fatty acid metabolism
C05271	mmu01212	Fatty acid metabolism
C05272	mmu01212	Fatty acid metabolism
C05273	mmu01212	Fatty acid metabolism
C05274	mmu01212	Fatty acid metabolism
C05275	mmu01212	Fatty acid metabolism
C05276	mmu01212	Fatty acid metabolism
C05744	mmu01212	Fatty acid metabolism
C05745	mmu01212	Fatty acid metabolism
C05746	mmu01212	Fatty acid metabolism
C05747	mmu01212	Fatty acid metabolism
C05748	mmu01212	Fatty acid metabolism
C05749	mmu01212	Fatty acid metabolism
C05750	mmu01212	Fatty acid metabolism
C05751	mmu01212	Fatty acid metabolism
C05752	mmu01212	Fatty acid metabolism
C05753	mmu01212	Fatty acid metabolism
C05754	mmu01212	Fatty acid metabolism
C05755	mmu01212	Fatty acid metabolism
C05756	mmu01212	Fatty acid metabolism
C05757	mmu01212	Fatty acid metabolism
C05758	mmu01212	Fatty acid metabolism
C05759	mmu01212	Fatty acid metabolism
C05760	mmu01212	Fatty acid metabolism
C05761	mmu01212	Fatty acid metabolism
C05762	mmu01212	Fatty acid metabolism
C05763	mmu01212	Fatty acid metabolism
C05764	mmu01212	Fatty acid metabolism
C16160	mmu01212	Fatty acid metabolism
C16161	mmu01212	Fatty acid metabolism
C16162	mmu01212	Fatty acid metabolism
C16163	mmu01212	Fatty acid metabolism
C16164	mmu01212	Fatty acid metabolism
C16165	mmu01212	Fatty acid metabolism
C16166	mmu01212	Fatty acid metabolism
C16167	mmu01212	Fatty acid metabolism
C16168	mmu01212	Fatty acid metabolism
C16169	mmu01212	Fatty acid metabolism
C16170	mmu01212	Fatty acid metabolism
C16171	mmu01212	Fatty acid metabolism
C16172	mmu01212	Fatty acid metabolism
C16173	mmu01212	Fatty acid metabolism
C16179	mmu01212	Fatty acid metabolism
C16180	mmu01212	Fatty acid metabolism
C16216	mmu01212	Fatty acid metabolism
C16217	mmu01212	Fatty acid metabolism
C16218	mmu01212	Fatty acid metabolism
C16219	mmu01212	Fatty acid metabolism
C16220	mmu01212	Fatty acid metabolism
C16221	mmu01212	Fatty acid metabolism
C16374	mmu01212	Fatty acid metabolism
C16375	mmu01212	Fatty acid metabolism
C16376	mmu01212	Fatty acid metabolism
C16387	mmu01212	Fatty acid metabolism
C16388	mmu01212	Fatty acid metabolism
C16389	mmu01212	Fatty acid metabolism
C16528	mmu01212	Fatty acid metabolism
C16529	mmu01212	Fatty acid metabolism
C16530	mmu01212	Fatty acid metabolism
C16531	mmu01212	Fatty acid metabolism
C16532	mmu01212	Fatty acid metabolism
C16645	mmu01212	Fatty acid metabolism
C17279	mmu01212	Fatty acid metabolism
C21932	mmu01212	Fatty acid metabolism
C21934	mmu01212	Fatty acid metabolism
C21935	mmu01212	Fatty acid metabolism
C21937	mmu01212	Fatty acid metabolism
C21939	mmu01212	Fatty acid metabolism
C21941	mmu01212	Fatty acid metabolism
C21949	mmu01212	Fatty acid metabolism
C21951	mmu01212	Fatty acid metabolism
C21953	mmu01212	Fatty acid metabolism
C21959	mmu01212	Fatty acid metabolism
C21961	mmu01212	Fatty acid metabolism
C21963	mmu01212	Fatty acid metabolism
C21965	mmu01212	Fatty acid metabolism
C21967	mmu01212	Fatty acid metabolism
C00011	mmu01230	Biosynthesis of amino acids
C00014	mmu01230	Biosynthesis of amino acids
C00019	mmu01230	Biosynthesis of amino acids
C00021	mmu01230	Biosynthesis of amino acids
C00022	mmu01230	Biosynthesis of amino acids
C00025	mmu01230	Biosynthesis of amino acids
C00026	mmu01230	Biosynthesis of amino acids
C00036	mmu01230	Biosynthesis of amino acids
C00037	mmu01230	Biosynthesis of amino acids
C00041	mmu01230	Biosynthesis of amino acids
C00047	mmu01230	Biosynthesis of amino acids
C00049	mmu01230	Biosynthesis of amino acids
C00062	mmu01230	Biosynthesis of amino acids
C00064	mmu01230	Biosynthesis of amino acids
C00065	mmu01230	Biosynthesis of amino acids
C00073	mmu01230	Biosynthesis of amino acids
C00074	mmu01230	Biosynthesis of amino acids
C00077	mmu01230	Biosynthesis of amino acids
C00078	mmu01230	Biosynthesis of amino acids
C00079	mmu01230	Biosynthesis of amino acids
C00082	mmu01230	Biosynthesis of amino acids
C00085	mmu01230	Biosynthesis of amino acids
C00097	mmu01230	Biosynthesis of amino acids
C00108	mmu01230	Biosynthesis of amino acids
C00109	mmu01230	Biosynthesis of amino acids
C00111	mmu01230	Biosynthesis of amino acids
C00117	mmu01230	Biosynthesis of amino acids
C00118	mmu01230	Biosynthesis of amino acids
C00119	mmu01230	Biosynthesis of amino acids
C00123	mmu01230	Biosynthesis of amino acids
C00135	mmu01230	Biosynthesis of amino acids
C00141	mmu01230	Biosynthesis of amino acids
C00148	mmu01230	Biosynthesis of amino acids
C00152	mmu01230	Biosynthesis of amino acids
C00155	mmu01230	Biosynthesis of amino acids
C00158	mmu01230	Biosynthesis of amino acids
C00166	mmu01230	Biosynthesis of amino acids
C00169	mmu01230	Biosynthesis of amino acids
C00183	mmu01230	Biosynthesis of amino acids
C00188	mmu01230	Biosynthesis of amino acids
C00197	mmu01230	Biosynthesis of amino acids
C00199	mmu01230	Biosynthesis of amino acids
C00231	mmu01230	Biosynthesis of amino acids
C00233	mmu01230	Biosynthesis of amino acids
C00236	mmu01230	Biosynthesis of amino acids
C00251	mmu01230	Biosynthesis of amino acids
C00254	mmu01230	Biosynthesis of amino acids
C00263	mmu01230	Biosynthesis of amino acids
C00279	mmu01230	Biosynthesis of amino acids
C00311	mmu01230	Biosynthesis of amino acids
C00322	mmu01230	Biosynthesis of amino acids
C00327	mmu01230	Biosynthesis of amino acids
C00354	mmu01230	Biosynthesis of amino acids
C00407	mmu01230	Biosynthesis of amino acids
C00437	mmu01230	Biosynthesis of amino acids
C00441	mmu01230	Biosynthesis of amino acids
C00449	mmu01230	Biosynthesis of amino acids
C00493	mmu01230	Biosynthesis of amino acids
C00624	mmu01230	Biosynthesis of amino acids
C00631	mmu01230	Biosynthesis of amino acids
C00666	mmu01230	Biosynthesis of amino acids
C00671	mmu01230	Biosynthesis of amino acids
C00680	mmu01230	Biosynthesis of amino acids
C00826	mmu01230	Biosynthesis of amino acids
C00860	mmu01230	Biosynthesis of amino acids
C00944	mmu01230	Biosynthesis of amino acids
C00956	mmu01230	Biosynthesis of amino acids
C00979	mmu01230	Biosynthesis of amino acids
C01005	mmu01230	Biosynthesis of amino acids
C01100	mmu01230	Biosynthesis of amino acids
C01102	mmu01230	Biosynthesis of amino acids
C01118	mmu01230	Biosynthesis of amino acids
C01165	mmu01230	Biosynthesis of amino acids
C01179	mmu01230	Biosynthesis of amino acids
C01250	mmu01230	Biosynthesis of amino acids
C01251	mmu01230	Biosynthesis of amino acids
C01267	mmu01230	Biosynthesis of amino acids
C01269	mmu01230	Biosynthesis of amino acids
C01302	mmu01230	Biosynthesis of amino acids
C02291	mmu01230	Biosynthesis of amino acids
C02504	mmu01230	Biosynthesis of amino acids
C02612	mmu01230	Biosynthesis of amino acids
C02637	mmu01230	Biosynthesis of amino acids
C02739	mmu01230	Biosynthesis of amino acids
C02741	mmu01230	Biosynthesis of amino acids
C03082	mmu01230	Biosynthesis of amino acids
C03175	mmu01230	Biosynthesis of amino acids
C03232	mmu01230	Biosynthesis of amino acids
C03283	mmu01230	Biosynthesis of amino acids
C03287	mmu01230	Biosynthesis of amino acids
C03406	mmu01230	Biosynthesis of amino acids
C03506	mmu01230	Biosynthesis of amino acids
C03539	mmu01230	Biosynthesis of amino acids
C03871	mmu01230	Biosynthesis of amino acids
C03912	mmu01230	Biosynthesis of amino acids
C03972	mmu01230	Biosynthesis of amino acids
C04002	mmu01230	Biosynthesis of amino acids
C04076	mmu01230	Biosynthesis of amino acids
C04133	mmu01230	Biosynthesis of amino acids
C04272	mmu01230	Biosynthesis of amino acids
C04302	mmu01230	Biosynthesis of amino acids
C04390	mmu01230	Biosynthesis of amino acids
C04411	mmu01230	Biosynthesis of amino acids
C04421	mmu01230	Biosynthesis of amino acids
C04462	mmu01230	Biosynthesis of amino acids
C04666	mmu01230	Biosynthesis of amino acids
C04691	mmu01230	Biosynthesis of amino acids
C04896	mmu01230	Biosynthesis of amino acids
C04916	mmu01230	Biosynthesis of amino acids
C05382	mmu01230	Biosynthesis of amino acids
C05539	mmu01230	Biosynthesis of amino acids
C05662	mmu01230	Biosynthesis of amino acids
C05824	mmu01230	Biosynthesis of amino acids
C06006	mmu01230	Biosynthesis of amino acids
C06007	mmu01230	Biosynthesis of amino acids
C06010	mmu01230	Biosynthesis of amino acids
C06019	mmu01230	Biosynthesis of amino acids
C06032	mmu01230	Biosynthesis of amino acids
C15532	mmu01230	Biosynthesis of amino acids
C19886	mmu01230	Biosynthesis of amino acids
C19887	mmu01230	Biosynthesis of amino acids
C19888	mmu01230	Biosynthesis of amino acids
C19889	mmu01230	Biosynthesis of amino acids
C20258	mmu01230	Biosynthesis of amino acids
C20948	mmu01230	Biosynthesis of amino acids
C20949	mmu01230	Biosynthesis of amino acids
C20950	mmu01230	Biosynthesis of amino acids
C20951	mmu01230	Biosynthesis of amino acids
C00002	mmu01232	Nucleotide metabolism
C00008	mmu01232	Nucleotide metabolism
C00015	mmu01232	Nucleotide metabolism
C00020	mmu01232	Nucleotide metabolism
C00035	mmu01232	Nucleotide metabolism
C00044	mmu01232	Nucleotide metabolism
C00055	mmu01232	Nucleotide metabolism
C00063	mmu01232	Nucleotide metabolism
C00064	mmu01232	Nucleotide metabolism
C00075	mmu01232	Nucleotide metabolism
C00081	mmu01232	Nucleotide metabolism
C00104	mmu01232	Nucleotide metabolism
C00105	mmu01232	Nucleotide metabolism
C00106	mmu01232	Nucleotide metabolism
C00112	mmu01232	Nucleotide metabolism
C00119	mmu01232	Nucleotide metabolism
C00130	mmu01232	Nucleotide metabolism
C00131	mmu01232	Nucleotide metabolism
C00144	mmu01232	Nucleotide metabolism
C00147	mmu01232	Nucleotide metabolism
C00178	mmu01232	Nucleotide metabolism
C00206	mmu01232	Nucleotide metabolism
C00212	mmu01232	Nucleotide metabolism
C00214	mmu01232	Nucleotide metabolism
C00239	mmu01232	Nucleotide metabolism
C00242	mmu01232	Nucleotide metabolism
C00262	mmu01232	Nucleotide metabolism
C00286	mmu01232	Nucleotide metabolism
C00294	mmu01232	Nucleotide metabolism
C00299	mmu01232	Nucleotide metabolism
C00330	mmu01232	Nucleotide metabolism
C00360	mmu01232	Nucleotide metabolism
C00361	mmu01232	Nucleotide metabolism
C00362	mmu01232	Nucleotide metabolism
C00363	mmu01232	Nucleotide metabolism
C00364	mmu01232	Nucleotide metabolism
C00365	mmu01232	Nucleotide metabolism
C00380	mmu01232	Nucleotide metabolism
C00385	mmu01232	Nucleotide metabolism
C00387	mmu01232	Nucleotide metabolism
C00458	mmu01232	Nucleotide metabolism
C00459	mmu01232	Nucleotide metabolism
C00460	mmu01232	Nucleotide metabolism
C00475	mmu01232	Nucleotide metabolism
C00526	mmu01232	Nucleotide metabolism
C00559	mmu01232	Nucleotide metabolism
C00655	mmu01232	Nucleotide metabolism
C00700	mmu01232	Nucleotide metabolism
C00705	mmu01232	Nucleotide metabolism
C00881	mmu01232	Nucleotide metabolism
C01337	mmu01232	Nucleotide metabolism
C01344	mmu01232	Nucleotide metabolism
C01345	mmu01232	Nucleotide metabolism
C01346	mmu01232	Nucleotide metabolism
C01762	mmu01232	Nucleotide metabolism
C03794	mmu01232	Nucleotide metabolism
C05512	mmu01232	Nucleotide metabolism
C06196	mmu01232	Nucleotide metabolism
C00002	mmu01240	Biosynthesis of cofactors
C00003	mmu01240	Biosynthesis of cofactors
C00006	mmu01240	Biosynthesis of cofactors
C00008	mmu01240	Biosynthesis of cofactors
C00010	mmu01240	Biosynthesis of cofactors
C00015	mmu01240	Biosynthesis of cofactors
C00016	mmu01240	Biosynthesis of cofactors
C00018	mmu01240	Biosynthesis of cofactors
C00019	mmu01240	Biosynthesis of cofactors
C00020	mmu01240	Biosynthesis of cofactors
C00021	mmu01240	Biosynthesis of cofactors
C00022	mmu01240	Biosynthesis of cofactors
C00024	mmu01240	Biosynthesis of cofactors
C00025	mmu01240	Biosynthesis of cofactors
C00026	mmu01240	Biosynthesis of cofactors
C00029	mmu01240	Biosynthesis of cofactors
C00032	mmu01240	Biosynthesis of cofactors
C00036	mmu01240	Biosynthesis of cofactors
C00037	mmu01240	Biosynthesis of cofactors
C00044	mmu01240	Biosynthesis of cofactors
C00049	mmu01240	Biosynthesis of cofactors
C00051	mmu01240	Biosynthesis of cofactors
C00061	mmu01240	Biosynthesis of cofactors
C00063	mmu01240	Biosynthesis of cofactors
C00064	mmu01240	Biosynthesis of cofactors
C00065	mmu01240	Biosynthesis of cofactors
C00068	mmu01240	Biosynthesis of cofactors
C00072	mmu01240	Biosynthesis of cofactors
C00073	mmu01240	Biosynthesis of cofactors
C00074	mmu01240	Biosynthesis of cofactors
C00075	mmu01240	Biosynthesis of cofactors
C00078	mmu01240	Biosynthesis of cofactors
C00082	mmu01240	Biosynthesis of cofactors
C00083	mmu01240	Biosynthesis of cofactors
C00085	mmu01240	Biosynthesis of cofactors
C00096	mmu01240	Biosynthesis of cofactors
C00097	mmu01240	Biosynthesis of cofactors
C00099	mmu01240	Biosynthesis of cofactors
C00101	mmu01240	Biosynthesis of cofactors
C00103	mmu01240	Biosynthesis of cofactors
C00105	mmu01240	Biosynthesis of cofactors
C00112	mmu01240	Biosynthesis of cofactors
C00117	mmu01240	Biosynthesis of cofactors
C00118	mmu01240	Biosynthesis of cofactors
C00119	mmu01240	Biosynthesis of cofactors
C00120	mmu01240	Biosynthesis of cofactors
C00127	mmu01240	Biosynthesis of cofactors
C00130	mmu01240	Biosynthesis of cofactors
C00141	mmu01240	Biosynthesis of cofactors
C00143	mmu01240	Biosynthesis of cofactors
C00153	mmu01240	Biosynthesis of cofactors
C00156	mmu01240	Biosynthesis of cofactors
C00158	mmu01240	Biosynthesis of cofactors
C00167	mmu01240	Biosynthesis of cofactors
C00169	mmu01240	Biosynthesis of cofactors
C00183	mmu01240	Biosynthesis of cofactors
C00191	mmu01240	Biosynthesis of cofactors
C00194	mmu01240	Biosynthesis of cofactors
C00197	mmu01240	Biosynthesis of cofactors
C00199	mmu01240	Biosynthesis of cofactors
C00234	mmu01240	Biosynthesis of cofactors
C00250	mmu01240	Biosynthesis of cofactors
C00251	mmu01240	Biosynthesis of cofactors
C00253	mmu01240	Biosynthesis of cofactors
C00254	mmu01240	Biosynthesis of cofactors
C00255	mmu01240	Biosynthesis of cofactors
C00272	mmu01240	Biosynthesis of cofactors
C00275	mmu01240	Biosynthesis of cofactors
C00279	mmu01240	Biosynthesis of cofactors
C00295	mmu01240	Biosynthesis of cofactors
C00311	mmu01240	Biosynthesis of cofactors
C00314	mmu01240	Biosynthesis of cofactors
C00322	mmu01240	Biosynthesis of cofactors
C00328	mmu01240	Biosynthesis of cofactors
C00333	mmu01240	Biosynthesis of cofactors
C00337	mmu01240	Biosynthesis of cofactors
C00341	mmu01240	Biosynthesis of cofactors
C00376	mmu01240	Biosynthesis of cofactors
C00378	mmu01240	Biosynthesis of cofactors
C00390	mmu01240	Biosynthesis of cofactors
C00399	mmu01240	Biosynthesis of cofactors
C00415	mmu01240	Biosynthesis of cofactors
C00430	mmu01240	Biosynthesis of cofactors
C00438	mmu01240	Biosynthesis of cofactors
C00445	mmu01240	Biosynthesis of cofactors
C00473	mmu01240	Biosynthesis of cofactors
C00483	mmu01240	Biosynthesis of cofactors
C00493	mmu01240	Biosynthesis of cofactors
C00504	mmu01240	Biosynthesis of cofactors
C00522	mmu01240	Biosynthesis of cofactors
C00544	mmu01240	Biosynthesis of cofactors
C00568	mmu01240	Biosynthesis of cofactors
C00593	mmu01240	Biosynthesis of cofactors
C00617	mmu01240	Biosynthesis of cofactors
C00627	mmu01240	Biosynthesis of cofactors
C00632	mmu01240	Biosynthesis of cofactors
C00636	mmu01240	Biosynthesis of cofactors
C00668	mmu01240	Biosynthesis of cofactors
C00669	mmu01240	Biosynthesis of cofactors
C00748	mmu01240	Biosynthesis of cofactors
C00750	mmu01240	Biosynthesis of cofactors
C00800	mmu01240	Biosynthesis of cofactors
C00828	mmu01240	Biosynthesis of cofactors
C00853	mmu01240	Biosynthesis of cofactors
C00857	mmu01240	Biosynthesis of cofactors
C00862	mmu01240	Biosynthesis of cofactors
C00864	mmu01240	Biosynthesis of cofactors
C00876	mmu01240	Biosynthesis of cofactors
C00882	mmu01240	Biosynthesis of cofactors
C00885	mmu01240	Biosynthesis of cofactors
C00921	mmu01240	Biosynthesis of cofactors
C00931	mmu01240	Biosynthesis of cofactors
C00966	mmu01240	Biosynthesis of cofactors
C01024	mmu01240	Biosynthesis of cofactors
C01037	mmu01240	Biosynthesis of cofactors
C01040	mmu01240	Biosynthesis of cofactors
C01051	mmu01240	Biosynthesis of cofactors
C01063	mmu01240	Biosynthesis of cofactors
C01079	mmu01240	Biosynthesis of cofactors
C01081	mmu01240	Biosynthesis of cofactors
C01092	mmu01240	Biosynthesis of cofactors
C01103	mmu01240	Biosynthesis of cofactors
C01115	mmu01240	Biosynthesis of cofactors
C01134	mmu01240	Biosynthesis of cofactors
C01179	mmu01240	Biosynthesis of cofactors
C01185	mmu01240	Biosynthesis of cofactors
C01209	mmu01240	Biosynthesis of cofactors
C01217	mmu01240	Biosynthesis of cofactors
C01251	mmu01240	Biosynthesis of cofactors
C01268	mmu01240	Biosynthesis of cofactors
C01279	mmu01240	Biosynthesis of cofactors
C01300	mmu01240	Biosynthesis of cofactors
C01304	mmu01240	Biosynthesis of cofactors
C01352	mmu01240	Biosynthesis of cofactors
C01825	mmu01240	Biosynthesis of cofactors
C01847	mmu01240	Biosynthesis of cofactors
C01909	mmu01240	Biosynthesis of cofactors
C01944	mmu01240	Biosynthesis of cofactors
C02059	mmu01240	Biosynthesis of cofactors
C02094	mmu01240	Biosynthesis of cofactors
C02191	mmu01240	Biosynthesis of cofactors
C02280	mmu01240	Biosynthesis of cofactors
C02291	mmu01240	Biosynthesis of cofactors
C02463	mmu01240	Biosynthesis of cofactors
C02477	mmu01240	Biosynthesis of cofactors
C02483	mmu01240	Biosynthesis of cofactors
C02637	mmu01240	Biosynthesis of cofactors
C02656	mmu01240	Biosynthesis of cofactors
C02700	mmu01240	Biosynthesis of cofactors
C02730	mmu01240	Biosynthesis of cofactors
C02953	mmu01240	Biosynthesis of cofactors
C02972	mmu01240	Biosynthesis of cofactors
C02987	mmu01240	Biosynthesis of cofactors
C03033	mmu01240	Biosynthesis of cofactors
C03114	mmu01240	Biosynthesis of cofactors
C03160	mmu01240	Biosynthesis of cofactors
C03227	mmu01240	Biosynthesis of cofactors
C03263	mmu01240	Biosynthesis of cofactors
C03313	mmu01240	Biosynthesis of cofactors
C03373	mmu01240	Biosynthesis of cofactors
C03393	mmu01240	Biosynthesis of cofactors
C03492	mmu01240	Biosynthesis of cofactors
C03541	mmu01240	Biosynthesis of cofactors
C03576	mmu01240	Biosynthesis of cofactors
C03657	mmu01240	Biosynthesis of cofactors
C03684	mmu01240	Biosynthesis of cofactors
C03722	mmu01240	Biosynthesis of cofactors
C03741	mmu01240	Biosynthesis of cofactors
C03794	mmu01240	Biosynthesis of cofactors
C04037	mmu01240	Biosynthesis of cofactors
C04145	mmu01240	Biosynthesis of cofactors
C04294	mmu01240	Biosynthesis of cofactors
C04327	mmu01240	Biosynthesis of cofactors
C04332	mmu01240	Biosynthesis of cofactors
C04352	mmu01240	Biosynthesis of cofactors
C04409	mmu01240	Biosynthesis of cofactors
C04454	mmu01240	Biosynthesis of cofactors
C04556	mmu01240	Biosynthesis of cofactors
C04628	mmu01240	Biosynthesis of cofactors
C04732	mmu01240	Biosynthesis of cofactors
C04752	mmu01240	Biosynthesis of cofactors
C04778	mmu01240	Biosynthesis of cofactors
C04807	mmu01240	Biosynthesis of cofactors
C04874	mmu01240	Biosynthesis of cofactors
C04895	mmu01240	Biosynthesis of cofactors
C05427	mmu01240	Biosynthesis of cofactors
C05432	mmu01240	Biosynthesis of cofactors
C05528	mmu01240	Biosynthesis of cofactors
C05662	mmu01240	Biosynthesis of cofactors
C05665	mmu01240	Biosynthesis of cofactors
C05752	mmu01240	Biosynthesis of cofactors
C05770	mmu01240	Biosynthesis of cofactors
C05772	mmu01240	Biosynthesis of cofactors
C05773	mmu01240	Biosynthesis of cofactors
C05775	mmu01240	Biosynthesis of cofactors
C05777	mmu01240	Biosynthesis of cofactors
C05778	mmu01240	Biosynthesis of cofactors
C05807	mmu01240	Biosynthesis of cofactors
C05817	mmu01240	Biosynthesis of cofactors
C05819	mmu01240	Biosynthesis of cofactors
C05840	mmu01240	Biosynthesis of cofactors
C05847	mmu01240	Biosynthesis of cofactors
C05848	mmu01240	Biosynthesis of cofactors
C05849	mmu01240	Biosynthesis of cofactors
C05924	mmu01240	Biosynthesis of cofactors
C05925	mmu01240	Biosynthesis of cofactors
C05927	mmu01240	Biosynthesis of cofactors
C06054	mmu01240	Biosynthesis of cofactors
C06055	mmu01240	Biosynthesis of cofactors
C06313	mmu01240	Biosynthesis of cofactors
C06319	mmu01240	Biosynthesis of cofactors
C06320	mmu01240	Biosynthesis of cofactors
C06399	mmu01240	Biosynthesis of cofactors
C06406	mmu01240	Biosynthesis of cofactors
C06407	mmu01240	Biosynthesis of cofactors
C06408	mmu01240	Biosynthesis of cofactors
C06416	mmu01240	Biosynthesis of cofactors
C06423	mmu01240	Biosynthesis of cofactors
C06503	mmu01240	Biosynthesis of cofactors
C06504	mmu01240	Biosynthesis of cofactors
C06506	mmu01240	Biosynthesis of cofactors
C06507	mmu01240	Biosynthesis of cofactors
C06508	mmu01240	Biosynthesis of cofactors
C06509	mmu01240	Biosynthesis of cofactors
C06510	mmu01240	Biosynthesis of cofactors
C07335	mmu01240	Biosynthesis of cofactors
C09332	mmu01240	Biosynthesis of cofactors
C11355	mmu01240	Biosynthesis of cofactors
C11437	mmu01240	Biosynthesis of cofactors
C11536	mmu01240	Biosynthesis of cofactors
C11537	mmu01240	Biosynthesis of cofactors
C11538	mmu01240	Biosynthesis of cofactors
C11540	mmu01240	Biosynthesis of cofactors
C11542	mmu01240	Biosynthesis of cofactors
C11543	mmu01240	Biosynthesis of cofactors
C11545	mmu01240	Biosynthesis of cofactors
C11638	mmu01240	Biosynthesis of cofactors
C13309	mmu01240	Biosynthesis of cofactors
C14151	mmu01240	Biosynthesis of cofactors
C14152	mmu01240	Biosynthesis of cofactors
C15547	mmu01240	Biosynthesis of cofactors
C15556	mmu01240	Biosynthesis of cofactors
C15670	mmu01240	Biosynthesis of cofactors
C15672	mmu01240	Biosynthesis of cofactors
C15809	mmu01240	Biosynthesis of cofactors
C15810	mmu01240	Biosynthesis of cofactors
C15812	mmu01240	Biosynthesis of cofactors
C15813	mmu01240	Biosynthesis of cofactors
C15814	mmu01240	Biosynthesis of cofactors
C15882	mmu01240	Biosynthesis of cofactors
C15883	mmu01240	Biosynthesis of cofactors
C15926	mmu01240	Biosynthesis of cofactors
C15930	mmu01240	Biosynthesis of cofactors
C15972	mmu01240	Biosynthesis of cofactors
C15973	mmu01240	Biosynthesis of cofactors
C16242	mmu01240	Biosynthesis of cofactors
C16243	mmu01240	Biosynthesis of cofactors
C16244	mmu01240	Biosynthesis of cofactors
C16519	mmu01240	Biosynthesis of cofactors
C16583	mmu01240	Biosynthesis of cofactors
C16588	mmu01240	Biosynthesis of cofactors
C16589	mmu01240	Biosynthesis of cofactors
C16597	mmu01240	Biosynthesis of cofactors
C16598	mmu01240	Biosynthesis of cofactors
C16600	mmu01240	Biosynthesis of cofactors
C16695	mmu01240	Biosynthesis of cofactors
C16999	mmu01240	Biosynthesis of cofactors
C17010	mmu01240	Biosynthesis of cofactors
C17017	mmu01240	Biosynthesis of cofactors
C17018	mmu01240	Biosynthesis of cofactors
C17401	mmu01240	Biosynthesis of cofactors
C17551	mmu01240	Biosynthesis of cofactors
C17552	mmu01240	Biosynthesis of cofactors
C17554	mmu01240	Biosynthesis of cofactors
C17559	mmu01240	Biosynthesis of cofactors
C17561	mmu01240	Biosynthesis of cofactors
C17562	mmu01240	Biosynthesis of cofactors
C17570	mmu01240	Biosynthesis of cofactors
C18237	mmu01240	Biosynthesis of cofactors
C18239	mmu01240	Biosynthesis of cofactors
C18802	mmu01240	Biosynthesis of cofactors
C18910	mmu01240	Biosynthesis of cofactors
C18911	mmu01240	Biosynthesis of cofactors
C19152	mmu01240	Biosynthesis of cofactors
C19153	mmu01240	Biosynthesis of cofactors
C19154	mmu01240	Biosynthesis of cofactors
C19155	mmu01240	Biosynthesis of cofactors
C19156	mmu01240	Biosynthesis of cofactors
C19673	mmu01240	Biosynthesis of cofactors
C19845	mmu01240	Biosynthesis of cofactors
C19846	mmu01240	Biosynthesis of cofactors
C19847	mmu01240	Biosynthesis of cofactors
C19848	mmu01240	Biosynthesis of cofactors
C19858	mmu01240	Biosynthesis of cofactors
C19859	mmu01240	Biosynthesis of cofactors
C20246	mmu01240	Biosynthesis of cofactors
C20247	mmu01240	Biosynthesis of cofactors
C20264	mmu01240	Biosynthesis of cofactors
C20265	mmu01240	Biosynthesis of cofactors
C20372	mmu01240	Biosynthesis of cofactors
C20373	mmu01240	Biosynthesis of cofactors
C20374	mmu01240	Biosynthesis of cofactors
C20375	mmu01240	Biosynthesis of cofactors
C20376	mmu01240	Biosynthesis of cofactors
C20377	mmu01240	Biosynthesis of cofactors
C20378	mmu01240	Biosynthesis of cofactors
C20562	mmu01240	Biosynthesis of cofactors
C20683	mmu01240	Biosynthesis of cofactors
C20772	mmu01240	Biosynthesis of cofactors
C20773	mmu01240	Biosynthesis of cofactors
C20784	mmu01240	Biosynthesis of cofactors
C20926	mmu01240	Biosynthesis of cofactors
C20954	mmu01240	Biosynthesis of cofactors
C21068	mmu01240	Biosynthesis of cofactors
C21069	mmu01240	Biosynthesis of cofactors
C21070	mmu01240	Biosynthesis of cofactors
C21084	mmu01240	Biosynthesis of cofactors
C21284	mmu01240	Biosynthesis of cofactors
C21310	mmu01240	Biosynthesis of cofactors
C21510	mmu01240	Biosynthesis of cofactors
C21511	mmu01240	Biosynthesis of cofactors
C21512	mmu01240	Biosynthesis of cofactors
C21621	mmu01240	Biosynthesis of cofactors
C21835	mmu01240	Biosynthesis of cofactors
C21860	mmu01240	Biosynthesis of cofactors
C21971	mmu01240	Biosynthesis of cofactors
C22039	mmu01240	Biosynthesis of cofactors
C22159	mmu01240	Biosynthesis of cofactors
C22160	mmu01240	Biosynthesis of cofactors
C22458	mmu01240	Biosynthesis of cofactors
C00029	mmu01250	Biosynthesis of nucleotide sugars
C00043	mmu01250	Biosynthesis of nucleotide sugars
C00052	mmu01250	Biosynthesis of nucleotide sugars
C00085	mmu01250	Biosynthesis of nucleotide sugars
C00095	mmu01250	Biosynthesis of nucleotide sugars
C00096	mmu01250	Biosynthesis of nucleotide sugars
C00103	mmu01250	Biosynthesis of nucleotide sugars
C00128	mmu01250	Biosynthesis of nucleotide sugars
C00137	mmu01250	Biosynthesis of nucleotide sugars
C00140	mmu01250	Biosynthesis of nucleotide sugars
C00159	mmu01250	Biosynthesis of nucleotide sugars
C00167	mmu01250	Biosynthesis of nucleotide sugars
C00190	mmu01250	Biosynthesis of nucleotide sugars
C00191	mmu01250	Biosynthesis of nucleotide sugars
C00199	mmu01250	Biosynthesis of nucleotide sugars
C00203	mmu01250	Biosynthesis of nucleotide sugars
C00216	mmu01250	Biosynthesis of nucleotide sugars
C00259	mmu01250	Biosynthesis of nucleotide sugars
C00267	mmu01250	Biosynthesis of nucleotide sugars
C00270	mmu01250	Biosynthesis of nucleotide sugars
C00275	mmu01250	Biosynthesis of nucleotide sugars
C00325	mmu01250	Biosynthesis of nucleotide sugars
C00329	mmu01250	Biosynthesis of nucleotide sugars
C00333	mmu01250	Biosynthesis of nucleotide sugars
C00352	mmu01250	Biosynthesis of nucleotide sugars
C00357	mmu01250	Biosynthesis of nucleotide sugars
C00394	mmu01250	Biosynthesis of nucleotide sugars
C00446	mmu01250	Biosynthesis of nucleotide sugars
C00498	mmu01250	Biosynthesis of nucleotide sugars
C00501	mmu01250	Biosynthesis of nucleotide sugars
C00617	mmu01250	Biosynthesis of nucleotide sugars
C00636	mmu01250	Biosynthesis of nucleotide sugars
C00645	mmu01250	Biosynthesis of nucleotide sugars
C00668	mmu01250	Biosynthesis of nucleotide sugars
C00688	mmu01250	Biosynthesis of nucleotide sugars
C00842	mmu01250	Biosynthesis of nucleotide sugars
C00935	mmu01250	Biosynthesis of nucleotide sugars
C00976	mmu01250	Biosynthesis of nucleotide sugars
C00984	mmu01250	Biosynthesis of nucleotide sugars
C01019	mmu01250	Biosynthesis of nucleotide sugars
C01050	mmu01250	Biosynthesis of nucleotide sugars
C01112	mmu01250	Biosynthesis of nucleotide sugars
C01132	mmu01250	Biosynthesis of nucleotide sugars
C01170	mmu01250	Biosynthesis of nucleotide sugars
C01187	mmu01250	Biosynthesis of nucleotide sugars
C01219	mmu01250	Biosynthesis of nucleotide sugars
C01222	mmu01250	Biosynthesis of nucleotide sugars
C01623	mmu01250	Biosynthesis of nucleotide sugars
C01788	mmu01250	Biosynthesis of nucleotide sugars
C02199	mmu01250	Biosynthesis of nucleotide sugars
C02280	mmu01250	Biosynthesis of nucleotide sugars
C02713	mmu01250	Biosynthesis of nucleotide sugars
C02977	mmu01250	Biosynthesis of nucleotide sugars
C02985	mmu01250	Biosynthesis of nucleotide sugars
C03117	mmu01250	Biosynthesis of nucleotide sugars
C03187	mmu01250	Biosynthesis of nucleotide sugars
C03319	mmu01250	Biosynthesis of nucleotide sugars
C03442	mmu01250	Biosynthesis of nucleotide sugars
C03598	mmu01250	Biosynthesis of nucleotide sugars
C03599	mmu01250	Biosynthesis of nucleotide sugars
C03691	mmu01250	Biosynthesis of nucleotide sugars
C03733	mmu01250	Biosynthesis of nucleotide sugars
C03906	mmu01250	Biosynthesis of nucleotide sugars
C04037	mmu01250	Biosynthesis of nucleotide sugars
C04089	mmu01250	Biosynthesis of nucleotide sugars
C04121	mmu01250	Biosynthesis of nucleotide sugars
C04257	mmu01250	Biosynthesis of nucleotide sugars
C04268	mmu01250	Biosynthesis of nucleotide sugars
C04297	mmu01250	Biosynthesis of nucleotide sugars
C04346	mmu01250	Biosynthesis of nucleotide sugars
C04478	mmu01250	Biosynthesis of nucleotide sugars
C04501	mmu01250	Biosynthesis of nucleotide sugars
C04573	mmu01250	Biosynthesis of nucleotide sugars
C04613	mmu01250	Biosynthesis of nucleotide sugars
C04630	mmu01250	Biosynthesis of nucleotide sugars
C04631	mmu01250	Biosynthesis of nucleotide sugars
C05382	mmu01250	Biosynthesis of nucleotide sugars
C05385	mmu01250	Biosynthesis of nucleotide sugars
C06018	mmu01250	Biosynthesis of nucleotide sugars
C06156	mmu01250	Biosynthesis of nucleotide sugars
C06240	mmu01250	Biosynthesis of nucleotide sugars
C06241	mmu01250	Biosynthesis of nucleotide sugars
C06377	mmu01250	Biosynthesis of nucleotide sugars
C06397	mmu01250	Biosynthesis of nucleotide sugars
C06398	mmu01250	Biosynthesis of nucleotide sugars
C06620	mmu01250	Biosynthesis of nucleotide sugars
C07277	mmu01250	Biosynthesis of nucleotide sugars
C07836	mmu01250	Biosynthesis of nucleotide sugars
C07838	mmu01250	Biosynthesis of nucleotide sugars
C11460	mmu01250	Biosynthesis of nucleotide sugars
C11472	mmu01250	Biosynthesis of nucleotide sugars
C11521	mmu01250	Biosynthesis of nucleotide sugars
C11907	mmu01250	Biosynthesis of nucleotide sugars
C11908	mmu01250	Biosynthesis of nucleotide sugars
C11909	mmu01250	Biosynthesis of nucleotide sugars
C11910	mmu01250	Biosynthesis of nucleotide sugars
C11911	mmu01250	Biosynthesis of nucleotide sugars
C11912	mmu01250	Biosynthesis of nucleotide sugars
C11915	mmu01250	Biosynthesis of nucleotide sugars
C11916	mmu01250	Biosynthesis of nucleotide sugars
C11919	mmu01250	Biosynthesis of nucleotide sugars
C11920	mmu01250	Biosynthesis of nucleotide sugars
C11921	mmu01250	Biosynthesis of nucleotide sugars
C11922	mmu01250	Biosynthesis of nucleotide sugars
C11925	mmu01250	Biosynthesis of nucleotide sugars
C11926	mmu01250	Biosynthesis of nucleotide sugars
C11927	mmu01250	Biosynthesis of nucleotide sugars
C11928	mmu01250	Biosynthesis of nucleotide sugars
C11933	mmu01250	Biosynthesis of nucleotide sugars
C12210	mmu01250	Biosynthesis of nucleotide sugars
C12211	mmu01250	Biosynthesis of nucleotide sugars
C12318	mmu01250	Biosynthesis of nucleotide sugars
C12319	mmu01250	Biosynthesis of nucleotide sugars
C12320	mmu01250	Biosynthesis of nucleotide sugars
C12321	mmu01250	Biosynthesis of nucleotide sugars
C12322	mmu01250	Biosynthesis of nucleotide sugars
C12481	mmu01250	Biosynthesis of nucleotide sugars
C13952	mmu01250	Biosynthesis of nucleotide sugars
C15925	mmu01250	Biosynthesis of nucleotide sugars
C16153	mmu01250	Biosynthesis of nucleotide sugars
C16154	mmu01250	Biosynthesis of nucleotide sugars
C16155	mmu01250	Biosynthesis of nucleotide sugars
C16183	mmu01250	Biosynthesis of nucleotide sugars
C16698	mmu01250	Biosynthesis of nucleotide sugars
C17269	mmu01250	Biosynthesis of nucleotide sugars
C17280	mmu01250	Biosynthesis of nucleotide sugars
C17281	mmu01250	Biosynthesis of nucleotide sugars
C17326	mmu01250	Biosynthesis of nucleotide sugars
C17327	mmu01250	Biosynthesis of nucleotide sugars
C17328	mmu01250	Biosynthesis of nucleotide sugars
C18029	mmu01250	Biosynthesis of nucleotide sugars
C18030	mmu01250	Biosynthesis of nucleotide sugars
C18031	mmu01250	Biosynthesis of nucleotide sugars
C18032	mmu01250	Biosynthesis of nucleotide sugars
C18033	mmu01250	Biosynthesis of nucleotide sugars
C18034	mmu01250	Biosynthesis of nucleotide sugars
C18035	mmu01250	Biosynthesis of nucleotide sugars
C18060	mmu01250	Biosynthesis of nucleotide sugars
C18092	mmu01250	Biosynthesis of nucleotide sugars
C18094	mmu01250	Biosynthesis of nucleotide sugars
C19725	mmu01250	Biosynthesis of nucleotide sugars
C19745	mmu01250	Biosynthesis of nucleotide sugars
C19769	mmu01250	Biosynthesis of nucleotide sugars
C19823	mmu01250	Biosynthesis of nucleotide sugars
C19878	mmu01250	Biosynthesis of nucleotide sugars
C19879	mmu01250	Biosynthesis of nucleotide sugars
C19880	mmu01250	Biosynthesis of nucleotide sugars
C19881	mmu01250	Biosynthesis of nucleotide sugars
C19947	mmu01250	Biosynthesis of nucleotide sugars
C19948	mmu01250	Biosynthesis of nucleotide sugars
C19960	mmu01250	Biosynthesis of nucleotide sugars
C19961	mmu01250	Biosynthesis of nucleotide sugars
C19971	mmu01250	Biosynthesis of nucleotide sugars
C19972	mmu01250	Biosynthesis of nucleotide sugars
C20082	mmu01250	Biosynthesis of nucleotide sugars
C20083	mmu01250	Biosynthesis of nucleotide sugars
C20156	mmu01250	Biosynthesis of nucleotide sugars
C20357	mmu01250	Biosynthesis of nucleotide sugars
C20359	mmu01250	Biosynthesis of nucleotide sugars
C20395	mmu01250	Biosynthesis of nucleotide sugars
C20415	mmu01250	Biosynthesis of nucleotide sugars
C20418	mmu01250	Biosynthesis of nucleotide sugars
C20419	mmu01250	Biosynthesis of nucleotide sugars
C20424	mmu01250	Biosynthesis of nucleotide sugars
C20612	mmu01250	Biosynthesis of nucleotide sugars
C20613	mmu01250	Biosynthesis of nucleotide sugars
C20638	mmu01250	Biosynthesis of nucleotide sugars
C20672	mmu01250	Biosynthesis of nucleotide sugars
C20682	mmu01250	Biosynthesis of nucleotide sugars
C20768	mmu01250	Biosynthesis of nucleotide sugars
C20769	mmu01250	Biosynthesis of nucleotide sugars
C20774	mmu01250	Biosynthesis of nucleotide sugars
C20934	mmu01250	Biosynthesis of nucleotide sugars
C21027	mmu01250	Biosynthesis of nucleotide sugars
C21071	mmu01250	Biosynthesis of nucleotide sugars
C21073	mmu01250	Biosynthesis of nucleotide sugars
C21074	mmu01250	Biosynthesis of nucleotide sugars
C21137	mmu01250	Biosynthesis of nucleotide sugars
C21383	mmu01250	Biosynthesis of nucleotide sugars
C21384	mmu01250	Biosynthesis of nucleotide sugars
C22029	mmu01250	Biosynthesis of nucleotide sugars
C22245	mmu01250	Biosynthesis of nucleotide sugars
C22246	mmu01250	Biosynthesis of nucleotide sugars
C22247	mmu01250	Biosynthesis of nucleotide sugars
C22248	mmu01250	Biosynthesis of nucleotide sugars
C22249	mmu01250	Biosynthesis of nucleotide sugars
C22250	mmu01250	Biosynthesis of nucleotide sugars
C22251	mmu01250	Biosynthesis of nucleotide sugars
C22252	mmu01250	Biosynthesis of nucleotide sugars
C22253	mmu01250	Biosynthesis of nucleotide sugars
C22254	mmu01250	Biosynthesis of nucleotide sugars
C22255	mmu01250	Biosynthesis of nucleotide sugars
C22256	mmu01250	Biosynthesis of nucleotide sugars
C22257	mmu01250	Biosynthesis of nucleotide sugars
C22261	mmu01250	Biosynthesis of nucleotide sugars
C22262	mmu01250	Biosynthesis of nucleotide sugars
C22270	mmu01250	Biosynthesis of nucleotide sugars
C22276	mmu01250	Biosynthesis of nucleotide sugars
C22397	mmu01250	Biosynthesis of nucleotide sugars
C22575	mmu01250	Biosynthesis of nucleotide sugars
C22576	mmu01250	Biosynthesis of nucleotide sugars
C22938	mmu01250	Biosynthesis of nucleotide sugars
C22973	mmu01250	Biosynthesis of nucleotide sugars
C00053	mmu01320	Sulfur cycle
C00059	mmu01320	Sulfur cycle
C00073	mmu01320	Sulfur cycle
C00087	mmu01320	Sulfur cycle
C00094	mmu01320	Sulfur cycle
C00097	mmu01320	Sulfur cycle
C00224	mmu01320	Sulfur cycle
C00283	mmu01320	Sulfur cycle
C00320	mmu01320	Sulfur cycle
C00511	mmu01320	Sulfur cycle
C00580	mmu01320	Sulfur cycle
C00894	mmu01320	Sulfur cycle
C01013	mmu01320	Sulfur cycle
C02084	mmu01320	Sulfur cycle
C04022	mmu01320	Sulfur cycle
C09306	mmu01320	Sulfur cycle
C00165	mmu01521	EGFR tyrosine kinase inhibitor resistance
C05981	mmu01521	EGFR tyrosine kinase inhibitor resistance
C00280	mmu01522	Endocrine resistance
C00535	mmu01522	Endocrine resistance
C00575	mmu01522	Endocrine resistance
C00951	mmu01522	Endocrine resistance
C16547	mmu01522	Endocrine resistance
C00020	mmu01523	Antifolate resistance
C00073	mmu01523	Antifolate resistance
C00101	mmu01523	Antifolate resistance
C00119	mmu01523	Antifolate resistance
C00130	mmu01523	Antifolate resistance
C00143	mmu01523	Antifolate resistance
C00144	mmu01523	Antifolate resistance
C00155	mmu01523	Antifolate resistance
C00234	mmu01523	Antifolate resistance
C00364	mmu01523	Antifolate resistance
C00365	mmu01523	Antifolate resistance
C00415	mmu01523	Antifolate resistance
C00440	mmu01523	Antifolate resistance
C00504	mmu01523	Antifolate resistance
C11374	mmu01523	Antifolate resistance
C21279	mmu01523	Antifolate resistance
C21280	mmu01523	Antifolate resistance
C00009	mmu02010	ABC transporters
C00025	mmu02010	ABC transporters
C00031	mmu02010	ABC transporters
C00032	mmu02010	ABC transporters
C00034	mmu02010	ABC transporters
C00037	mmu02010	ABC transporters
C00038	mmu02010	ABC transporters
C00041	mmu02010	ABC transporters
C00047	mmu02010	ABC transporters
C00049	mmu02010	ABC transporters
C00051	mmu02010	ABC transporters
C00059	mmu02010	ABC transporters
C00062	mmu02010	ABC transporters
C00064	mmu02010	ABC transporters
C00065	mmu02010	ABC transporters
C00070	mmu02010	ABC transporters
C00077	mmu02010	ABC transporters
C00079	mmu02010	ABC transporters
C00086	mmu02010	ABC transporters
C00088	mmu02010	ABC transporters
C00089	mmu02010	ABC transporters
C00093	mmu02010	ABC transporters
C00095	mmu02010	ABC transporters
C00098	mmu02010	ABC transporters
C00107	mmu02010	ABC transporters
C00114	mmu02010	ABC transporters
C00116	mmu02010	ABC transporters
C00120	mmu02010	ABC transporters
C00121	mmu02010	ABC transporters
C00123	mmu02010	ABC transporters
C00134	mmu02010	ABC transporters
C00135	mmu02010	ABC transporters
C00137	mmu02010	ABC transporters
C00140	mmu02010	ABC transporters
C00148	mmu02010	ABC transporters
C00151	mmu02010	ABC transporters
C00159	mmu02010	ABC transporters
C00175	mmu02010	ABC transporters
C00181	mmu02010	ABC transporters
C00183	mmu02010	ABC transporters
C00185	mmu02010	ABC transporters
C00188	mmu02010	ABC transporters
C00208	mmu02010	ABC transporters
C00212	mmu02010	ABC transporters
C00243	mmu02010	ABC transporters
C00244	mmu02010	ABC transporters
C00245	mmu02010	ABC transporters
C00255	mmu02010	ABC transporters
C00259	mmu02010	ABC transporters
C00288	mmu02010	ABC transporters
C00291	mmu02010	ABC transporters
C00294	mmu02010	ABC transporters
C00299	mmu02010	ABC transporters
C00315	mmu02010	ABC transporters
C00320	mmu02010	ABC transporters
C00330	mmu02010	ABC transporters
C00333	mmu02010	ABC transporters
C00338	mmu02010	ABC transporters
C00378	mmu02010	ABC transporters
C00379	mmu02010	ABC transporters
C00387	mmu02010	ABC transporters
C00392	mmu02010	ABC transporters
C00407	mmu02010	ABC transporters
C00430	mmu02010	ABC transporters
C00470	mmu02010	ABC transporters
C00475	mmu02010	ABC transporters
C00487	mmu02010	ABC transporters
C00491	mmu02010	ABC transporters
C00492	mmu02010	ABC transporters
C00503	mmu02010	ABC transporters
C00526	mmu02010	ABC transporters
C00559	mmu02010	ABC transporters
C00719	mmu02010	ABC transporters
C00794	mmu02010	ABC transporters
C00855	mmu02010	ABC transporters
C00865	mmu02010	ABC transporters
C00881	mmu02010	ABC transporters
C00919	mmu02010	ABC transporters
C00973	mmu02010	ABC transporters
C01083	mmu02010	ABC transporters
C01153	mmu02010	ABC transporters
C01157	mmu02010	ABC transporters
C01177	mmu02010	ABC transporters
C01181	mmu02010	ABC transporters
C01279	mmu02010	ABC transporters
C01330	mmu02010	ABC transporters
C01417	mmu02010	ABC transporters
C01487	mmu02010	ABC transporters
C01606	mmu02010	ABC transporters
C01630	mmu02010	ABC transporters
C01667	mmu02010	ABC transporters
C01674	mmu02010	ABC transporters
C01682	mmu02010	ABC transporters
C01684	mmu02010	ABC transporters
C01762	mmu02010	ABC transporters
C01834	mmu02010	ABC transporters
C01835	mmu02010	ABC transporters
C01935	mmu02010	ABC transporters
C01946	mmu02010	ABC transporters
C02160	mmu02010	ABC transporters
C02273	mmu02010	ABC transporters
C03557	mmu02010	ABC transporters
C03611	mmu02010	ABC transporters
C03619	mmu02010	ABC transporters
C04114	mmu02010	ABC transporters
C04137	mmu02010	ABC transporters
C05349	mmu02010	ABC transporters
C05402	mmu02010	ABC transporters
C05512	mmu02010	ABC transporters
C05776	mmu02010	ABC transporters
C06227	mmu02010	ABC transporters
C06229	mmu02010	ABC transporters
C06230	mmu02010	ABC transporters
C06232	mmu02010	ABC transporters
C06687	mmu02010	ABC transporters
C06705	mmu02010	ABC transporters
C06706	mmu02010	ABC transporters
C06707	mmu02010	ABC transporters
C06767	mmu02010	ABC transporters
C07662	mmu02010	ABC transporters
C07663	mmu02010	ABC transporters
C11612	mmu02010	ABC transporters
C13768	mmu02010	ABC transporters
C14818	mmu02010	ABC transporters
C14819	mmu02010	ABC transporters
C15521	mmu02010	ABC transporters
C15719	mmu02010	ABC transporters
C16421	mmu02010	ABC transporters
C16692	mmu02010	ABC transporters
C19609	mmu02010	ABC transporters
C19872	mmu02010	ABC transporters
C20570	mmu02010	ABC transporters
C20571	mmu02010	ABC transporters
C20572	mmu02010	ABC transporters
C20573	mmu02010	ABC transporters
C20679	mmu02010	ABC transporters
C21066	mmu02010	ABC transporters
C22040	mmu02010	ABC transporters
C00925	mmu03260	Virion - Human immunodeficiency virus
C00607	mmu03264	Virion - Flavivirus and Alphavirus
C00925	mmu03264	Virion - Flavivirus and Alphavirus
C00925	mmu03272	Virion - Hepatitis viruses
C02165	mmu03320	PPAR signaling pathway
C14762	mmu03320	PPAR signaling pathway
C14767	mmu03320	PPAR signaling pathway
C14776	mmu03320	PPAR signaling pathway
C15493	mmu03320	PPAR signaling pathway
C00076	mmu04010	MAPK signaling pathway
C00165	mmu04010	MAPK signaling pathway
C00338	mmu04010	MAPK signaling pathway
C00575	mmu04010	MAPK signaling pathway
C01245	mmu04010	MAPK signaling pathway
C00076	mmu04012	ErbB signaling pathway
C00165	mmu04012	ErbB signaling pathway
C01245	mmu04012	ErbB signaling pathway
C05981	mmu04012	ErbB signaling pathway
C00035	mmu04014	Ras signaling pathway
C00044	mmu04014	Ras signaling pathway
C00076	mmu04014	Ras signaling pathway
C00165	mmu04014	Ras signaling pathway
C00575	mmu04014	Ras signaling pathway
C01245	mmu04014	Ras signaling pathway
C05981	mmu04014	Ras signaling pathway
C00035	mmu04015	Rap1 signaling pathway
C00044	mmu04015	Rap1 signaling pathway
C00076	mmu04015	Rap1 signaling pathway
C00165	mmu04015	Rap1 signaling pathway
C00575	mmu04015	Rap1 signaling pathway
C00002	mmu04020	Calcium signaling pathway
C00004	mmu04020	Calcium signaling pathway
C00076	mmu04020	Calcium signaling pathway
C00165	mmu04020	Calcium signaling pathway
C00575	mmu04020	Calcium signaling pathway
C01245	mmu04020	Calcium signaling pathway
C01330	mmu04020	Calcium signaling pathway
C06124	mmu04020	Calcium signaling pathway
C11556	mmu04020	Calcium signaling pathway
C13050	mmu04020	Calcium signaling pathway
C13051	mmu04020	Calcium signaling pathway
C00020	mmu04022	cGMP-PKG signaling pathway
C00027	mmu04022	cGMP-PKG signaling pathway
C00076	mmu04022	cGMP-PKG signaling pathway
C00144	mmu04022	cGMP-PKG signaling pathway
C00212	mmu04022	cGMP-PKG signaling pathway
C00238	mmu04022	cGMP-PKG signaling pathway
C00533	mmu04022	cGMP-PKG signaling pathway
C00575	mmu04022	cGMP-PKG signaling pathway
C00942	mmu04022	cGMP-PKG signaling pathway
C01245	mmu04022	cGMP-PKG signaling pathway
C00020	mmu04024	cAMP signaling pathway
C00042	mmu04024	cAMP signaling pathway
C00076	mmu04024	cAMP signaling pathway
C00080	mmu04024	cAMP signaling pathway
C00165	mmu04024	cAMP signaling pathway
C00186	mmu04024	cAMP signaling pathway
C00212	mmu04024	cAMP signaling pathway
C00238	mmu04024	cAMP signaling pathway
C00288	mmu04024	cAMP signaling pathway
C00334	mmu04024	cAMP signaling pathway
C00416	mmu04024	cAMP signaling pathway
C00547	mmu04024	cAMP signaling pathway
C00575	mmu04024	cAMP signaling pathway
C00584	mmu04024	cAMP signaling pathway
C00698	mmu04024	cAMP signaling pathway
C00780	mmu04024	cAMP signaling pathway
C00788	mmu04024	cAMP signaling pathway
C01089	mmu04024	cAMP signaling pathway
C01245	mmu04024	cAMP signaling pathway
C01312	mmu04024	cAMP signaling pathway
C01330	mmu04024	cAMP signaling pathway
C01996	mmu04024	cAMP signaling pathway
C03758	mmu04024	cAMP signaling pathway
C20792	mmu04024	cAMP signaling pathway
C20793	mmu04024	cAMP signaling pathway
C00076	mmu04062	Chemokine signaling pathway
C00165	mmu04062	Chemokine signaling pathway
C00575	mmu04062	Chemokine signaling pathway
C01245	mmu04062	Chemokine signaling pathway
C05981	mmu04062	Chemokine signaling pathway
C00076	mmu04064	NF-kappa B signaling pathway
C00165	mmu04064	NF-kappa B signaling pathway
C01245	mmu04064	NF-kappa B signaling pathway
C00002	mmu04066	HIF-1 signaling pathway
C00007	mmu04066	HIF-1 signaling pathway
C00022	mmu04066	HIF-1 signaling pathway
C00024	mmu04066	HIF-1 signaling pathway
C00026	mmu04066	HIF-1 signaling pathway
C00031	mmu04066	HIF-1 signaling pathway
C00072	mmu04066	HIF-1 signaling pathway
C00076	mmu04066	HIF-1 signaling pathway
C00165	mmu04066	HIF-1 signaling pathway
C00186	mmu04066	HIF-1 signaling pathway
C00338	mmu04066	HIF-1 signaling pathway
C00533	mmu04066	HIF-1 signaling pathway
C00704	mmu04066	HIF-1 signaling pathway
C01245	mmu04066	HIF-1 signaling pathway
C14818	mmu04066	HIF-1 signaling pathway
C00008	mmu04068	FoxO signaling pathway
C00020	mmu04068	FoxO signaling pathway
C00025	mmu04068	FoxO signaling pathway
C00031	mmu04068	FoxO signaling pathway
C05981	mmu04068	FoxO signaling pathway
C00076	mmu04070	Phosphatidylinositol signaling system
C00137	mmu04070	Phosphatidylinositol signaling system
C00269	mmu04070	Phosphatidylinositol signaling system
C00416	mmu04070	Phosphatidylinositol signaling system
C00641	mmu04070	Phosphatidylinositol signaling system
C01177	mmu04070	Phosphatidylinositol signaling system
C01194	mmu04070	Phosphatidylinositol signaling system
C01204	mmu04070	Phosphatidylinositol signaling system
C01220	mmu04070	Phosphatidylinositol signaling system
C01243	mmu04070	Phosphatidylinositol signaling system
C01245	mmu04070	Phosphatidylinositol signaling system
C01272	mmu04070	Phosphatidylinositol signaling system
C01277	mmu04070	Phosphatidylinositol signaling system
C01284	mmu04070	Phosphatidylinositol signaling system
C03546	mmu04070	Phosphatidylinositol signaling system
C04006	mmu04070	Phosphatidylinositol signaling system
C04062	mmu04070	Phosphatidylinositol signaling system
C04063	mmu04070	Phosphatidylinositol signaling system
C04477	mmu04070	Phosphatidylinositol signaling system
C04549	mmu04070	Phosphatidylinositol signaling system
C04637	mmu04070	Phosphatidylinositol signaling system
C05981	mmu04070	Phosphatidylinositol signaling system
C11174	mmu04070	Phosphatidylinositol signaling system
C11526	mmu04070	Phosphatidylinositol signaling system
C11554	mmu04070	Phosphatidylinositol signaling system
C11555	mmu04070	Phosphatidylinositol signaling system
C11556	mmu04070	Phosphatidylinositol signaling system
C11557	mmu04070	Phosphatidylinositol signaling system
C20690	mmu04070	Phosphatidylinositol signaling system
C00065	mmu04071	Sphingolipid signaling pathway
C00154	mmu04071	Sphingolipid signaling pathway
C00165	mmu04071	Sphingolipid signaling pathway
C00195	mmu04071	Sphingolipid signaling pathway
C00212	mmu04071	Sphingolipid signaling pathway
C00319	mmu04071	Sphingolipid signaling pathway
C00346	mmu04071	Sphingolipid signaling pathway
C00533	mmu04071	Sphingolipid signaling pathway
C00550	mmu04071	Sphingolipid signaling pathway
C00836	mmu04071	Sphingolipid signaling pathway
C01245	mmu04071	Sphingolipid signaling pathway
C05981	mmu04071	Sphingolipid signaling pathway
C06124	mmu04071	Sphingolipid signaling pathway
C12126	mmu04071	Sphingolipid signaling pathway
C16845	mmu04071	Sphingolipid signaling pathway
C00025	mmu04072	Phospholipase D signaling pathway
C00076	mmu04072	Phospholipase D signaling pathway
C00165	mmu04072	Phospholipase D signaling pathway
C00416	mmu04072	Phospholipase D signaling pathway
C00575	mmu04072	Phospholipase D signaling pathway
C00639	mmu04072	Phospholipase D signaling pathway
C00681	mmu04072	Phospholipase D signaling pathway
C01245	mmu04072	Phospholipase D signaling pathway
C04637	mmu04072	Phospholipase D signaling pathway
C05981	mmu04072	Phospholipase D signaling pathway
C06124	mmu04072	Phospholipase D signaling pathway
C00002	mmu04080	Neuroactive ligand-receptor interaction
C00008	mmu04080	Neuroactive ligand-receptor interaction
C00015	mmu04080	Neuroactive ligand-receptor interaction
C00025	mmu04080	Neuroactive ligand-receptor interaction
C00037	mmu04080	Neuroactive ligand-receptor interaction
C00049	mmu04080	Neuroactive ligand-receptor interaction
C00075	mmu04080	Neuroactive ligand-receptor interaction
C00099	mmu04080	Neuroactive ligand-receptor interaction
C00212	mmu04080	Neuroactive ligand-receptor interaction
C00245	mmu04080	Neuroactive ligand-receptor interaction
C00334	mmu04080	Neuroactive ligand-receptor interaction
C00388	mmu04080	Neuroactive ligand-receptor interaction
C00398	mmu04080	Neuroactive ligand-receptor interaction
C00410	mmu04080	Neuroactive ligand-receptor interaction
C00483	mmu04080	Neuroactive ligand-receptor interaction
C00506	mmu04080	Neuroactive ligand-receptor interaction
C00547	mmu04080	Neuroactive ligand-receptor interaction
C00584	mmu04080	Neuroactive ligand-receptor interaction
C00639	mmu04080	Neuroactive ligand-receptor interaction
C00681	mmu04080	Neuroactive ligand-receptor interaction
C00696	mmu04080	Neuroactive ligand-receptor interaction
C00735	mmu04080	Neuroactive ligand-receptor interaction
C00780	mmu04080	Neuroactive ligand-receptor interaction
C00788	mmu04080	Neuroactive ligand-receptor interaction
C01120	mmu04080	Neuroactive ligand-receptor interaction
C01312	mmu04080	Neuroactive ligand-receptor interaction
C01516	mmu04080	Neuroactive ligand-receptor interaction
C01598	mmu04080	Neuroactive ligand-receptor interaction
C01829	mmu04080	Neuroactive ligand-receptor interaction
C01996	mmu04080	Neuroactive ligand-receptor interaction
C02165	mmu04080	Neuroactive ligand-receptor interaction
C02166	mmu04080	Neuroactive ligand-receptor interaction
C02198	mmu04080	Neuroactive ligand-receptor interaction
C02465	mmu04080	Neuroactive ligand-receptor interaction
C03758	mmu04080	Neuroactive ligand-receptor interaction
C04227	mmu04080	Neuroactive ligand-receptor interaction
C04598	mmu04080	Neuroactive ligand-receptor interaction
C05113	mmu04080	Neuroactive ligand-receptor interaction
C05951	mmu04080	Neuroactive ligand-receptor interaction
C05952	mmu04080	Neuroactive ligand-receptor interaction
C06124	mmu04080	Neuroactive ligand-receptor interaction
C06314	mmu04080	Neuroactive ligand-receptor interaction
C06865	mmu04080	Neuroactive ligand-receptor interaction
C11695	mmu04080	Neuroactive ligand-receptor interaction
C12270	mmu04080	Neuroactive ligand-receptor interaction
C12271	mmu04080	Neuroactive ligand-receptor interaction
C12272	mmu04080	Neuroactive ligand-receptor interaction
C13856	mmu04080	Neuroactive ligand-receptor interaction
C15890	mmu04080	Neuroactive ligand-receptor interaction
C15891	mmu04080	Neuroactive ligand-receptor interaction
C15995	mmu04080	Neuroactive ligand-receptor interaction
C16511	mmu04080	Neuroactive ligand-receptor interaction
C16512	mmu04080	Neuroactive ligand-receptor interaction
C00547	mmu04081	Hormone signaling
C00575	mmu04081	Hormone signaling
C00788	mmu04081	Hormone signaling
C00942	mmu04081	Hormone signaling
C00951	mmu04081	Hormone signaling
C01829	mmu04081	Hormone signaling
C02017	mmu04081	Hormone signaling
C02210	mmu04081	Hormone signaling
C02465	mmu04081	Hormone signaling
C02758	mmu04081	Hormone signaling
C03758	mmu04081	Hormone signaling
C14818	mmu04081	Hormone signaling
C14819	mmu04081	Hormone signaling
C16000	mmu04081	Hormone signaling
C16048	mmu04081	Hormone signaling
C16125	mmu04081	Hormone signaling
C16126	mmu04081	Hormone signaling
C16136	mmu04081	Hormone signaling
C16137	mmu04081	Hormone signaling
C00002	mmu04082	Neuroactive ligand signaling
C00008	mmu04082	Neuroactive ligand signaling
C00015	mmu04082	Neuroactive ligand signaling
C00025	mmu04082	Neuroactive ligand signaling
C00029	mmu04082	Neuroactive ligand signaling
C00037	mmu04082	Neuroactive ligand signaling
C00075	mmu04082	Neuroactive ligand signaling
C00076	mmu04082	Neuroactive ligand signaling
C00114	mmu04082	Neuroactive ligand signaling
C00165	mmu04082	Neuroactive ligand signaling
C00212	mmu04082	Neuroactive ligand signaling
C00334	mmu04082	Neuroactive ligand signaling
C00388	mmu04082	Neuroactive ligand signaling
C00547	mmu04082	Neuroactive ligand signaling
C00575	mmu04082	Neuroactive ligand signaling
C00698	mmu04082	Neuroactive ligand signaling
C00780	mmu04082	Neuroactive ligand signaling
C00788	mmu04082	Neuroactive ligand signaling
C01330	mmu04082	Neuroactive ligand signaling
C01996	mmu04082	Neuroactive ligand signaling
C02210	mmu04082	Neuroactive ligand signaling
C02758	mmu04082	Neuroactive ligand signaling
C03758	mmu04082	Neuroactive ligand signaling
C11684	mmu04082	Neuroactive ligand signaling
C15871	mmu04082	Neuroactive ligand signaling
C16039	mmu04082	Neuroactive ligand signaling
C16040	mmu04082	Neuroactive ligand signaling
C16041	mmu04082	Neuroactive ligand signaling
C16044	mmu04082	Neuroactive ligand signaling
C16094	mmu04082	Neuroactive ligand signaling
C16095	mmu04082	Neuroactive ligand signaling
C16096	mmu04082	Neuroactive ligand signaling
C16097	mmu04082	Neuroactive ligand signaling
C16098	mmu04082	Neuroactive ligand signaling
C16099	mmu04082	Neuroactive ligand signaling
C16100	mmu04082	Neuroactive ligand signaling
C16101	mmu04082	Neuroactive ligand signaling
C16103	mmu04082	Neuroactive ligand signaling
C16136	mmu04082	Neuroactive ligand signaling
C16137	mmu04082	Neuroactive ligand signaling
C00076	mmu04114	Oocyte meiosis
C00410	mmu04114	Oocyte meiosis
C00575	mmu04114	Oocyte meiosis
C01245	mmu04114	Oocyte meiosis
C00019	mmu04122	Sulfur relay system
C00041	mmu04122	Sulfur relay system
C00044	mmu04122	Sulfur relay system
C00097	mmu04122	Sulfur relay system
C00378	mmu04122	Sulfur relay system
C00868	mmu04122	Sulfur relay system
C00979	mmu04122	Sulfur relay system
C05924	mmu04122	Sulfur relay system
C17322	mmu04122	Sulfur relay system
C18237	mmu04122	Sulfur relay system
C18239	mmu04122	Sulfur relay system
C00350	mmu04136	Autophagy - other
C01194	mmu04136	Autophagy - other
C04549	mmu04136	Autophagy - other
C00035	mmu04137	Mitophagy - animal
C00044	mmu04137	Mitophagy - animal
C00035	mmu04140	Autophagy - animal
C00044	mmu04140	Autophagy - animal
C00350	mmu04140	Autophagy - animal
C01194	mmu04140	Autophagy - animal
C04549	mmu04140	Autophagy - animal
C05981	mmu04140	Autophagy - animal
C00076	mmu04141	Protein processing in endoplasmic reticulum
C00002	mmu04142	Lysosome biogenesis
C00008	mmu04142	Lysosome biogenesis
C00035	mmu04144	Endocytosis
C00044	mmu04144	Endocytosis
C04549	mmu04144	Endocytosis
C04637	mmu04144	Endocytosis
C05981	mmu04144	Endocytosis
C11556	mmu04144	Endocytosis
C04549	mmu04145	Phagocytosis
C00002	mmu04148	Efferocytosis
C00003	mmu04148	Efferocytosis
C00019	mmu04148	Efferocytosis
C00031	mmu04148	Efferocytosis
C00062	mmu04148	Efferocytosis
C00073	mmu04148	Efferocytosis
C00075	mmu04148	Efferocytosis
C00077	mmu04148	Efferocytosis
C00134	mmu04148	Efferocytosis
C00162	mmu04148	Efferocytosis
C00186	mmu04148	Efferocytosis
C00187	mmu04148	Efferocytosis
C00584	mmu04148	Efferocytosis
C02530	mmu04148	Efferocytosis
C02737	mmu04148	Efferocytosis
C04230	mmu04148	Efferocytosis
C06124	mmu04148	Efferocytosis
C06314	mmu04148	Efferocytosis
C15519	mmu04148	Efferocytosis
C15610	mmu04148	Efferocytosis
C18178	mmu04148	Efferocytosis
C00020	mmu04150	mTOR signaling pathway
C00062	mmu04150	mTOR signaling pathway
C00123	mmu04150	mTOR signaling pathway
C05981	mmu04150	mTOR signaling pathway
C00020	mmu04151	PI3K-Akt signaling pathway
C00533	mmu04151	PI3K-Akt signaling pathway
C04637	mmu04151	PI3K-Akt signaling pathway
C05981	mmu04151	PI3K-Akt signaling pathway
C00003	mmu04152	AMPK signaling pathway
C00008	mmu04152	AMPK signaling pathway
C00020	mmu04152	AMPK signaling pathway
C00022	mmu04152	AMPK signaling pathway
C00024	mmu04152	AMPK signaling pathway
C00031	mmu04152	AMPK signaling pathway
C00040	mmu04152	AMPK signaling pathway
C00076	mmu04152	AMPK signaling pathway
C00083	mmu04152	AMPK signaling pathway
C00085	mmu04152	AMPK signaling pathway
C00162	mmu04152	AMPK signaling pathway
C00354	mmu04152	AMPK signaling pathway
C00389	mmu04152	AMPK signaling pathway
C00665	mmu04152	AMPK signaling pathway
C00668	mmu04152	AMPK signaling pathway
C00698	mmu04152	AMPK signaling pathway
C00757	mmu04152	AMPK signaling pathway
C01172	mmu04152	AMPK signaling pathway
C04677	mmu04152	AMPK signaling pathway
C05981	mmu04152	AMPK signaling pathway
C07151	mmu04152	AMPK signaling pathway
C09731	mmu04152	AMPK signaling pathway
C00032	mmu04156	Integrated stress response (ISR) signaling pathway
C00035	mmu04156	Integrated stress response (ISR) signaling pathway
C00044	mmu04156	Integrated stress response (ISR) signaling pathway
C00027	mmu04210	Apoptosis
C00076	mmu04210	Apoptosis
C00319	mmu04210	Apoptosis
C05981	mmu04210	Apoptosis
C00003	mmu04211	Longevity regulating pathway
C00020	mmu04211	Longevity regulating pathway
C00076	mmu04211	Longevity regulating pathway
C00575	mmu04211	Longevity regulating pathway
C03582	mmu04211	Longevity regulating pathway
C05981	mmu04211	Longevity regulating pathway
C07151	mmu04211	Longevity regulating pathway
C07909	mmu04211	Longevity regulating pathway
C00575	mmu04213	Longevity regulating pathway - multiple species
C05981	mmu04213	Longevity regulating pathway - multiple species
C00010	mmu04216	Ferroptosis
C00024	mmu04216	Ferroptosis
C00025	mmu04216	Ferroptosis
C00027	mmu04216	Ferroptosis
C00032	mmu04216	Ferroptosis
C00051	mmu04216	Ferroptosis
C00097	mmu04216	Ferroptosis
C00127	mmu04216	Ferroptosis
C00129	mmu04216	Ferroptosis
C00219	mmu04216	Ferroptosis
C00356	mmu04216	Ferroptosis
C00418	mmu04216	Ferroptosis
C00491	mmu04216	Ferroptosis
C00669	mmu04216	Ferroptosis
C02249	mmu04216	Ferroptosis
C02477	mmu04216	Ferroptosis
C11378	mmu04216	Ferroptosis
C14818	mmu04216	Ferroptosis
C14819	mmu04216	Ferroptosis
C16170	mmu04216	Ferroptosis
C16527	mmu04216	Ferroptosis
C16844	mmu04216	Ferroptosis
C21478	mmu04216	Ferroptosis
C21479	mmu04216	Ferroptosis
C21480	mmu04216	Ferroptosis
C21481	mmu04216	Ferroptosis
C21482	mmu04216	Ferroptosis
C21483	mmu04216	Ferroptosis
C21484	mmu04216	Ferroptosis
C00002	mmu04217	Necroptosis
C00027	mmu04217	Necroptosis
C00076	mmu04217	Necroptosis
C00195	mmu04217	Necroptosis
C00219	mmu04217	Necroptosis
C00305	mmu04217	Necroptosis
C00319	mmu04217	Necroptosis
C00550	mmu04217	Necroptosis
C14592	mmu04217	Necroptosis
C16844	mmu04217	Necroptosis
C00027	mmu04218	Cellular senescence
C00076	mmu04218	Cellular senescence
C05981	mmu04218	Cellular senescence
C07909	mmu04218	Cellular senescence
C16844	mmu04218	Cellular senescence
C00076	mmu04260	Cardiac muscle contraction
C00080	mmu04260	Cardiac muscle contraction
C00238	mmu04260	Cardiac muscle contraction
C01330	mmu04260	Cardiac muscle contraction
C00076	mmu04261	Adrenergic signaling in cardiomyocytes
C00080	mmu04261	Adrenergic signaling in cardiomyocytes
C00165	mmu04261	Adrenergic signaling in cardiomyocytes
C00238	mmu04261	Adrenergic signaling in cardiomyocytes
C00547	mmu04261	Adrenergic signaling in cardiomyocytes
C00575	mmu04261	Adrenergic signaling in cardiomyocytes
C00788	mmu04261	Adrenergic signaling in cardiomyocytes
C01245	mmu04261	Adrenergic signaling in cardiomyocytes
C01330	mmu04261	Adrenergic signaling in cardiomyocytes
C07056	mmu04261	Adrenergic signaling in cardiomyocytes
C00076	mmu04270	Vascular smooth muscle contraction
C00165	mmu04270	Vascular smooth muscle contraction
C00212	mmu04270	Vascular smooth muscle contraction
C00219	mmu04270	Vascular smooth muscle contraction
C00238	mmu04270	Vascular smooth muscle contraction
C00533	mmu04270	Vascular smooth muscle contraction
C00547	mmu04270	Vascular smooth muscle contraction
C00575	mmu04270	Vascular smooth muscle contraction
C00942	mmu04270	Vascular smooth muscle contraction
C01245	mmu04270	Vascular smooth muscle contraction
C01312	mmu04270	Vascular smooth muscle contraction
C14748	mmu04270	Vascular smooth muscle contraction
C14768	mmu04270	Vascular smooth muscle contraction
C14769	mmu04270	Vascular smooth muscle contraction
C14770	mmu04270	Vascular smooth muscle contraction
C14771	mmu04270	Vascular smooth muscle contraction
C00076	mmu04310	Wnt signaling pathway
C22528	mmu04330	Notch signaling pathway
C00575	mmu04340	Hedgehog signaling pathway
C14819	mmu04350	TGF-beta signaling pathway
C00076	mmu04360	Axon guidance
C00076	mmu04370	VEGF signaling pathway
C00165	mmu04370	VEGF signaling pathway
C00533	mmu04370	VEGF signaling pathway
C01245	mmu04370	VEGF signaling pathway
C01312	mmu04370	VEGF signaling pathway
C05981	mmu04370	VEGF signaling pathway
C00076	mmu04371	Apelin signaling pathway
C00080	mmu04371	Apelin signaling pathway
C00165	mmu04371	Apelin signaling pathway
C00290	mmu04371	Apelin signaling pathway
C00533	mmu04371	Apelin signaling pathway
C00575	mmu04371	Apelin signaling pathway
C01245	mmu04371	Apelin signaling pathway
C01330	mmu04371	Apelin signaling pathway
C06124	mmu04371	Apelin signaling pathway
C00027	mmu04380	Osteoclast differentiation
C00076	mmu04380	Osteoclast differentiation
C01245	mmu04380	Osteoclast differentiation
C00064	mmu04382	Cornified envelope formation
C00076	mmu04382	Cornified envelope formation
C00135	mmu04382	Cornified envelope formation
C00154	mmu04382	Cornified envelope formation
C00162	mmu04382	Cornified envelope formation
C00187	mmu04382	Cornified envelope formation
C00785	mmu04382	Cornified envelope formation
C00836	mmu04382	Cornified envelope formation
C01879	mmu04382	Cornified envelope formation
C02934	mmu04382	Cornified envelope formation
C22352	mmu04382	Cornified envelope formation
C22353	mmu04382	Cornified envelope formation
C23027	mmu04382	Cornified envelope formation
C23028	mmu04382	Cornified envelope formation
C23029	mmu04382	Cornified envelope formation
C23030	mmu04382	Cornified envelope formation
C04637	mmu04510	Focal adhesion
C05981	mmu04510	Focal adhesion
C00076	mmu04517	IgSF CAM signaling
C01245	mmu04517	IgSF CAM signaling
C04911	mmu04517	IgSF CAM signaling
C04927	mmu04517	IgSF CAM signaling
C06140	mmu04517	IgSF CAM signaling
C06141	mmu04517	IgSF CAM signaling
C00076	mmu04530	Tight junction
C00025	mmu04540	Gap junction
C00076	mmu04540	Gap junction
C00165	mmu04540	Gap junction
C00533	mmu04540	Gap junction
C00547	mmu04540	Gap junction
C00575	mmu04540	Gap junction
C00681	mmu04540	Gap junction
C00780	mmu04540	Gap junction
C00942	mmu04540	Gap junction
C01245	mmu04540	Gap junction
C03758	mmu04540	Gap junction
C00290	mmu04610	Complement and coagulation cascades
C00306	mmu04610	Complement and coagulation cascades
C00471	mmu04610	Complement and coagulation cascades
C00752	mmu04610	Complement and coagulation cascades
C01065	mmu04610	Complement and coagulation cascades
C01715	mmu04610	Complement and coagulation cascades
C02002	mmu04610	Complement and coagulation cascades
C03259	mmu04610	Complement and coagulation cascades
C03262	mmu04610	Complement and coagulation cascades
C03378	mmu04610	Complement and coagulation cascades
C03379	mmu04610	Complement and coagulation cascades
C03780	mmu04610	Complement and coagulation cascades
C04001	mmu04610	Complement and coagulation cascades
C16510	mmu04610	Complement and coagulation cascades
C22531	mmu04610	Complement and coagulation cascades
C22532	mmu04610	Complement and coagulation cascades
C22533	mmu04610	Complement and coagulation cascades
C22534	mmu04610	Complement and coagulation cascades
C22535	mmu04610	Complement and coagulation cascades
C22536	mmu04610	Complement and coagulation cascades
C22537	mmu04610	Complement and coagulation cascades
C22538	mmu04610	Complement and coagulation cascades
C22539	mmu04610	Complement and coagulation cascades
C22540	mmu04610	Complement and coagulation cascades
C22541	mmu04610	Complement and coagulation cascades
C22542	mmu04610	Complement and coagulation cascades
C22543	mmu04610	Complement and coagulation cascades
C22544	mmu04610	Complement and coagulation cascades
C22545	mmu04610	Complement and coagulation cascades
C22546	mmu04610	Complement and coagulation cascades
C22547	mmu04610	Complement and coagulation cascades
C00002	mmu04611	Platelet activation
C00008	mmu04611	Platelet activation
C00076	mmu04611	Platelet activation
C00165	mmu04611	Platelet activation
C00219	mmu04611	Platelet activation
C00427	mmu04611	Platelet activation
C00533	mmu04611	Platelet activation
C00575	mmu04611	Platelet activation
C00942	mmu04611	Platelet activation
C01245	mmu04611	Platelet activation
C01312	mmu04611	Platelet activation
C02198	mmu04611	Platelet activation
C05956	mmu04611	Platelet activation
C05981	mmu04611	Platelet activation
C00027	mmu04613	Neutrophil extracellular trap formation
C00039	mmu04613	Neutrophil extracellular trap formation
C00076	mmu04613	Neutrophil extracellular trap formation
C00165	mmu04613	Neutrophil extracellular trap formation
C00338	mmu04613	Neutrophil extracellular trap formation
C00464	mmu04613	Neutrophil extracellular trap formation
C00518	mmu04613	Neutrophil extracellular trap formation
C00551	mmu04613	Neutrophil extracellular trap formation
C00704	mmu04613	Neutrophil extracellular trap formation
C01245	mmu04613	Neutrophil extracellular trap formation
C05151	mmu04613	Neutrophil extracellular trap formation
C05981	mmu04613	Neutrophil extracellular trap formation
C11221	mmu04613	Neutrophil extracellular trap formation
C00873	mmu04614	Renin-angiotensin system
C02135	mmu04614	Renin-angiotensin system
C15848	mmu04614	Renin-angiotensin system
C15849	mmu04614	Renin-angiotensin system
C15850	mmu04614	Renin-angiotensin system
C15851	mmu04614	Renin-angiotensin system
C15852	mmu04614	Renin-angiotensin system
C20970	mmu04614	Renin-angiotensin system
C20971	mmu04614	Renin-angiotensin system
C20972	mmu04614	Renin-angiotensin system
C20973	mmu04614	Renin-angiotensin system
C00002	mmu04621	NOD-like receptor signaling pathway
C00076	mmu04621	NOD-like receptor signaling pathway
C00155	mmu04621	NOD-like receptor signaling pathway
C00238	mmu04621	NOD-like receptor signaling pathway
C00533	mmu04621	NOD-like receptor signaling pathway
C01245	mmu04621	NOD-like receptor signaling pathway
C00046	mmu04622	RIG-I-like receptor signaling pathway
C00039	mmu04623	Cytosolic DNA-sensing pathway
C20640	mmu04623	Cytosolic DNA-sensing pathway
C00027	mmu04625	C-type lectin receptor signaling pathway
C00076	mmu04625	C-type lectin receptor signaling pathway
C00159	mmu04625	C-type lectin receptor signaling pathway
C00165	mmu04625	C-type lectin receptor signaling pathway
C00584	mmu04625	C-type lectin receptor signaling pathway
C00965	mmu04625	C-type lectin receptor signaling pathway
C01019	mmu04625	C-type lectin receptor signaling pathway
C01245	mmu04625	C-type lectin receptor signaling pathway
C16844	mmu04625	C-type lectin receptor signaling pathway
C21790	mmu04625	C-type lectin receptor signaling pathway
C21791	mmu04625	C-type lectin receptor signaling pathway
C00076	mmu04650	Natural killer cell mediated cytotoxicity
C00165	mmu04650	Natural killer cell mediated cytotoxicity
C01245	mmu04650	Natural killer cell mediated cytotoxicity
C05981	mmu04650	Natural killer cell mediated cytotoxicity
C00076	mmu04658	Th1 and Th2 cell differentiation
C00165	mmu04658	Th1 and Th2 cell differentiation
C01245	mmu04658	Th1 and Th2 cell differentiation
C00076	mmu04659	Th17 cell differentiation
C00165	mmu04659	Th17 cell differentiation
C00777	mmu04659	Th17 cell differentiation
C01245	mmu04659	Th17 cell differentiation
C00076	mmu04660	T cell receptor signaling pathway
C00165	mmu04660	T cell receptor signaling pathway
C01245	mmu04660	T cell receptor signaling pathway
C05981	mmu04660	T cell receptor signaling pathway
C00076	mmu04662	B cell receptor signaling pathway
C00165	mmu04662	B cell receptor signaling pathway
C01245	mmu04662	B cell receptor signaling pathway
C05981	mmu04662	B cell receptor signaling pathway
C00076	mmu04664	Fc epsilon RI signaling pathway
C00165	mmu04664	Fc epsilon RI signaling pathway
C00219	mmu04664	Fc epsilon RI signaling pathway
C00374	mmu04664	Fc epsilon RI signaling pathway
C00388	mmu04664	Fc epsilon RI signaling pathway
C00696	mmu04664	Fc epsilon RI signaling pathway
C01245	mmu04664	Fc epsilon RI signaling pathway
C02166	mmu04664	Fc epsilon RI signaling pathway
C05951	mmu04664	Fc epsilon RI signaling pathway
C05952	mmu04664	Fc epsilon RI signaling pathway
C05981	mmu04664	Fc epsilon RI signaling pathway
C00076	mmu04666	Fc gamma R-mediated phagosome formation
C00165	mmu04666	Fc gamma R-mediated phagosome formation
C00219	mmu04666	Fc gamma R-mediated phagosome formation
C00416	mmu04666	Fc gamma R-mediated phagosome formation
C01245	mmu04666	Fc gamma R-mediated phagosome formation
C04637	mmu04666	Fc gamma R-mediated phagosome formation
C05981	mmu04666	Fc gamma R-mediated phagosome formation
C06124	mmu04666	Fc gamma R-mediated phagosome formation
C00027	mmu04670	Leukocyte transendothelial migration
C00076	mmu04670	Leukocyte transendothelial migration
C00575	mmu04670	Leukocyte transendothelial migration
C04637	mmu04670	Leukocyte transendothelial migration
C00777	mmu04672	Intestinal immune network for IgA production
C15493	mmu04672	Intestinal immune network for IgA production
C00076	mmu04710	Circadian rhythm
C00575	mmu04710	Circadian rhythm
C00025	mmu04713	Circadian entrainment
C00076	mmu04713	Circadian entrainment
C00165	mmu04713	Circadian entrainment
C00238	mmu04713	Circadian entrainment
C00533	mmu04713	Circadian entrainment
C00575	mmu04713	Circadian entrainment
C00942	mmu04713	Circadian entrainment
C01330	mmu04713	Circadian entrainment
C01598	mmu04713	Circadian entrainment
C00002	mmu04714	Thermogenesis
C00004	mmu04714	Thermogenesis
C00008	mmu04714	Thermogenesis
C00010	mmu04714	Thermogenesis
C00024	mmu04714	Thermogenesis
C00040	mmu04714	Thermogenesis
C00080	mmu04714	Thermogenesis
C00116	mmu04714	Thermogenesis
C00162	mmu04714	Thermogenesis
C00165	mmu04714	Thermogenesis
C00318	mmu04714	Thermogenesis
C00422	mmu04714	Thermogenesis
C00547	mmu04714	Thermogenesis
C00575	mmu04714	Thermogenesis
C00745	mmu04714	Thermogenesis
C00942	mmu04714	Thermogenesis
C00951	mmu04714	Thermogenesis
C01352	mmu04714	Thermogenesis
C01885	mmu04714	Thermogenesis
C02301	mmu04714	Thermogenesis
C02465	mmu04714	Thermogenesis
C11695	mmu04714	Thermogenesis
C13856	mmu04714	Thermogenesis
C00025	mmu04720	Long-term potentiation
C00076	mmu04720	Long-term potentiation
C00165	mmu04720	Long-term potentiation
C00305	mmu04720	Long-term potentiation
C00575	mmu04720	Long-term potentiation
C01245	mmu04720	Long-term potentiation
C01330	mmu04720	Long-term potentiation
C00002	mmu04721	Synaptic vesicle cycle
C00025	mmu04721	Synaptic vesicle cycle
C00037	mmu04721	Synaptic vesicle cycle
C00076	mmu04721	Synaptic vesicle cycle
C00080	mmu04721	Synaptic vesicle cycle
C00334	mmu04721	Synaptic vesicle cycle
C00388	mmu04721	Synaptic vesicle cycle
C00547	mmu04721	Synaptic vesicle cycle
C00780	mmu04721	Synaptic vesicle cycle
C01996	mmu04721	Synaptic vesicle cycle
C03758	mmu04721	Synaptic vesicle cycle
C16041	mmu04721	Synaptic vesicle cycle
C00076	mmu04722	Neurotrophin signaling pathway
C00165	mmu04722	Neurotrophin signaling pathway
C00195	mmu04722	Neurotrophin signaling pathway
C01245	mmu04722	Neurotrophin signaling pathway
C05981	mmu04722	Neurotrophin signaling pathway
C00025	mmu04723	Retrograde endocannabinoid signaling
C00076	mmu04723	Retrograde endocannabinoid signaling
C00116	mmu04723	Retrograde endocannabinoid signaling
C00157	mmu04723	Retrograde endocannabinoid signaling
C00165	mmu04723	Retrograde endocannabinoid signaling
C00189	mmu04723	Retrograde endocannabinoid signaling
C00219	mmu04723	Retrograde endocannabinoid signaling
C00238	mmu04723	Retrograde endocannabinoid signaling
C00334	mmu04723	Retrograde endocannabinoid signaling
C00350	mmu04723	Retrograde endocannabinoid signaling
C00427	mmu04723	Retrograde endocannabinoid signaling
C00575	mmu04723	Retrograde endocannabinoid signaling
C00689	mmu04723	Retrograde endocannabinoid signaling
C01245	mmu04723	Retrograde endocannabinoid signaling
C01330	mmu04723	Retrograde endocannabinoid signaling
C11695	mmu04723	Retrograde endocannabinoid signaling
C13856	mmu04723	Retrograde endocannabinoid signaling
C19912	mmu04723	Retrograde endocannabinoid signaling
C19913	mmu04723	Retrograde endocannabinoid signaling
C00025	mmu04724	Glutamatergic synapse
C00064	mmu04724	Glutamatergic synapse
C00076	mmu04724	Glutamatergic synapse
C00165	mmu04724	Glutamatergic synapse
C00238	mmu04724	Glutamatergic synapse
C00575	mmu04724	Glutamatergic synapse
C01245	mmu04724	Glutamatergic synapse
C01330	mmu04724	Glutamatergic synapse
C00010	mmu04725	Cholinergic synapse
C00024	mmu04725	Cholinergic synapse
C00033	mmu04725	Cholinergic synapse
C00076	mmu04725	Cholinergic synapse
C00114	mmu04725	Cholinergic synapse
C00165	mmu04725	Cholinergic synapse
C00238	mmu04725	Cholinergic synapse
C00575	mmu04725	Cholinergic synapse
C01245	mmu04725	Cholinergic synapse
C01330	mmu04725	Cholinergic synapse
C01996	mmu04725	Cholinergic synapse
C04637	mmu04725	Cholinergic synapse
C00076	mmu04726	Serotonergic synapse
C00078	mmu04726	Serotonergic synapse
C00165	mmu04726	Serotonergic synapse
C00219	mmu04726	Serotonergic synapse
C00238	mmu04726	Serotonergic synapse
C00427	mmu04726	Serotonergic synapse
C00575	mmu04726	Serotonergic synapse
C00584	mmu04726	Serotonergic synapse
C00639	mmu04726	Serotonergic synapse
C00643	mmu04726	Serotonergic synapse
C00696	mmu04726	Serotonergic synapse
C00780	mmu04726	Serotonergic synapse
C00909	mmu04726	Serotonergic synapse
C01245	mmu04726	Serotonergic synapse
C01330	mmu04726	Serotonergic synapse
C02165	mmu04726	Serotonergic synapse
C02166	mmu04726	Serotonergic synapse
C02198	mmu04726	Serotonergic synapse
C04822	mmu04726	Serotonergic synapse
C05356	mmu04726	Serotonergic synapse
C05635	mmu04726	Serotonergic synapse
C05953	mmu04726	Serotonergic synapse
C05954	mmu04726	Serotonergic synapse
C05955	mmu04726	Serotonergic synapse
C05956	mmu04726	Serotonergic synapse
C05957	mmu04726	Serotonergic synapse
C05963	mmu04726	Serotonergic synapse
C05964	mmu04726	Serotonergic synapse
C05965	mmu04726	Serotonergic synapse
C05966	mmu04726	Serotonergic synapse
C14768	mmu04726	Serotonergic synapse
C14769	mmu04726	Serotonergic synapse
C14770	mmu04726	Serotonergic synapse
C14771	mmu04726	Serotonergic synapse
C14772	mmu04726	Serotonergic synapse
C14773	mmu04726	Serotonergic synapse
C14774	mmu04726	Serotonergic synapse
C14775	mmu04726	Serotonergic synapse
C14812	mmu04726	Serotonergic synapse
C14820	mmu04726	Serotonergic synapse
C14821	mmu04726	Serotonergic synapse
C14823	mmu04726	Serotonergic synapse
C00025	mmu04727	GABAergic synapse
C00026	mmu04727	GABAergic synapse
C00042	mmu04727	GABAergic synapse
C00064	mmu04727	GABAergic synapse
C00076	mmu04727	GABAergic synapse
C00238	mmu04727	GABAergic synapse
C00334	mmu04727	GABAergic synapse
C00575	mmu04727	GABAergic synapse
C00698	mmu04727	GABAergic synapse
C00076	mmu04728	Dopaminergic synapse
C00082	mmu04728	Dopaminergic synapse
C00165	mmu04728	Dopaminergic synapse
C00238	mmu04728	Dopaminergic synapse
C00355	mmu04728	Dopaminergic synapse
C00575	mmu04728	Dopaminergic synapse
C01161	mmu04728	Dopaminergic synapse
C01245	mmu04728	Dopaminergic synapse
C01330	mmu04728	Dopaminergic synapse
C03758	mmu04728	Dopaminergic synapse
C05582	mmu04728	Dopaminergic synapse
C05587	mmu04728	Dopaminergic synapse
C00025	mmu04730	Long-term depression
C00076	mmu04730	Long-term depression
C00165	mmu04730	Long-term depression
C00219	mmu04730	Long-term depression
C00533	mmu04730	Long-term depression
C00641	mmu04730	Long-term depression
C00942	mmu04730	Long-term depression
C01245	mmu04730	Long-term depression
C01330	mmu04730	Long-term depression
C00020	mmu04740	Olfactory transduction
C00076	mmu04740	Olfactory transduction
C00144	mmu04740	Olfactory transduction
C00238	mmu04740	Olfactory transduction
C00575	mmu04740	Olfactory transduction
C00698	mmu04740	Olfactory transduction
C00942	mmu04740	Olfactory transduction
C01330	mmu04740	Olfactory transduction
C00002	mmu04742	Taste transduction
C00008	mmu04742	Taste transduction
C00020	mmu04742	Taste transduction
C00025	mmu04742	Taste transduction
C00031	mmu04742	Taste transduction
C00076	mmu04742	Taste transduction
C00080	mmu04742	Taste transduction
C00089	mmu04742	Taste transduction
C00095	mmu04742	Taste transduction
C00130	mmu04742	Taste transduction
C00133	mmu04742	Taste transduction
C00144	mmu04742	Taste transduction
C00149	mmu04742	Taste transduction
C00158	mmu04742	Taste transduction
C00208	mmu04742	Taste transduction
C00238	mmu04742	Taste transduction
C00334	mmu04742	Taste transduction
C00547	mmu04742	Taste transduction
C00575	mmu04742	Taste transduction
C00740	mmu04742	Taste transduction
C00780	mmu04742	Taste transduction
C01245	mmu04742	Taste transduction
C01327	mmu04742	Taste transduction
C01330	mmu04742	Taste transduction
C01451	mmu04742	Taste transduction
C01996	mmu04742	Taste transduction
C02265	mmu04742	Taste transduction
C06526	mmu04742	Taste transduction
C11045	mmu04742	Taste transduction
C12283	mmu04742	Taste transduction
C12284	mmu04742	Taste transduction
C19378	mmu04742	Taste transduction
C00076	mmu04744	Phototransduction
C00144	mmu04744	Phototransduction
C00238	mmu04744	Phototransduction
C00305	mmu04744	Phototransduction
C00376	mmu04744	Phototransduction
C00942	mmu04744	Phototransduction
C01330	mmu04744	Phototransduction
C02110	mmu04744	Phototransduction
C00002	mmu04750	Inflammatory mediator regulation of TRP channels
C00076	mmu04750	Inflammatory mediator regulation of TRP channels
C00080	mmu04750	Inflammatory mediator regulation of TRP channels
C00165	mmu04750	Inflammatory mediator regulation of TRP channels
C00219	mmu04750	Inflammatory mediator regulation of TRP channels
C00388	mmu04750	Inflammatory mediator regulation of TRP channels
C00400	mmu04750	Inflammatory mediator regulation of TRP channels
C00469	mmu04750	Inflammatory mediator regulation of TRP channels
C00575	mmu04750	Inflammatory mediator regulation of TRP channels
C00584	mmu04750	Inflammatory mediator regulation of TRP channels
C00780	mmu04750	Inflammatory mediator regulation of TRP channels
C00808	mmu04750	Inflammatory mediator regulation of TRP channels
C00809	mmu04750	Inflammatory mediator regulation of TRP channels
C00903	mmu04750	Inflammatory mediator regulation of TRP channels
C01245	mmu04750	Inflammatory mediator regulation of TRP channels
C01330	mmu04750	Inflammatory mediator regulation of TRP channels
C02165	mmu04750	Inflammatory mediator regulation of TRP channels
C04742	mmu04750	Inflammatory mediator regulation of TRP channels
C04805	mmu04750	Inflammatory mediator regulation of TRP channels
C05965	mmu04750	Inflammatory mediator regulation of TRP channels
C05966	mmu04750	Inflammatory mediator regulation of TRP channels
C06254	mmu04750	Inflammatory mediator regulation of TRP channels
C06866	mmu04750	Inflammatory mediator regulation of TRP channels
C07600	mmu04750	Inflammatory mediator regulation of TRP channels
C09155	mmu04750	Inflammatory mediator regulation of TRP channels
C09179	mmu04750	Inflammatory mediator regulation of TRP channels
C09844	mmu04750	Inflammatory mediator regulation of TRP channels
C11695	mmu04750	Inflammatory mediator regulation of TRP channels
C12083	mmu04750	Inflammatory mediator regulation of TRP channels
C12271	mmu04750	Inflammatory mediator regulation of TRP channels
C14768	mmu04750	Inflammatory mediator regulation of TRP channels
C14769	mmu04750	Inflammatory mediator regulation of TRP channels
C19317	mmu04750	Inflammatory mediator regulation of TRP channels
C20171	mmu04750	Inflammatory mediator regulation of TRP channels
C20698	mmu04750	Inflammatory mediator regulation of TRP channels
C00681	mmu04810	Regulation of actin cytoskeleton
C01996	mmu04810	Regulation of actin cytoskeleton
C04637	mmu04810	Regulation of actin cytoskeleton
C05981	mmu04810	Regulation of actin cytoskeleton
C11554	mmu04810	Regulation of actin cytoskeleton
C00031	mmu04910	Insulin signaling pathway
C00369	mmu04910	Insulin signaling pathway
C00575	mmu04910	Insulin signaling pathway
C05981	mmu04910	Insulin signaling pathway
C00002	mmu04911	Insulin secretion
C00022	mmu04911	Insulin secretion
C00031	mmu04911	Insulin secretion
C00076	mmu04911	Insulin secretion
C00092	mmu04911	Insulin secretion
C00162	mmu04911	Insulin secretion
C00165	mmu04911	Insulin secretion
C00238	mmu04911	Insulin secretion
C00575	mmu04911	Insulin secretion
C01245	mmu04911	Insulin secretion
C01330	mmu04911	Insulin secretion
C01996	mmu04911	Insulin secretion
C00076	mmu04912	GnRH signaling pathway
C00165	mmu04912	GnRH signaling pathway
C00219	mmu04912	GnRH signaling pathway
C00416	mmu04912	GnRH signaling pathway
C00575	mmu04912	GnRH signaling pathway
C01245	mmu04912	GnRH signaling pathway
C00187	mmu04913	Ovarian steroidogenesis
C00219	mmu04913	Ovarian steroidogenesis
C00280	mmu04913	Ovarian steroidogenesis
C00410	mmu04913	Ovarian steroidogenesis
C00468	mmu04913	Ovarian steroidogenesis
C00535	mmu04913	Ovarian steroidogenesis
C00575	mmu04913	Ovarian steroidogenesis
C00639	mmu04913	Ovarian steroidogenesis
C00951	mmu04913	Ovarian steroidogenesis
C01176	mmu04913	Ovarian steroidogenesis
C01227	mmu04913	Ovarian steroidogenesis
C01953	mmu04913	Ovarian steroidogenesis
C02249	mmu04913	Ovarian steroidogenesis
C02530	mmu04913	Ovarian steroidogenesis
C04295	mmu04913	Ovarian steroidogenesis
C05138	mmu04913	Ovarian steroidogenesis
C05301	mmu04913	Ovarian steroidogenesis
C05356	mmu04913	Ovarian steroidogenesis
C05966	mmu04913	Ovarian steroidogenesis
C14209	mmu04913	Ovarian steroidogenesis
C14768	mmu04913	Ovarian steroidogenesis
C14769	mmu04913	Ovarian steroidogenesis
C14770	mmu04913	Ovarian steroidogenesis
C14777	mmu04913	Ovarian steroidogenesis
C00410	mmu04914	Progesterone-mediated oocyte maturation
C00575	mmu04914	Progesterone-mediated oocyte maturation
C05981	mmu04914	Progesterone-mediated oocyte maturation
C11554	mmu04914	Progesterone-mediated oocyte maturation
C00076	mmu04915	Estrogen signaling pathway
C00165	mmu04915	Estrogen signaling pathway
C00238	mmu04915	Estrogen signaling pathway
C00334	mmu04915	Estrogen signaling pathway
C00533	mmu04915	Estrogen signaling pathway
C00575	mmu04915	Estrogen signaling pathway
C00951	mmu04915	Estrogen signaling pathway
C01245	mmu04915	Estrogen signaling pathway
C00076	mmu04916	Melanogenesis
C00082	mmu04916	Melanogenesis
C00165	mmu04916	Melanogenesis
C00575	mmu04916	Melanogenesis
C01245	mmu04916	Melanogenesis
C05606	mmu04916	Melanogenesis
C00002	mmu04917	Prolactin signaling pathway
C00031	mmu04917	Prolactin signaling pathway
C00082	mmu04917	Prolactin signaling pathway
C00092	mmu04917	Prolactin signaling pathway
C00280	mmu04917	Prolactin signaling pathway
C00355	mmu04917	Prolactin signaling pathway
C00410	mmu04917	Prolactin signaling pathway
C00468	mmu04917	Prolactin signaling pathway
C00951	mmu04917	Prolactin signaling pathway
C03758	mmu04917	Prolactin signaling pathway
C05981	mmu04917	Prolactin signaling pathway
C00001	mmu04918	Thyroid hormone synthesis
C00005	mmu04918	Thyroid hormone synthesis
C00006	mmu04918	Thyroid hormone synthesis
C00007	mmu04918	Thyroid hormone synthesis
C00027	mmu04918	Thyroid hormone synthesis
C00051	mmu04918	Thyroid hormone synthesis
C00076	mmu04918	Thyroid hormone synthesis
C00092	mmu04918	Thyroid hormone synthesis
C00117	mmu04918	Thyroid hormone synthesis
C00127	mmu04918	Thyroid hormone synthesis
C00165	mmu04918	Thyroid hormone synthesis
C00231	mmu04918	Thyroid hormone synthesis
C00238	mmu04918	Thyroid hormone synthesis
C00575	mmu04918	Thyroid hormone synthesis
C00708	mmu04918	Thyroid hormone synthesis
C01060	mmu04918	Thyroid hormone synthesis
C01245	mmu04918	Thyroid hormone synthesis
C01330	mmu04918	Thyroid hormone synthesis
C01829	mmu04918	Thyroid hormone synthesis
C02465	mmu04918	Thyroid hormone synthesis
C02515	mmu04918	Thyroid hormone synthesis
C00076	mmu04919	Thyroid hormone signaling pathway
C00080	mmu04919	Thyroid hormone signaling pathway
C00165	mmu04919	Thyroid hormone signaling pathway
C00238	mmu04919	Thyroid hormone signaling pathway
C00575	mmu04919	Thyroid hormone signaling pathway
C01245	mmu04919	Thyroid hormone signaling pathway
C01330	mmu04919	Thyroid hormone signaling pathway
C01829	mmu04919	Thyroid hormone signaling pathway
C02465	mmu04919	Thyroid hormone signaling pathway
C05981	mmu04919	Thyroid hormone signaling pathway
C07639	mmu04919	Thyroid hormone signaling pathway
C00040	mmu04920	Adipocytokine signaling pathway
C00076	mmu04920	Adipocytokine signaling pathway
C00083	mmu04920	Adipocytokine signaling pathway
C00162	mmu04920	Adipocytokine signaling pathway
C00165	mmu04920	Adipocytokine signaling pathway
C00195	mmu04920	Adipocytokine signaling pathway
C00638	mmu04920	Adipocytokine signaling pathway
C15493	mmu04920	Adipocytokine signaling pathway
C00076	mmu04921	Oxytocin signaling pathway
C00165	mmu04921	Oxytocin signaling pathway
C00219	mmu04921	Oxytocin signaling pathway
C00238	mmu04921	Oxytocin signaling pathway
C00427	mmu04921	Oxytocin signaling pathway
C00533	mmu04921	Oxytocin signaling pathway
C00575	mmu04921	Oxytocin signaling pathway
C00584	mmu04921	Oxytocin signaling pathway
C00639	mmu04921	Oxytocin signaling pathway
C00942	mmu04921	Oxytocin signaling pathway
C01245	mmu04921	Oxytocin signaling pathway
C13050	mmu04921	Oxytocin signaling pathway
C00022	mmu04922	Glucagon signaling pathway
C00024	mmu04922	Glucagon signaling pathway
C00026	mmu04922	Glucagon signaling pathway
C00031	mmu04922	Glucagon signaling pathway
C00036	mmu04922	Glucagon signaling pathway
C00040	mmu04922	Glucagon signaling pathway
C00042	mmu04922	Glucagon signaling pathway
C00074	mmu04922	Glucagon signaling pathway
C00076	mmu04922	Glucagon signaling pathway
C00083	mmu04922	Glucagon signaling pathway
C00085	mmu04922	Glucagon signaling pathway
C00103	mmu04922	Glucagon signaling pathway
C00122	mmu04922	Glucagon signaling pathway
C00149	mmu04922	Glucagon signaling pathway
C00158	mmu04922	Glucagon signaling pathway
C00182	mmu04922	Glucagon signaling pathway
C00186	mmu04922	Glucagon signaling pathway
C00197	mmu04922	Glucagon signaling pathway
C00311	mmu04922	Glucagon signaling pathway
C00354	mmu04922	Glucagon signaling pathway
C00575	mmu04922	Glucagon signaling pathway
C00631	mmu04922	Glucagon signaling pathway
C00665	mmu04922	Glucagon signaling pathway
C00668	mmu04922	Glucagon signaling pathway
C01172	mmu04922	Glucagon signaling pathway
C01245	mmu04922	Glucagon signaling pathway
C00020	mmu04923	Regulation of lipolysis in adipocytes
C00116	mmu04923	Regulation of lipolysis in adipocytes
C00162	mmu04923	Regulation of lipolysis in adipocytes
C00165	mmu04923	Regulation of lipolysis in adipocytes
C00212	mmu04923	Regulation of lipolysis in adipocytes
C00219	mmu04923	Regulation of lipolysis in adipocytes
C00422	mmu04923	Regulation of lipolysis in adipocytes
C00547	mmu04923	Regulation of lipolysis in adipocytes
C00575	mmu04923	Regulation of lipolysis in adipocytes
C00584	mmu04923	Regulation of lipolysis in adipocytes
C00788	mmu04923	Regulation of lipolysis in adipocytes
C00942	mmu04923	Regulation of lipolysis in adipocytes
C01885	mmu04923	Regulation of lipolysis in adipocytes
C02140	mmu04923	Regulation of lipolysis in adipocytes
C00001	mmu04924	Renin secretion
C00002	mmu04924	Renin secretion
C00008	mmu04924	Renin secretion
C00020	mmu04924	Renin secretion
C00076	mmu04924	Renin secretion
C00212	mmu04924	Renin secretion
C00238	mmu04924	Renin secretion
C00533	mmu04924	Renin secretion
C00547	mmu04924	Renin secretion
C00575	mmu04924	Renin secretion
C00584	mmu04924	Renin secretion
C00698	mmu04924	Renin secretion
C00788	mmu04924	Renin secretion
C00873	mmu04924	Renin secretion
C00942	mmu04924	Renin secretion
C01245	mmu04924	Renin secretion
C02135	mmu04924	Renin secretion
C00003	mmu04925	Aldosterone synthesis and secretion
C00004	mmu04925	Aldosterone synthesis and secretion
C00005	mmu04925	Aldosterone synthesis and secretion
C00006	mmu04925	Aldosterone synthesis and secretion
C00020	mmu04925	Aldosterone synthesis and secretion
C00076	mmu04925	Aldosterone synthesis and secretion
C00165	mmu04925	Aldosterone synthesis and secretion
C00187	mmu04925	Aldosterone synthesis and secretion
C00219	mmu04925	Aldosterone synthesis and secretion
C00238	mmu04925	Aldosterone synthesis and secretion
C00410	mmu04925	Aldosterone synthesis and secretion
C00575	mmu04925	Aldosterone synthesis and secretion
C00942	mmu04925	Aldosterone synthesis and secretion
C01124	mmu04925	Aldosterone synthesis and secretion
C01245	mmu04925	Aldosterone synthesis and secretion
C01330	mmu04925	Aldosterone synthesis and secretion
C01780	mmu04925	Aldosterone synthesis and secretion
C01953	mmu04925	Aldosterone synthesis and secretion
C02140	mmu04925	Aldosterone synthesis and secretion
C03205	mmu04925	Aldosterone synthesis and secretion
C14777	mmu04925	Aldosterone synthesis and secretion
C14822	mmu04925	Aldosterone synthesis and secretion
C00076	mmu04926	Relaxin signaling pathway
C00165	mmu04926	Relaxin signaling pathway
C00533	mmu04926	Relaxin signaling pathway
C00575	mmu04926	Relaxin signaling pathway
C01245	mmu04926	Relaxin signaling pathway
C05981	mmu04926	Relaxin signaling pathway
C00020	mmu04927	Cortisol synthesis and secretion
C00076	mmu04927	Cortisol synthesis and secretion
C00187	mmu04927	Cortisol synthesis and secretion
C00238	mmu04927	Cortisol synthesis and secretion
C00410	mmu04927	Cortisol synthesis and secretion
C00575	mmu04927	Cortisol synthesis and secretion
C00735	mmu04927	Cortisol synthesis and secretion
C01176	mmu04927	Cortisol synthesis and secretion
C01245	mmu04927	Cortisol synthesis and secretion
C01953	mmu04927	Cortisol synthesis and secretion
C05138	mmu04927	Cortisol synthesis and secretion
C05488	mmu04927	Cortisol synthesis and secretion
C00009	mmu04928	Parathyroid hormone synthesis, secretion and action
C00020	mmu04928	Parathyroid hormone synthesis, secretion and action
C00076	mmu04928	Parathyroid hormone synthesis, secretion and action
C00165	mmu04928	Parathyroid hormone synthesis, secretion and action
C00575	mmu04928	Parathyroid hormone synthesis, secretion and action
C00698	mmu04928	Parathyroid hormone synthesis, secretion and action
C01245	mmu04928	Parathyroid hormone synthesis, secretion and action
C01330	mmu04928	Parathyroid hormone synthesis, secretion and action
C01561	mmu04928	Parathyroid hormone synthesis, secretion and action
C01673	mmu04928	Parathyroid hormone synthesis, secretion and action
C18231	mmu04928	Parathyroid hormone synthesis, secretion and action
C00076	mmu04929	GnRH secretion
C00165	mmu04929	GnRH secretion
C00238	mmu04929	GnRH secretion
C00334	mmu04929	GnRH secretion
C00535	mmu04929	GnRH secretion
C00951	mmu04929	GnRH secretion
C01245	mmu04929	GnRH secretion
C01330	mmu04929	GnRH secretion
C04637	mmu04929	GnRH secretion
C00002	mmu04930	Type II diabetes mellitus
C00022	mmu04930	Type II diabetes mellitus
C00031	mmu04930	Type II diabetes mellitus
C00076	mmu04930	Type II diabetes mellitus
C00162	mmu04930	Type II diabetes mellitus
C00238	mmu04930	Type II diabetes mellitus
C00022	mmu04931	Insulin resistance
C00024	mmu04931	Insulin resistance
C00031	mmu04931	Insulin resistance
C00043	mmu04931	Insulin resistance
C00083	mmu04931	Insulin resistance
C00085	mmu04931	Insulin resistance
C00092	mmu04931	Insulin resistance
C00095	mmu04931	Insulin resistance
C00162	mmu04931	Insulin resistance
C00165	mmu04931	Insulin resistance
C00195	mmu04931	Insulin resistance
C00352	mmu04931	Insulin resistance
C00369	mmu04931	Insulin resistance
C00422	mmu04931	Insulin resistance
C00533	mmu04931	Insulin resistance
C02571	mmu04931	Insulin resistance
C02843	mmu04931	Insulin resistance
C05981	mmu04931	Insulin resistance
C06156	mmu04931	Insulin resistance
C00031	mmu04932	Non-alcoholic fatty liver disease
C00162	mmu04932	Non-alcoholic fatty liver disease
C00031	mmu04933	AGE-RAGE signaling pathway in diabetic complications
C00076	mmu04933	AGE-RAGE signaling pathway in diabetic complications
C00165	mmu04933	AGE-RAGE signaling pathway in diabetic complications
C00195	mmu04933	AGE-RAGE signaling pathway in diabetic complications
C01245	mmu04933	AGE-RAGE signaling pathway in diabetic complications
C21011	mmu04933	AGE-RAGE signaling pathway in diabetic complications
C21012	mmu04933	AGE-RAGE signaling pathway in diabetic complications
C21013	mmu04933	AGE-RAGE signaling pathway in diabetic complications
C21014	mmu04933	AGE-RAGE signaling pathway in diabetic complications
C00020	mmu04934	Cushing syndrome
C00076	mmu04934	Cushing syndrome
C00187	mmu04934	Cushing syndrome
C00238	mmu04934	Cushing syndrome
C00410	mmu04934	Cushing syndrome
C00575	mmu04934	Cushing syndrome
C00735	mmu04934	Cushing syndrome
C01176	mmu04934	Cushing syndrome
C01245	mmu04934	Cushing syndrome
C01953	mmu04934	Cushing syndrome
C05138	mmu04934	Cushing syndrome
C05488	mmu04934	Cushing syndrome
C07557	mmu04934	Cushing syndrome
C00076	mmu04935	Growth hormone synthesis, secretion and action
C00165	mmu04935	Growth hormone synthesis, secretion and action
C00575	mmu04935	Growth hormone synthesis, secretion and action
C01245	mmu04935	Growth hormone synthesis, secretion and action
C00003	mmu04936	Alcoholic liver disease
C00005	mmu04936	Alcoholic liver disease
C00006	mmu04936	Alcoholic liver disease
C00024	mmu04936	Alcoholic liver disease
C00033	mmu04936	Alcoholic liver disease
C00040	mmu04936	Alcoholic liver disease
C00076	mmu04936	Alcoholic liver disease
C00083	mmu04936	Alcoholic liver disease
C00084	mmu04936	Alcoholic liver disease
C00469	mmu04936	Alcoholic liver disease
C22381	mmu04936	Alcoholic liver disease
C00027	mmu04940	Type I diabetes mellitus
C00533	mmu04940	Type I diabetes mellitus
C00704	mmu04940	Type I diabetes mellitus
C00238	mmu04960	Aldosterone-regulated sodium reabsorption
C00575	mmu04960	Aldosterone-regulated sodium reabsorption
C00698	mmu04960	Aldosterone-regulated sodium reabsorption
C00735	mmu04960	Aldosterone-regulated sodium reabsorption
C00762	mmu04960	Aldosterone-regulated sodium reabsorption
C01330	mmu04960	Aldosterone-regulated sodium reabsorption
C01780	mmu04960	Aldosterone-regulated sodium reabsorption
C05981	mmu04960	Aldosterone-regulated sodium reabsorption
C00076	mmu04961	Endocrine and other factor-regulated calcium reabsorption
C00165	mmu04961	Endocrine and other factor-regulated calcium reabsorption
C00238	mmu04961	Endocrine and other factor-regulated calcium reabsorption
C00575	mmu04961	Endocrine and other factor-regulated calcium reabsorption
C00951	mmu04961	Endocrine and other factor-regulated calcium reabsorption
C01245	mmu04961	Endocrine and other factor-regulated calcium reabsorption
C01330	mmu04961	Endocrine and other factor-regulated calcium reabsorption
C01673	mmu04961	Endocrine and other factor-regulated calcium reabsorption
C00001	mmu04962	Vasopressin-regulated water reabsorption
C00575	mmu04962	Vasopressin-regulated water reabsorption
C00001	mmu04964	Proximal tubule bicarbonate reclamation
C00011	mmu04964	Proximal tubule bicarbonate reclamation
C00014	mmu04964	Proximal tubule bicarbonate reclamation
C00025	mmu04964	Proximal tubule bicarbonate reclamation
C00026	mmu04964	Proximal tubule bicarbonate reclamation
C00036	mmu04964	Proximal tubule bicarbonate reclamation
C00064	mmu04964	Proximal tubule bicarbonate reclamation
C00074	mmu04964	Proximal tubule bicarbonate reclamation
C00080	mmu04964	Proximal tubule bicarbonate reclamation
C00149	mmu04964	Proximal tubule bicarbonate reclamation
C00238	mmu04964	Proximal tubule bicarbonate reclamation
C00267	mmu04964	Proximal tubule bicarbonate reclamation
C00288	mmu04964	Proximal tubule bicarbonate reclamation
C00698	mmu04964	Proximal tubule bicarbonate reclamation
C01330	mmu04964	Proximal tubule bicarbonate reclamation
C01353	mmu04964	Proximal tubule bicarbonate reclamation
C01358	mmu04964	Proximal tubule bicarbonate reclamation
C00001	mmu04966	Collecting duct acid secretion
C00011	mmu04966	Collecting duct acid secretion
C00014	mmu04966	Collecting duct acid secretion
C00080	mmu04966	Collecting duct acid secretion
C00238	mmu04966	Collecting duct acid secretion
C00288	mmu04966	Collecting duct acid secretion
C00698	mmu04966	Collecting duct acid secretion
C01353	mmu04966	Collecting duct acid secretion
C00001	mmu04970	Salivary secretion
C00011	mmu04970	Salivary secretion
C00076	mmu04970	Salivary secretion
C00080	mmu04970	Salivary secretion
C00165	mmu04970	Salivary secretion
C00238	mmu04970	Salivary secretion
C00288	mmu04970	Salivary secretion
C00533	mmu04970	Salivary secretion
C00547	mmu04970	Salivary secretion
C00575	mmu04970	Salivary secretion
C00698	mmu04970	Salivary secretion
C00942	mmu04970	Salivary secretion
C01245	mmu04970	Salivary secretion
C01330	mmu04970	Salivary secretion
C01353	mmu04970	Salivary secretion
C01996	mmu04970	Salivary secretion
C13050	mmu04970	Salivary secretion
C00001	mmu04971	Gastric acid secretion
C00011	mmu04971	Gastric acid secretion
C00076	mmu04971	Gastric acid secretion
C00080	mmu04971	Gastric acid secretion
C00165	mmu04971	Gastric acid secretion
C00238	mmu04971	Gastric acid secretion
C00288	mmu04971	Gastric acid secretion
C00388	mmu04971	Gastric acid secretion
C00575	mmu04971	Gastric acid secretion
C00698	mmu04971	Gastric acid secretion
C01245	mmu04971	Gastric acid secretion
C01330	mmu04971	Gastric acid secretion
C01353	mmu04971	Gastric acid secretion
C01996	mmu04971	Gastric acid secretion
C00001	mmu04972	Pancreatic secretion
C00011	mmu04972	Pancreatic secretion
C00076	mmu04972	Pancreatic secretion
C00080	mmu04972	Pancreatic secretion
C00165	mmu04972	Pancreatic secretion
C00238	mmu04972	Pancreatic secretion
C00288	mmu04972	Pancreatic secretion
C00575	mmu04972	Pancreatic secretion
C00698	mmu04972	Pancreatic secretion
C01245	mmu04972	Pancreatic secretion
C01330	mmu04972	Pancreatic secretion
C01353	mmu04972	Pancreatic secretion
C01996	mmu04972	Pancreatic secretion
C13050	mmu04972	Pancreatic secretion
C13051	mmu04972	Pancreatic secretion
C00011	mmu04973	Carbohydrate digestion and absorption
C00031	mmu04973	Carbohydrate digestion and absorption
C00033	mmu04973	Carbohydrate digestion and absorption
C00076	mmu04973	Carbohydrate digestion and absorption
C00089	mmu04973	Carbohydrate digestion and absorption
C00092	mmu04973	Carbohydrate digestion and absorption
C00095	mmu04973	Carbohydrate digestion and absorption
C00124	mmu04973	Carbohydrate digestion and absorption
C00163	mmu04973	Carbohydrate digestion and absorption
C00165	mmu04973	Carbohydrate digestion and absorption
C00208	mmu04973	Carbohydrate digestion and absorption
C00238	mmu04973	Carbohydrate digestion and absorption
C00243	mmu04973	Carbohydrate digestion and absorption
C00246	mmu04973	Carbohydrate digestion and absorption
C00282	mmu04973	Carbohydrate digestion and absorption
C00369	mmu04973	Carbohydrate digestion and absorption
C00707	mmu04973	Carbohydrate digestion and absorption
C00714	mmu04973	Carbohydrate digestion and absorption
C00760	mmu04973	Carbohydrate digestion and absorption
C01330	mmu04973	Carbohydrate digestion and absorption
C01355	mmu04973	Carbohydrate digestion and absorption
C01835	mmu04973	Carbohydrate digestion and absorption
C02049	mmu04973	Carbohydrate digestion and absorption
C05981	mmu04973	Carbohydrate digestion and absorption
C08822	mmu04973	Carbohydrate digestion and absorption
C12284	mmu04973	Carbohydrate digestion and absorption
C12285	mmu04973	Carbohydrate digestion and absorption
C00011	mmu04974	Protein digestion and absorption
C00014	mmu04974	Protein digestion and absorption
C00025	mmu04974	Protein digestion and absorption
C00033	mmu04974	Protein digestion and absorption
C00037	mmu04974	Protein digestion and absorption
C00041	mmu04974	Protein digestion and absorption
C00047	mmu04974	Protein digestion and absorption
C00049	mmu04974	Protein digestion and absorption
C00062	mmu04974	Protein digestion and absorption
C00064	mmu04974	Protein digestion and absorption
C00065	mmu04974	Protein digestion and absorption
C00073	mmu04974	Protein digestion and absorption
C00076	mmu04974	Protein digestion and absorption
C00078	mmu04974	Protein digestion and absorption
C00079	mmu04974	Protein digestion and absorption
C00080	mmu04974	Protein digestion and absorption
C00082	mmu04974	Protein digestion and absorption
C00097	mmu04974	Protein digestion and absorption
C00099	mmu04974	Protein digestion and absorption
C00123	mmu04974	Protein digestion and absorption
C00134	mmu04974	Protein digestion and absorption
C00135	mmu04974	Protein digestion and absorption
C00146	mmu04974	Protein digestion and absorption
C00148	mmu04974	Protein digestion and absorption
C00152	mmu04974	Protein digestion and absorption
C00163	mmu04974	Protein digestion and absorption
C00183	mmu04974	Protein digestion and absorption
C00188	mmu04974	Protein digestion and absorption
C00238	mmu04974	Protein digestion and absorption
C00246	mmu04974	Protein digestion and absorption
C00282	mmu04974	Protein digestion and absorption
C00388	mmu04974	Protein digestion and absorption
C00407	mmu04974	Protein digestion and absorption
C00463	mmu04974	Protein digestion and absorption
C00483	mmu04974	Protein digestion and absorption
C00491	mmu04974	Protein digestion and absorption
C01327	mmu04974	Protein digestion and absorption
C01330	mmu04974	Protein digestion and absorption
C01438	mmu04974	Protein digestion and absorption
C01468	mmu04974	Protein digestion and absorption
C01672	mmu04974	Protein digestion and absorption
C01746	mmu04974	Protein digestion and absorption
C02632	mmu04974	Protein digestion and absorption
C05996	mmu04974	Protein digestion and absorption
C08262	mmu04974	Protein digestion and absorption
C16138	mmu04974	Protein digestion and absorption
C18319	mmu04974	Protein digestion and absorption
C00010	mmu04975	Fat digestion and absorption
C00040	mmu04975	Fat digestion and absorption
C00162	mmu04975	Fat digestion and absorption
C00165	mmu04975	Fat digestion and absorption
C00187	mmu04975	Fat digestion and absorption
C00416	mmu04975	Fat digestion and absorption
C00422	mmu04975	Fat digestion and absorption
C00681	mmu04975	Fat digestion and absorption
C00865	mmu04975	Fat digestion and absorption
C01558	mmu04975	Fat digestion and absorption
C01885	mmu04975	Fat digestion and absorption
C02112	mmu04975	Fat digestion and absorption
C02530	mmu04975	Fat digestion and absorption
C00001	mmu04976	Bile secretion
C00011	mmu04976	Bile secretion
C00024	mmu04976	Bile secretion
C00026	mmu04976	Bile secretion
C00031	mmu04976	Bile secretion
C00051	mmu04976	Bile secretion
C00080	mmu04976	Bile secretion
C00114	mmu04976	Bile secretion
C00187	mmu04976	Bile secretion
C00238	mmu04976	Bile secretion
C00288	mmu04976	Bile secretion
C00315	mmu04976	Bile secretion
C00318	mmu04976	Bile secretion
C00366	mmu04976	Bile secretion
C00486	mmu04976	Bile secretion
C00504	mmu04976	Bile secretion
C00575	mmu04976	Bile secretion
C00584	mmu04976	Bile secretion
C00639	mmu04976	Bile secretion
C00695	mmu04976	Bile secretion
C00698	mmu04976	Bile secretion
C00735	mmu04976	Bile secretion
C00750	mmu04976	Bile secretion
C00780	mmu04976	Bile secretion
C00805	mmu04976	Bile secretion
C00865	mmu04976	Bile secretion
C00942	mmu04976	Bile secretion
C01330	mmu04976	Bile secretion
C01353	mmu04976	Bile secretion
C01405	mmu04976	Bile secretion
C01443	mmu04976	Bile secretion
C01576	mmu04976	Bile secretion
C01829	mmu04976	Bile secretion
C01844	mmu04976	Bile secretion
C01921	mmu04976	Bile secretion
C01937	mmu04976	Bile secretion
C01996	mmu04976	Bile secretion
C02165	mmu04976	Bile secretion
C02166	mmu04976	Bile secretion
C02380	mmu04976	Bile secretion
C02465	mmu04976	Bile secretion
C02528	mmu04976	Bile secretion
C02530	mmu04976	Bile secretion
C02538	mmu04976	Bile secretion
C02918	mmu04976	Bile secretion
C03033	mmu04976	Bile secretion
C03642	mmu04976	Bile secretion
C03758	mmu04976	Bile secretion
C03990	mmu04976	Bile secretion
C04483	mmu04976	Bile secretion
C04555	mmu04976	Bile secretion
C05122	mmu04976	Bile secretion
C05371	mmu04976	Bile secretion
C05465	mmu04976	Bile secretion
C05466	mmu04976	Bile secretion
C05503	mmu04976	Bile secretion
C05551	mmu04976	Bile secretion
C05963	mmu04976	Bile secretion
C06526	mmu04976	Bile secretion
C06570	mmu04976	Bile secretion
C06688	mmu04976	Bile secretion
C06804	mmu04976	Bile secretion
C06810	mmu04976	Bile secretion
C06880	mmu04976	Bile secretion
C06890	mmu04976	Bile secretion
C06956	mmu04976	Bile secretion
C06999	mmu04976	Bile secretion
C07014	mmu04976	Bile secretion
C07051	mmu04976	Bile secretion
C07065	mmu04976	Bile secretion
C07151	mmu04976	Bile secretion
C07184	mmu04976	Bile secretion
C07185	mmu04976	Bile secretion
C07201	mmu04976	Bile secretion
C07207	mmu04976	Bile secretion
C07210	mmu04976	Bile secretion
C07240	mmu04976	Bile secretion
C07394	mmu04976	Bile secretion
C07512	mmu04976	Bile secretion
C07649	mmu04976	Bile secretion
C07660	mmu04976	Bile secretion
C07966	mmu04976	Bile secretion
C08357	mmu04976	Bile secretion
C08439	mmu04976	Bile secretion
C09955	mmu04976	Bile secretion
C11158	mmu04976	Bile secretion
C11231	mmu04976	Bile secretion
C11245	mmu04976	Bile secretion
C11277	mmu04976	Bile secretion
C11310	mmu04976	Bile secretion
C11363	mmu04976	Bile secretion
C11587	mmu04976	Bile secretion
C11754	mmu04976	Bile secretion
C12560	mmu04976	Bile secretion
C16114	mmu04976	Bile secretion
C16578	mmu04976	Bile secretion
C16643	mmu04976	Bile secretion
C00003	mmu04977	Vitamin digestion and absorption
C00010	mmu04977	Vitamin digestion and absorption
C00016	mmu04977	Vitamin digestion and absorption
C00018	mmu04977	Vitamin digestion and absorption
C00061	mmu04977	Vitamin digestion and absorption
C00068	mmu04977	Vitamin digestion and absorption
C00072	mmu04977	Vitamin digestion and absorption
C00080	mmu04977	Vitamin digestion and absorption
C00120	mmu04977	Vitamin digestion and absorption
C00153	mmu04977	Vitamin digestion and absorption
C00162	mmu04977	Vitamin digestion and absorption
C00187	mmu04977	Vitamin digestion and absorption
C00194	mmu04977	Vitamin digestion and absorption
C00250	mmu04977	Vitamin digestion and absorption
C00255	mmu04977	Vitamin digestion and absorption
C00376	mmu04977	Vitamin digestion and absorption
C00378	mmu04977	Vitamin digestion and absorption
C00422	mmu04977	Vitamin digestion and absorption
C00473	mmu04977	Vitamin digestion and absorption
C00504	mmu04977	Vitamin digestion and absorption
C00534	mmu04977	Vitamin digestion and absorption
C00647	mmu04977	Vitamin digestion and absorption
C00681	mmu04977	Vitamin digestion and absorption
C00828	mmu04977	Vitamin digestion and absorption
C00864	mmu04977	Vitamin digestion and absorption
C01330	mmu04977	Vitamin digestion and absorption
C01558	mmu04977	Vitamin digestion and absorption
C01885	mmu04977	Vitamin digestion and absorption
C02059	mmu04977	Vitamin digestion and absorption
C02075	mmu04977	Vitamin digestion and absorption
C02094	mmu04977	Vitamin digestion and absorption
C02112	mmu04977	Vitamin digestion and absorption
C02477	mmu04977	Vitamin digestion and absorption
C02530	mmu04977	Vitamin digestion and absorption
C02823	mmu04977	Vitamin digestion and absorption
C05377	mmu04977	Vitamin digestion and absorption
C05443	mmu04977	Vitamin digestion and absorption
C05552	mmu04977	Vitamin digestion and absorption
C06453	mmu04977	Vitamin digestion and absorption
C08230	mmu04977	Vitamin digestion and absorption
C12981	mmu04977	Vitamin digestion and absorption
C13202	mmu04977	Vitamin digestion and absorption
C00009	mmu04978	Mineral absorption
C00031	mmu04978	Mineral absorption
C00032	mmu04978	Mineral absorption
C00037	mmu04978	Mineral absorption
C00038	mmu04978	Mineral absorption
C00041	mmu04978	Mineral absorption
C00064	mmu04978	Mineral absorption
C00065	mmu04978	Mineral absorption
C00070	mmu04978	Mineral absorption
C00073	mmu04978	Mineral absorption
C00076	mmu04978	Mineral absorption
C00078	mmu04978	Mineral absorption
C00079	mmu04978	Mineral absorption
C00080	mmu04978	Mineral absorption
C00123	mmu04978	Mineral absorption
C00124	mmu04978	Mineral absorption
C00148	mmu04978	Mineral absorption
C00152	mmu04978	Mineral absorption
C00183	mmu04978	Mineral absorption
C00188	mmu04978	Mineral absorption
C00238	mmu04978	Mineral absorption
C00288	mmu04978	Mineral absorption
C00305	mmu04978	Mineral absorption
C00407	mmu04978	Mineral absorption
C00698	mmu04978	Mineral absorption
C01330	mmu04978	Mineral absorption
C01673	mmu04978	Mineral absorption
C14818	mmu04978	Mineral absorption
C14819	mmu04978	Mineral absorption
C00162	mmu04979	Cholesterol metabolism
C00187	mmu04979	Cholesterol metabolism
C00422	mmu04979	Cholesterol metabolism
C00865	mmu04979	Cholesterol metabolism
C01921	mmu04979	Cholesterol metabolism
C02530	mmu04979	Cholesterol metabolism
C05122	mmu04979	Cholesterol metabolism
C05465	mmu04979	Cholesterol metabolism
C05466	mmu04979	Cholesterol metabolism
C15610	mmu04979	Cholesterol metabolism
C00073	mmu04980	Cobalamin transport and metabolism
C00091	mmu04980	Cobalamin transport and metabolism
C00101	mmu04980	Cobalamin transport and metabolism
C00155	mmu04980	Cobalamin transport and metabolism
C00194	mmu04980	Cobalamin transport and metabolism
C00440	mmu04980	Cobalamin transport and metabolism
C00541	mmu04980	Cobalamin transport and metabolism
C01213	mmu04980	Cobalamin transport and metabolism
C02823	mmu04980	Cobalamin transport and metabolism
C06409	mmu04980	Cobalamin transport and metabolism
C06410	mmu04980	Cobalamin transport and metabolism
C06453	mmu04980	Cobalamin transport and metabolism
C08230	mmu04980	Cobalamin transport and metabolism
C22880	mmu04980	Cobalamin transport and metabolism
C00019	mmu04981	Folate transport and metabolism
C00021	mmu04981	Folate transport and metabolism
C00073	mmu04981	Folate transport and metabolism
C00080	mmu04981	Folate transport and metabolism
C00101	mmu04981	Folate transport and metabolism
C00114	mmu04981	Folate transport and metabolism
C00143	mmu04981	Folate transport and metabolism
C00155	mmu04981	Folate transport and metabolism
C00157	mmu04981	Folate transport and metabolism
C00364	mmu04981	Folate transport and metabolism
C00365	mmu04981	Folate transport and metabolism
C00415	mmu04981	Folate transport and metabolism
C00440	mmu04981	Folate transport and metabolism
C00445	mmu04981	Folate transport and metabolism
C00504	mmu04981	Folate transport and metabolism
C00719	mmu04981	Folate transport and metabolism
C01026	mmu04981	Folate transport and metabolism
C01937	mmu04981	Folate transport and metabolism
C01996	mmu04981	Folate transport and metabolism
C03479	mmu04981	Folate transport and metabolism
C00027	mmu05010	Alzheimer disease
C00038	mmu05010	Alzheimer disease
C00070	mmu05010	Alzheimer disease
C00076	mmu05010	Alzheimer disease
C00533	mmu05010	Alzheimer disease
C00704	mmu05010	Alzheimer disease
C01245	mmu05010	Alzheimer disease
C01319	mmu05010	Alzheimer disease
C04549	mmu05010	Alzheimer disease
C05981	mmu05010	Alzheimer disease
C14818	mmu05010	Alzheimer disease
C16514	mmu05010	Alzheimer disease
C16515	mmu05010	Alzheimer disease
C16845	mmu05010	Alzheimer disease
C19610	mmu05010	Alzheimer disease
C21011	mmu05010	Alzheimer disease
C21012	mmu05010	Alzheimer disease
C21013	mmu05010	Alzheimer disease
C21014	mmu05010	Alzheimer disease
C00002	mmu05012	Parkinson disease
C00007	mmu05012	Parkinson disease
C00008	mmu05012	Parkinson disease
C00009	mmu05012	Parkinson disease
C00013	mmu05012	Parkinson disease
C00020	mmu05012	Parkinson disease
C00027	mmu05012	Parkinson disease
C00034	mmu05012	Parkinson disease
C00076	mmu05012	Parkinson disease
C00082	mmu05012	Parkinson disease
C00165	mmu05012	Parkinson disease
C00212	mmu05012	Parkinson disease
C00355	mmu05012	Parkinson disease
C00575	mmu05012	Parkinson disease
C00704	mmu05012	Parkinson disease
C01245	mmu05012	Parkinson disease
C03758	mmu05012	Parkinson disease
C04043	mmu05012	Parkinson disease
C04599	mmu05012	Parkinson disease
C07593	mmu05012	Parkinson disease
C11310	mmu05012	Parkinson disease
C14701	mmu05012	Parkinson disease
C15231	mmu05012	Parkinson disease
C16844	mmu05012	Parkinson disease
C17755	mmu05012	Parkinson disease
C22381	mmu05012	Parkinson disease
C00001	mmu05014	Amyotrophic lateral sclerosis
C00008	mmu05014	Amyotrophic lateral sclerosis
C00025	mmu05014	Amyotrophic lateral sclerosis
C00027	mmu05014	Amyotrophic lateral sclerosis
C00039	mmu05014	Amyotrophic lateral sclerosis
C00046	mmu05014	Amyotrophic lateral sclerosis
C00062	mmu05014	Amyotrophic lateral sclerosis
C00070	mmu05014	Amyotrophic lateral sclerosis
C00076	mmu05014	Amyotrophic lateral sclerosis
C00533	mmu05014	Amyotrophic lateral sclerosis
C00704	mmu05014	Amyotrophic lateral sclerosis
C04549	mmu05014	Amyotrophic lateral sclerosis
C16844	mmu05014	Amyotrophic lateral sclerosis
C16845	mmu05014	Amyotrophic lateral sclerosis
C00025	mmu05016	Huntington disease
C00076	mmu05016	Huntington disease
C00238	mmu05016	Huntington disease
C01245	mmu05016	Huntington disease
C01330	mmu05016	Huntington disease
C04549	mmu05016	Huntington disease
C00025	mmu05017	Spinocerebellar ataxia
C00076	mmu05017	Spinocerebellar ataxia
C00165	mmu05017	Spinocerebellar ataxia
C00238	mmu05017	Spinocerebellar ataxia
C01245	mmu05017	Spinocerebellar ataxia
C01330	mmu05017	Spinocerebellar ataxia
C04549	mmu05017	Spinocerebellar ataxia
C00027	mmu05020	Prion disease
C00076	mmu05020	Prion disease
C00575	mmu05020	Prion disease
C00704	mmu05020	Prion disease
C02140	mmu05020	Prion disease
C00001	mmu05022	Pathways of neurodegeneration - multiple diseases
C00002	mmu05022	Pathways of neurodegeneration - multiple diseases
C00008	mmu05022	Pathways of neurodegeneration - multiple diseases
C00009	mmu05022	Pathways of neurodegeneration - multiple diseases
C00012	mmu05022	Pathways of neurodegeneration - multiple diseases
C00013	mmu05022	Pathways of neurodegeneration - multiple diseases
C00017	mmu05022	Pathways of neurodegeneration - multiple diseases
C00020	mmu05022	Pathways of neurodegeneration - multiple diseases
C00025	mmu05022	Pathways of neurodegeneration - multiple diseases
C00027	mmu05022	Pathways of neurodegeneration - multiple diseases
C00062	mmu05022	Pathways of neurodegeneration - multiple diseases
C00070	mmu05022	Pathways of neurodegeneration - multiple diseases
C00076	mmu05022	Pathways of neurodegeneration - multiple diseases
C00165	mmu05022	Pathways of neurodegeneration - multiple diseases
C00533	mmu05022	Pathways of neurodegeneration - multiple diseases
C00704	mmu05022	Pathways of neurodegeneration - multiple diseases
C01245	mmu05022	Pathways of neurodegeneration - multiple diseases
C01330	mmu05022	Pathways of neurodegeneration - multiple diseases
C01996	mmu05022	Pathways of neurodegeneration - multiple diseases
C04549	mmu05022	Pathways of neurodegeneration - multiple diseases
C04599	mmu05022	Pathways of neurodegeneration - multiple diseases
C07593	mmu05022	Pathways of neurodegeneration - multiple diseases
C11310	mmu05022	Pathways of neurodegeneration - multiple diseases
C15231	mmu05022	Pathways of neurodegeneration - multiple diseases
C16514	mmu05022	Pathways of neurodegeneration - multiple diseases
C16515	mmu05022	Pathways of neurodegeneration - multiple diseases
C16844	mmu05022	Pathways of neurodegeneration - multiple diseases
C16845	mmu05022	Pathways of neurodegeneration - multiple diseases
C21011	mmu05022	Pathways of neurodegeneration - multiple diseases
C21012	mmu05022	Pathways of neurodegeneration - multiple diseases
C21013	mmu05022	Pathways of neurodegeneration - multiple diseases
C21014	mmu05022	Pathways of neurodegeneration - multiple diseases
C00025	mmu05030	Cocaine addiction
C00027	mmu05030	Cocaine addiction
C00082	mmu05030	Cocaine addiction
C00355	mmu05030	Cocaine addiction
C00575	mmu05030	Cocaine addiction
C01161	mmu05030	Cocaine addiction
C03758	mmu05030	Cocaine addiction
C00025	mmu05031	Amphetamine addiction
C00027	mmu05031	Amphetamine addiction
C00076	mmu05031	Amphetamine addiction
C00082	mmu05031	Amphetamine addiction
C00355	mmu05031	Amphetamine addiction
C00575	mmu05031	Amphetamine addiction
C01161	mmu05031	Amphetamine addiction
C01330	mmu05031	Amphetamine addiction
C03758	mmu05031	Amphetamine addiction
C00020	mmu05032	Morphine addiction
C00076	mmu05032	Morphine addiction
C00212	mmu05032	Morphine addiction
C00238	mmu05032	Morphine addiction
C00334	mmu05032	Morphine addiction
C00575	mmu05032	Morphine addiction
C00698	mmu05032	Morphine addiction
C03758	mmu05032	Morphine addiction
C00025	mmu05033	Nicotine addiction
C00076	mmu05033	Nicotine addiction
C00334	mmu05033	Nicotine addiction
C00698	mmu05033	Nicotine addiction
C00745	mmu05033	Nicotine addiction
C01330	mmu05033	Nicotine addiction
C01996	mmu05033	Nicotine addiction
C00025	mmu05034	Alcoholism
C00027	mmu05034	Alcoholism
C00076	mmu05034	Alcoholism
C00082	mmu05034	Alcoholism
C00212	mmu05034	Alcoholism
C00355	mmu05034	Alcoholism
C00469	mmu05034	Alcoholism
C00575	mmu05034	Alcoholism
C01161	mmu05034	Alcoholism
C03758	mmu05034	Alcoholism
C00338	mmu05132	Salmonella infection
C01194	mmu05132	Salmonella infection
C04549	mmu05132	Salmonella infection
C05981	mmu05132	Salmonella infection
C11554	mmu05132	Salmonella infection
C00002	mmu05133	Pertussis
C00076	mmu05133	Pertussis
C00238	mmu05133	Pertussis
C00253	mmu05133	Pertussis
C00338	mmu05133	Pertussis
C00374	mmu05133	Pertussis
C00575	mmu05133	Pertussis
C05005	mmu05133	Pertussis
C12505	mmu05133	Pertussis
C19596	mmu05133	Pertussis
C00338	mmu05134	Legionellosis
C01277	mmu05134	Legionellosis
C00076	mmu05135	Yersinia infection
C00338	mmu05135	Yersinia infection
C01245	mmu05135	Yersinia infection
C04637	mmu05135	Yersinia infection
C05981	mmu05135	Yersinia infection
C00076	mmu05140	Leishmaniasis
C00195	mmu05140	Leishmaniasis
C00219	mmu05140	Leishmaniasis
C00533	mmu05140	Leishmaniasis
C00584	mmu05140	Leishmaniasis
C02737	mmu05140	Leishmaniasis
C00062	mmu05142	Chagas disease
C00076	mmu05142	Chagas disease
C00533	mmu05142	Chagas disease
C00575	mmu05142	Chagas disease
C01245	mmu05142	Chagas disease
C05981	mmu05142	Chagas disease
C00076	mmu05143	African trypanosomiasis
C00078	mmu05143	African trypanosomiasis
C00165	mmu05143	African trypanosomiasis
C00328	mmu05143	African trypanosomiasis
C00533	mmu05143	African trypanosomiasis
C00584	mmu05143	African trypanosomiasis
C00696	mmu05143	African trypanosomiasis
C01245	mmu05143	African trypanosomiasis
C00533	mmu05144	Malaria
C00634	mmu05144	Malaria
C00076	mmu05145	Toxoplasmosis
C05981	mmu05145	Toxoplasmosis
C06314	mmu05145	Toxoplasmosis
C00027	mmu05146	Amoebiasis
C00062	mmu05146	Amoebiasis
C00076	mmu05146	Amoebiasis
C00165	mmu05146	Amoebiasis
C00219	mmu05146	Amoebiasis
C00533	mmu05146	Amoebiasis
C00575	mmu05146	Amoebiasis
C00584	mmu05146	Amoebiasis
C01074	mmu05146	Amoebiasis
C01245	mmu05146	Amoebiasis
C01498	mmu05146	Amoebiasis
C02737	mmu05146	Amoebiasis
C18287	mmu05146	Amoebiasis
C11596	mmu05150	Staphylococcus aureus infection
C20898	mmu05150	Staphylococcus aureus infection
C00076	mmu05152	Tuberculosis
C00338	mmu05152	Tuberculosis
C01194	mmu05152	Tuberculosis
C01561	mmu05152	Tuberculosis
C01673	mmu05152	Tuberculosis
C04549	mmu05152	Tuberculosis
C06124	mmu05152	Tuberculosis
C19190	mmu05152	Tuberculosis
C21790	mmu05152	Tuberculosis
C05981	mmu05160	Hepatitis C
C20935	mmu05160	Hepatitis C
C00076	mmu05161	Hepatitis B
C05981	mmu05162	Measles
C00076	mmu05163	Human cytomegalovirus infection
C00165	mmu05163	Human cytomegalovirus infection
C00584	mmu05163	Human cytomegalovirus infection
C01245	mmu05163	Human cytomegalovirus infection
C05981	mmu05163	Human cytomegalovirus infection
C20640	mmu05163	Human cytomegalovirus infection
C00027	mmu05164	Influenza A
C00080	mmu05164	Influenza A
C05981	mmu05164	Influenza A
C00575	mmu05165	Human papillomavirus infection
C00584	mmu05165	Human papillomavirus infection
C05981	mmu05165	Human papillomavirus infection
C00027	mmu05166	Human T-cell leukemia virus 1 infection
C00076	mmu05166	Human T-cell leukemia virus 1 infection
C00238	mmu05166	Human T-cell leukemia virus 1 infection
C00575	mmu05166	Human T-cell leukemia virus 1 infection
C05981	mmu05166	Human T-cell leukemia virus 1 infection
C00076	mmu05167	Kaposi sarcoma-associated herpesvirus infection
C00165	mmu05167	Kaposi sarcoma-associated herpesvirus infection
C00350	mmu05167	Kaposi sarcoma-associated herpesvirus infection
C01245	mmu05167	Kaposi sarcoma-associated herpesvirus infection
C05981	mmu05167	Kaposi sarcoma-associated herpesvirus infection
C05981	mmu05168	Herpes simplex virus 1 infection
C20640	mmu05168	Herpes simplex virus 1 infection
C20935	mmu05168	Herpes simplex virus 1 infection
C00076	mmu05169	Epstein-Barr virus infection
C01245	mmu05169	Epstein-Barr virus infection
C05981	mmu05169	Epstein-Barr virus infection
C00076	mmu05170	Human immunodeficiency virus 1 infection
C00165	mmu05170	Human immunodeficiency virus 1 infection
C01245	mmu05170	Human immunodeficiency virus 1 infection
C05981	mmu05170	Human immunodeficiency virus 1 infection
C20640	mmu05170	Human immunodeficiency virus 1 infection
C00027	mmu05171	Coronavirus disease
C00046	mmu05171	Coronavirus disease
C00165	mmu05171	Coronavirus disease
C00290	mmu05171	Coronavirus disease
C00533	mmu05171	Coronavirus disease
C00704	mmu05171	Coronavirus disease
C00873	mmu05171	Coronavirus disease
C02135	mmu05171	Coronavirus disease
C15850	mmu05171	Coronavirus disease
C20640	mmu05171	Coronavirus disease
C00027	mmu05200	Pathways in cancer
C00039	mmu05200	Pathways in cancer
C00076	mmu05200	Pathways in cancer
C00122	mmu05200	Pathways in cancer
C00149	mmu05200	Pathways in cancer
C00165	mmu05200	Pathways in cancer
C00187	mmu05200	Pathways in cancer
C00280	mmu05200	Pathways in cancer
C00410	mmu05200	Pathways in cancer
C00416	mmu05200	Pathways in cancer
C00533	mmu05200	Pathways in cancer
C00535	mmu05200	Pathways in cancer
C00575	mmu05200	Pathways in cancer
C00584	mmu05200	Pathways in cancer
C00681	mmu05200	Pathways in cancer
C00704	mmu05200	Pathways in cancer
C00735	mmu05200	Pathways in cancer
C00762	mmu05200	Pathways in cancer
C00777	mmu05200	Pathways in cancer
C00951	mmu05200	Pathways in cancer
C01227	mmu05200	Pathways in cancer
C01245	mmu05200	Pathways in cancer
C01471	mmu05200	Pathways in cancer
C03917	mmu05200	Pathways in cancer
C05981	mmu05200	Pathways in cancer
C07653	mmu05200	Pathways in cancer
C15493	mmu05200	Pathways in cancer
C16038	mmu05200	Pathways in cancer
C16844	mmu05200	Pathways in cancer
C21641	mmu05200	Pathways in cancer
C21642	mmu05200	Pathways in cancer
C00027	mmu05204	Chemical carcinogenesis - DNA adducts
C03012	mmu05204	Chemical carcinogenesis - DNA adducts
C03621	mmu05204	Chemical carcinogenesis - DNA adducts
C03622	mmu05204	Chemical carcinogenesis - DNA adducts
C06268	mmu05204	Chemical carcinogenesis - DNA adducts
C06547	mmu05204	Chemical carcinogenesis - DNA adducts
C06548	mmu05204	Chemical carcinogenesis - DNA adducts
C06752	mmu05204	Chemical carcinogenesis - DNA adducts
C06754	mmu05204	Chemical carcinogenesis - DNA adducts
C06793	mmu05204	Chemical carcinogenesis - DNA adducts
C06800	mmu05204	Chemical carcinogenesis - DNA adducts
C07122	mmu05204	Chemical carcinogenesis - DNA adducts
C07535	mmu05204	Chemical carcinogenesis - DNA adducts
C07641	mmu05204	Chemical carcinogenesis - DNA adducts
C10998	mmu05204	Chemical carcinogenesis - DNA adducts
C14556	mmu05204	Chemical carcinogenesis - DNA adducts
C14704	mmu05204	Chemical carcinogenesis - DNA adducts
C14783	mmu05204	Chemical carcinogenesis - DNA adducts
C14849	mmu05204	Chemical carcinogenesis - DNA adducts
C14850	mmu05204	Chemical carcinogenesis - DNA adducts
C14851	mmu05204	Chemical carcinogenesis - DNA adducts
C14852	mmu05204	Chemical carcinogenesis - DNA adducts
C14853	mmu05204	Chemical carcinogenesis - DNA adducts
C14854	mmu05204	Chemical carcinogenesis - DNA adducts
C14855	mmu05204	Chemical carcinogenesis - DNA adducts
C14856	mmu05204	Chemical carcinogenesis - DNA adducts
C14874	mmu05204	Chemical carcinogenesis - DNA adducts
C16038	mmu05204	Chemical carcinogenesis - DNA adducts
C16453	mmu05204	Chemical carcinogenesis - DNA adducts
C16844	mmu05204	Chemical carcinogenesis - DNA adducts
C19164	mmu05204	Chemical carcinogenesis - DNA adducts
C19180	mmu05204	Chemical carcinogenesis - DNA adducts
C19255	mmu05204	Chemical carcinogenesis - DNA adducts
C19488	mmu05204	Chemical carcinogenesis - DNA adducts
C19489	mmu05204	Chemical carcinogenesis - DNA adducts
C19490	mmu05204	Chemical carcinogenesis - DNA adducts
C19525	mmu05204	Chemical carcinogenesis - DNA adducts
C19559	mmu05204	Chemical carcinogenesis - DNA adducts
C19561	mmu05204	Chemical carcinogenesis - DNA adducts
C19562	mmu05204	Chemical carcinogenesis - DNA adducts
C19563	mmu05204	Chemical carcinogenesis - DNA adducts
C19564	mmu05204	Chemical carcinogenesis - DNA adducts
C19565	mmu05204	Chemical carcinogenesis - DNA adducts
C19566	mmu05204	Chemical carcinogenesis - DNA adducts
C19567	mmu05204	Chemical carcinogenesis - DNA adducts
C19568	mmu05204	Chemical carcinogenesis - DNA adducts
C19569	mmu05204	Chemical carcinogenesis - DNA adducts
C19574	mmu05204	Chemical carcinogenesis - DNA adducts
C19577	mmu05204	Chemical carcinogenesis - DNA adducts
C19578	mmu05204	Chemical carcinogenesis - DNA adducts
C19579	mmu05204	Chemical carcinogenesis - DNA adducts
C19580	mmu05204	Chemical carcinogenesis - DNA adducts
C19581	mmu05204	Chemical carcinogenesis - DNA adducts
C19582	mmu05204	Chemical carcinogenesis - DNA adducts
C19586	mmu05204	Chemical carcinogenesis - DNA adducts
C19602	mmu05204	Chemical carcinogenesis - DNA adducts
C19603	mmu05204	Chemical carcinogenesis - DNA adducts
C19605	mmu05204	Chemical carcinogenesis - DNA adducts
C19606	mmu05204	Chemical carcinogenesis - DNA adducts
C20280	mmu05204	Chemical carcinogenesis - DNA adducts
C20281	mmu05204	Chemical carcinogenesis - DNA adducts
C20282	mmu05204	Chemical carcinogenesis - DNA adducts
C20283	mmu05204	Chemical carcinogenesis - DNA adducts
C20284	mmu05204	Chemical carcinogenesis - DNA adducts
C20285	mmu05204	Chemical carcinogenesis - DNA adducts
C20286	mmu05204	Chemical carcinogenesis - DNA adducts
C20287	mmu05204	Chemical carcinogenesis - DNA adducts
C20288	mmu05204	Chemical carcinogenesis - DNA adducts
C20289	mmu05204	Chemical carcinogenesis - DNA adducts
C20290	mmu05204	Chemical carcinogenesis - DNA adducts
C20291	mmu05204	Chemical carcinogenesis - DNA adducts
C20293	mmu05204	Chemical carcinogenesis - DNA adducts
C20301	mmu05204	Chemical carcinogenesis - DNA adducts
C20302	mmu05204	Chemical carcinogenesis - DNA adducts
C20303	mmu05204	Chemical carcinogenesis - DNA adducts
C20304	mmu05204	Chemical carcinogenesis - DNA adducts
C20305	mmu05204	Chemical carcinogenesis - DNA adducts
C20306	mmu05204	Chemical carcinogenesis - DNA adducts
C00426	mmu05205	Proteoglycans in cancer
C00573	mmu05205	Proteoglycans in cancer
C00607	mmu05205	Proteoglycans in cancer
C00925	mmu05205	Proteoglycans in cancer
C00076	mmu05207	Chemical carcinogenesis - receptor activation
C00410	mmu05207	Chemical carcinogenesis - receptor activation
C00547	mmu05207	Chemical carcinogenesis - receptor activation
C00575	mmu05207	Chemical carcinogenesis - receptor activation
C00745	mmu05207	Chemical carcinogenesis - receptor activation
C00780	mmu05207	Chemical carcinogenesis - receptor activation
C00788	mmu05207	Chemical carcinogenesis - receptor activation
C00951	mmu05207	Chemical carcinogenesis - receptor activation
C03690	mmu05207	Chemical carcinogenesis - receptor activation
C04623	mmu05207	Chemical carcinogenesis - receptor activation
C05981	mmu05207	Chemical carcinogenesis - receptor activation
C06697	mmu05207	Chemical carcinogenesis - receptor activation
C06790	mmu05207	Chemical carcinogenesis - receptor activation
C06916	mmu05207	Chemical carcinogenesis - receptor activation
C07020	mmu05207	Chemical carcinogenesis - receptor activation
C07434	mmu05207	Chemical carcinogenesis - receptor activation
C07535	mmu05207	Chemical carcinogenesis - receptor activation
C07557	mmu05207	Chemical carcinogenesis - receptor activation
C08150	mmu05207	Chemical carcinogenesis - receptor activation
C11042	mmu05207	Chemical carcinogenesis - receptor activation
C11150	mmu05207	Chemical carcinogenesis - receptor activation
C11371	mmu05207	Chemical carcinogenesis - receptor activation
C11906	mmu05207	Chemical carcinogenesis - receptor activation
C13624	mmu05207	Chemical carcinogenesis - receptor activation
C14240	mmu05207	Chemical carcinogenesis - receptor activation
C14573	mmu05207	Chemical carcinogenesis - receptor activation
C15995	mmu05207	Chemical carcinogenesis - receptor activation
C16452	mmu05207	Chemical carcinogenesis - receptor activation
C16453	mmu05207	Chemical carcinogenesis - receptor activation
C00001	mmu05208	Chemical carcinogenesis - reactive oxygen species
C00003	mmu05208	Chemical carcinogenesis - reactive oxygen species
C00005	mmu05208	Chemical carcinogenesis - reactive oxygen species
C00006	mmu05208	Chemical carcinogenesis - reactive oxygen species
C00007	mmu05208	Chemical carcinogenesis - reactive oxygen species
C00019	mmu05208	Chemical carcinogenesis - reactive oxygen species
C00021	mmu05208	Chemical carcinogenesis - reactive oxygen species
C00023	mmu05208	Chemical carcinogenesis - reactive oxygen species
C00027	mmu05208	Chemical carcinogenesis - reactive oxygen species
C00051	mmu05208	Chemical carcinogenesis - reactive oxygen species
C00070	mmu05208	Chemical carcinogenesis - reactive oxygen species
C00084	mmu05208	Chemical carcinogenesis - reactive oxygen species
C00127	mmu05208	Chemical carcinogenesis - reactive oxygen species
C00146	mmu05208	Chemical carcinogenesis - reactive oxygen species
C00291	mmu05208	Chemical carcinogenesis - reactive oxygen species
C00469	mmu05208	Chemical carcinogenesis - reactive oxygen species
C00472	mmu05208	Chemical carcinogenesis - reactive oxygen species
C00530	mmu05208	Chemical carcinogenesis - reactive oxygen species
C00704	mmu05208	Chemical carcinogenesis - reactive oxygen species
C00951	mmu05208	Chemical carcinogenesis - reactive oxygen species
C01407	mmu05208	Chemical carcinogenesis - reactive oxygen species
C01413	mmu05208	Chemical carcinogenesis - reactive oxygen species
C01782	mmu05208	Chemical carcinogenesis - reactive oxygen species
C02389	mmu05208	Chemical carcinogenesis - reactive oxygen species
C02575	mmu05208	Chemical carcinogenesis - reactive oxygen species
C02814	mmu05208	Chemical carcinogenesis - reactive oxygen species
C03434	mmu05208	Chemical carcinogenesis - reactive oxygen species
C03622	mmu05208	Chemical carcinogenesis - reactive oxygen species
C04623	mmu05208	Chemical carcinogenesis - reactive oxygen species
C05301	mmu05208	Chemical carcinogenesis - reactive oxygen species
C05309	mmu05208	Chemical carcinogenesis - reactive oxygen species
C05981	mmu05208	Chemical carcinogenesis - reactive oxygen species
C06268	mmu05208	Chemical carcinogenesis - reactive oxygen species
C06269	mmu05208	Chemical carcinogenesis - reactive oxygen species
C06696	mmu05208	Chemical carcinogenesis - reactive oxygen species
C07294	mmu05208	Chemical carcinogenesis - reactive oxygen species
C07295	mmu05208	Chemical carcinogenesis - reactive oxygen species
C07308	mmu05208	Chemical carcinogenesis - reactive oxygen species
C07535	mmu05208	Chemical carcinogenesis - reactive oxygen species
C07557	mmu05208	Chemical carcinogenesis - reactive oxygen species
C10998	mmu05208	Chemical carcinogenesis - reactive oxygen species
C14209	mmu05208	Chemical carcinogenesis - reactive oxygen species
C14850	mmu05208	Chemical carcinogenesis - reactive oxygen species
C14852	mmu05208	Chemical carcinogenesis - reactive oxygen species
C16038	mmu05208	Chemical carcinogenesis - reactive oxygen species
C16453	mmu05208	Chemical carcinogenesis - reactive oxygen species
C16844	mmu05208	Chemical carcinogenesis - reactive oxygen species
C18205	mmu05208	Chemical carcinogenesis - reactive oxygen species
C18933	mmu05208	Chemical carcinogenesis - reactive oxygen species
C19171	mmu05208	Chemical carcinogenesis - reactive oxygen species
C20300	mmu05208	Chemical carcinogenesis - reactive oxygen species
C20316	mmu05208	Chemical carcinogenesis - reactive oxygen species
C20319	mmu05208	Chemical carcinogenesis - reactive oxygen species
C22355	mmu05208	Chemical carcinogenesis - reactive oxygen species
C22356	mmu05208	Chemical carcinogenesis - reactive oxygen species
C22357	mmu05208	Chemical carcinogenesis - reactive oxygen species
C22381	mmu05208	Chemical carcinogenesis - reactive oxygen species
C05981	mmu05210	Colorectal cancer
C00007	mmu05211	Renal cell carcinoma
C00122	mmu05211	Renal cell carcinoma
C00149	mmu05211	Renal cell carcinoma
C00416	mmu05212	Pancreatic cancer
C05981	mmu05212	Pancreatic cancer
C05981	mmu05213	Endometrial cancer
C00076	mmu05214	Glioma
C00165	mmu05214	Glioma
C01245	mmu05214	Glioma
C05981	mmu05214	Glioma
C00025	mmu05215	Prostate cancer
C00280	mmu05215	Prostate cancer
C00410	mmu05215	Prostate cancer
C00504	mmu05215	Prostate cancer
C00535	mmu05215	Prostate cancer
C00735	mmu05215	Prostate cancer
C00762	mmu05215	Prostate cancer
C00951	mmu05215	Prostate cancer
C01042	mmu05215	Prostate cancer
C01227	mmu05215	Prostate cancer
C03917	mmu05215	Prostate cancer
C05981	mmu05215	Prostate cancer
C07653	mmu05215	Prostate cancer
C12270	mmu05215	Prostate cancer
C16038	mmu05215	Prostate cancer
C00187	mmu05217	Basal cell carcinoma
C05981	mmu05218	Melanoma
C05981	mmu05220	Chronic myeloid leukemia
C05981	mmu05221	Acute myeloid leukemia
C00777	mmu05222	Small cell lung cancer
C05981	mmu05222	Small cell lung cancer
C15493	mmu05222	Small cell lung cancer
C00076	mmu05223	Non-small cell lung cancer
C00165	mmu05223	Non-small cell lung cancer
C00777	mmu05223	Non-small cell lung cancer
C01245	mmu05223	Non-small cell lung cancer
C05981	mmu05223	Non-small cell lung cancer
C15493	mmu05223	Non-small cell lung cancer
C00410	mmu05224	Breast cancer
C00951	mmu05224	Breast cancer
C05981	mmu05224	Breast cancer
C00027	mmu05225	Hepatocellular carcinoma
C00039	mmu05225	Hepatocellular carcinoma
C00076	mmu05225	Hepatocellular carcinoma
C00165	mmu05225	Hepatocellular carcinoma
C00533	mmu05225	Hepatocellular carcinoma
C00704	mmu05225	Hepatocellular carcinoma
C01245	mmu05225	Hepatocellular carcinoma
C01471	mmu05225	Hepatocellular carcinoma
C05981	mmu05225	Hepatocellular carcinoma
C06793	mmu05225	Hepatocellular carcinoma
C06800	mmu05225	Hepatocellular carcinoma
C16844	mmu05225	Hepatocellular carcinoma
C21641	mmu05225	Hepatocellular carcinoma
C21642	mmu05225	Hepatocellular carcinoma
C00039	mmu05226	Gastric cancer
C00777	mmu05226	Gastric cancer
C05981	mmu05226	Gastric cancer
C15493	mmu05226	Gastric cancer
C00022	mmu05230	Central carbon metabolism in cancer
C00024	mmu05230	Central carbon metabolism in cancer
C00025	mmu05230	Central carbon metabolism in cancer
C00026	mmu05230	Central carbon metabolism in cancer
C00031	mmu05230	Central carbon metabolism in cancer
C00036	mmu05230	Central carbon metabolism in cancer
C00037	mmu05230	Central carbon metabolism in cancer
C00041	mmu05230	Central carbon metabolism in cancer
C00042	mmu05230	Central carbon metabolism in cancer
C00049	mmu05230	Central carbon metabolism in cancer
C00062	mmu05230	Central carbon metabolism in cancer
C00064	mmu05230	Central carbon metabolism in cancer
C00065	mmu05230	Central carbon metabolism in cancer
C00073	mmu05230	Central carbon metabolism in cancer
C00074	mmu05230	Central carbon metabolism in cancer
C00078	mmu05230	Central carbon metabolism in cancer
C00079	mmu05230	Central carbon metabolism in cancer
C00082	mmu05230	Central carbon metabolism in cancer
C00085	mmu05230	Central carbon metabolism in cancer
C00092	mmu05230	Central carbon metabolism in cancer
C00097	mmu05230	Central carbon metabolism in cancer
C00122	mmu05230	Central carbon metabolism in cancer
C00123	mmu05230	Central carbon metabolism in cancer
C00135	mmu05230	Central carbon metabolism in cancer
C00148	mmu05230	Central carbon metabolism in cancer
C00149	mmu05230	Central carbon metabolism in cancer
C00152	mmu05230	Central carbon metabolism in cancer
C00158	mmu05230	Central carbon metabolism in cancer
C00183	mmu05230	Central carbon metabolism in cancer
C00186	mmu05230	Central carbon metabolism in cancer
C00197	mmu05230	Central carbon metabolism in cancer
C00311	mmu05230	Central carbon metabolism in cancer
C00354	mmu05230	Central carbon metabolism in cancer
C00407	mmu05230	Central carbon metabolism in cancer
C00631	mmu05230	Central carbon metabolism in cancer
C00665	mmu05230	Central carbon metabolism in cancer
C00704	mmu05230	Central carbon metabolism in cancer
C00093	mmu05231	Choline metabolism in cancer
C00114	mmu05231	Choline metabolism in cancer
C00157	mmu05231	Choline metabolism in cancer
C00162	mmu05231	Choline metabolism in cancer
C00165	mmu05231	Choline metabolism in cancer
C00307	mmu05231	Choline metabolism in cancer
C00416	mmu05231	Choline metabolism in cancer
C00588	mmu05231	Choline metabolism in cancer
C00670	mmu05231	Choline metabolism in cancer
C04230	mmu05231	Choline metabolism in cancer
C05981	mmu05231	Choline metabolism in cancer
C00076	mmu05235	PD-L1 expression and PD-1 checkpoint pathway in cancer
C00165	mmu05235	PD-L1 expression and PD-1 checkpoint pathway in cancer
C01245	mmu05235	PD-L1 expression and PD-1 checkpoint pathway in cancer
C05981	mmu05235	PD-L1 expression and PD-1 checkpoint pathway in cancer
C00388	mmu05310	Asthma
C00696	mmu05310	Asthma
C02166	mmu05310	Asthma
C04598	mmu05310	Asthma
C05951	mmu05310	Asthma
C01382	mmu05320	Autoimmune thyroid disease
C01829	mmu05320	Autoimmune thyroid disease
C02465	mmu05320	Autoimmune thyroid disease
C00027	mmu05322	Systemic lupus erythematosus
C00434	mmu05322	Systemic lupus erythematosus
C02737	mmu05322	Systemic lupus erythematosus
C00080	mmu05323	Rheumatoid arthritis
C00584	mmu05323	Rheumatoid arthritis
C05443	mmu05323	Rheumatoid arthritis
C00533	mmu05330	Allograft rejection
C00338	mmu05332	Graft-versus-host disease
C00533	mmu05332	Graft-versus-host disease
C00002	mmu05410	Hypertrophic cardiomyopathy
C00076	mmu05410	Hypertrophic cardiomyopathy
C01330	mmu05410	Hypertrophic cardiomyopathy
C00076	mmu05412	Arrhythmogenic right ventricular cardiomyopathy
C01330	mmu05412	Arrhythmogenic right ventricular cardiomyopathy
C00076	mmu05414	Dilated cardiomyopathy
C00575	mmu05414	Dilated cardiomyopathy
C01330	mmu05414	Dilated cardiomyopathy
C00001	mmu05415	Diabetic cardiomyopathy
C00002	mmu05415	Diabetic cardiomyopathy
C00005	mmu05415	Diabetic cardiomyopathy
C00006	mmu05415	Diabetic cardiomyopathy
C00022	mmu05415	Diabetic cardiomyopathy
C00024	mmu05415	Diabetic cardiomyopathy
C00027	mmu05415	Diabetic cardiomyopathy
C00031	mmu05415	Diabetic cardiomyopathy
C00043	mmu05415	Diabetic cardiomyopathy
C00051	mmu05415	Diabetic cardiomyopathy
C00076	mmu05415	Diabetic cardiomyopathy
C00085	mmu05415	Diabetic cardiomyopathy
C00092	mmu05415	Diabetic cardiomyopathy
C00095	mmu05415	Diabetic cardiomyopathy
C00118	mmu05415	Diabetic cardiomyopathy
C00127	mmu05415	Diabetic cardiomyopathy
C00162	mmu05415	Diabetic cardiomyopathy
C00165	mmu05415	Diabetic cardiomyopathy
C00195	mmu05415	Diabetic cardiomyopathy
C00236	mmu05415	Diabetic cardiomyopathy
C00318	mmu05415	Diabetic cardiomyopathy
C00352	mmu05415	Diabetic cardiomyopathy
C00369	mmu05415	Diabetic cardiomyopathy
C00533	mmu05415	Diabetic cardiomyopathy
C00546	mmu05415	Diabetic cardiomyopathy
C00704	mmu05415	Diabetic cardiomyopathy
C00794	mmu05415	Diabetic cardiomyopathy
C00873	mmu05415	Diabetic cardiomyopathy
C02135	mmu05415	Diabetic cardiomyopathy
C02843	mmu05415	Diabetic cardiomyopathy
C05981	mmu05415	Diabetic cardiomyopathy
C06156	mmu05415	Diabetic cardiomyopathy
C16844	mmu05415	Diabetic cardiomyopathy
C21011	mmu05415	Diabetic cardiomyopathy
C21012	mmu05415	Diabetic cardiomyopathy
C21013	mmu05415	Diabetic cardiomyopathy
C21014	mmu05415	Diabetic cardiomyopathy
C22310	mmu05415	Diabetic cardiomyopathy
C22311	mmu05415	Diabetic cardiomyopathy
C00027	mmu05417	Lipid and atherosclerosis
C00076	mmu05417	Lipid and atherosclerosis
C00187	mmu05417	Lipid and atherosclerosis
C00338	mmu05417	Lipid and atherosclerosis
C00422	mmu05417	Lipid and atherosclerosis
C00704	mmu05417	Lipid and atherosclerosis
C00865	mmu05417	Lipid and atherosclerosis
C01245	mmu05417	Lipid and atherosclerosis
C02530	mmu05417	Lipid and atherosclerosis
C05981	mmu05417	Lipid and atherosclerosis
C21011	mmu05417	Lipid and atherosclerosis
C21012	mmu05417	Lipid and atherosclerosis
C21013	mmu05417	Lipid and atherosclerosis
C21014	mmu05417	Lipid and atherosclerosis
C00076	mmu05418	Fluid shear stress and atherosclerosis
C00272	mmu05418	Fluid shear stress and atherosclerosis
C00518	mmu05418	Fluid shear stress and atherosclerosis
C00533	mmu05418	Fluid shear stress and atherosclerosis
C00607	mmu05418	Fluid shear stress and atherosclerosis
C00704	mmu05418	Fluid shear stress and atherosclerosis
C00925	mmu05418	Fluid shear stress and atherosclerosis
C16845	mmu05418	Fluid shear stress and atherosclerosis
